,competition_id,competition_name,competition_season,competition_round,fixture_id,fixture_date,fixture_venue_id,fixture_venue_name,fixture_venue_city,home_team_id,home_team_name,home_team_h1_goals,home_team_h2_goals,home_team_ft_goals,away_team_id,away_team_name,away_team_h1_goals,away_team_h2_goals,away_team_ft_goals
0,13,CONMEBOL Libertadores,2019,2nd Round,241325,2019-02-05T21:15:00+00:00,,Jardines del Hipódromo,Montevideo,2352,Danubio,1,1,2,1062,Atletico-MG,1,1,2
1,13,CONMEBOL Libertadores,2019,2nd Round,241326,2019-02-12T21:15:00+00:00,,Arena Independência,Belo Horizonte,1062,Atletico-MG,3,0,3,2352,Danubio,1,1,2
2,13,CONMEBOL Libertadores,2019,2nd Round,241327,2019-02-05T23:30:00+00:00,,Estadio Monumental de la UNSA,Arequipa,2554,FBC Melgar,0,1,1,2323,Universidad de Chile,0,0,0
3,13,CONMEBOL Libertadores,2019,2nd Round,241328,2019-02-13T21:15:00+00:00,,Estadio Nacional de Chile,Santiago,2323,Universidad de Chile,0,0,0,2554,FBC Melgar,0,0,0
4,13,CONMEBOL Libertadores,2019,2nd Round,241329,2019-02-05T23:30:00+00:00,,Estadio Hernando Siles,La Paz,3711,The Strongest,0,1,1,1179,Libertad Asuncion,0,1,1
5,13,CONMEBOL Libertadores,2019,2nd Round,241330,2019-02-13T21:15:00+00:00,,Dr. Nicolás Leoz,Asuncion,1179,Libertad Asuncion,1,4,5,3711,The Strongest,1,0,1
6,13,CONMEBOL Libertadores,2019,2nd Round,241331,2019-02-06T21:15:00+00:00,,Estadio Luis Franzini,Montevideo,2350,Defensor Sporting,0,1,1,1152,Barcelona SC,0,2,2
7,13,CONMEBOL Libertadores,2019,2nd Round,241332,2019-02-12T23:30:00+00:00,,Monumental Isidro Romero Carbo,Guayaquil,1152,Barcelona SC,1,0,1,2350,Defensor Sporting,0,0,0
8,13,CONMEBOL Libertadores,2019,2nd Round,241333,2019-02-06T21:15:00+00:00,,Estadio Jocay,Manta,1149,Delfin SC,1,0,1,2808,Caracas FC,1,0,1
9,13,CONMEBOL Libertadores,2019,2nd Round,241334,2019-02-13T23:30:00+00:00,,Estadio Olimpico de la UCV,Caracas,2808,Caracas FC,0,0,0,1149,Delfin SC,0,0,0
10,13,CONMEBOL Libertadores,2019,2nd Round,241335,2019-02-06T23:30:00+00:00,,Estadio Municipal de La Cisterna,Santiago,2318,Palestino,0,1,1,1128,Independiente Medellin,0,1,1
11,13,CONMEBOL Libertadores,2019,2nd Round,241337,2019-02-06T23:30:00+00:00,,Mario Alberto Kempes,Cordoba,456,Talleres Cordoba,0,2,2,126,Sao Paulo,0,0,0
12,13,CONMEBOL Libertadores,2019,2nd Round,241338,2019-02-13T23:30:00+00:00,,Morumbi,Sao Paulo,126,Sao Paulo,0,0,0,456,Talleres Cordoba,0,0,0
13,13,CONMEBOL Libertadores,2019,2nd Round,241339,2019-02-07T23:30:00+00:00,,Estadio Olimpico de la UCV,Caracas,2813,Real Esppor Club,0,0,0,1137,Atletico Nacional,0,1,1
14,13,CONMEBOL Libertadores,2019,1st Round,241341,2019-01-22T23:30:00+00:00,,Estadio Jocay,Manta,1149,Delfin SC,2,1,3,1175,Nacional Asuncion,0,0,0
15,13,CONMEBOL Libertadores,2019,1st Round,241342,2019-01-30T21:15:00+00:00,,Estádio Arsenio Erico,Asuncion,1175,Nacional Asuncion,1,0,1,1149,Delfin SC,2,0,2
16,13,CONMEBOL Libertadores,2019,1st Round,241343,2019-01-23T23:30:00+00:00,,Estadio Olimpico de la UCV,Caracas,2813,Real Esppor Club,0,1,1,2547,Real Garcilaso,0,0,0
17,13,CONMEBOL Libertadores,2019,1st Round,241344,2019-01-29T23:30:00+00:00,,Estadio Inca Garcilaso de la Vega,Cusco,2547,Real Garcilaso,1,1,2,2813,Real Esppor Club,0,1,1
18,13,CONMEBOL Libertadores,2019,1st Round,241345,2019-01-23T23:30:00+00:00,,Estadio Hernando Siles,La Paz,3702,Bolívar,0,2,2,2350,Defensor Sporting,1,3,4
19,13,CONMEBOL Libertadores,2019,1st Round,241346,2019-01-30T23:30:00+00:00,,Estadio Luis Franzini,Montevideo,2350,Defensor Sporting,1,1,2,3702,Bolívar,3,0,3
20,13,CONMEBOL Libertadores,2019,Group Stage - 1,241221,2019-03-05T22:15:00+00:00,,Estadio Monumental de la UNSA,Arequipa,2554,FBC Melgar,0,0,0,460,San Lorenzo,0,0,0
21,13,CONMEBOL Libertadores,2019,Group Stage - 1,241222,2019-03-05T22:15:00+00:00,,Estadio Malvinas Argentinas,Mendoza,439,Godoy Cruz,0,0,0,1182,Olimpia,0,0,0
22,13,CONMEBOL Libertadores,2019,Group Stage - 1,241223,2019-03-05T22:15:00+00:00,,Estadio Jesús Bermúdez,Oruro,3710,San José,0,0,0,127,Flamengo,0,1,1
23,13,CONMEBOL Libertadores,2019,Group Stage - 1,241224,2019-03-06T00:30:00+00:00,,Dr. Nicolás Leoz,Asuncion,1179,Libertad Asuncion,2,2,4,2994,U. Catolica,1,0,1
24,13,CONMEBOL Libertadores,2019,Group Stage - 1,241225,2019-03-06T00:30:00+00:00,,Estadio Manuel Murillo Toro,Ibague,1142,Deportes Tolima,1,0,1,134,Atletico Paranaense,0,0,0
25,13,CONMEBOL Libertadores,2019,Group Stage - 1,241226,2019-03-06T00:30:00+00:00,,Felix Capriles,Cochabamba,3705,Jorge Wilstermann,0,0,0,451,Boca Juniors,0,0,0
26,13,CONMEBOL Libertadores,2019,Group Stage - 1,241227,2019-03-06T22:15:00+00:00,,Municipal de La Cisterna,La Cisterna,2318,Palestino,0,0,0,119,Internacional,0,1,1
27,13,CONMEBOL Libertadores,2019,Group Stage - 1,241228,2019-03-06T22:15:00+00:00,,Arena Independência,Belo Horizonte,1062,Atletico-MG,0,0,0,1176,Cerro Porteno,0,1,1
28,13,CONMEBOL Libertadores,2019,Group Stage - 1,241229,2019-03-06T22:15:00+00:00,,Municipal de Collao,Concepcion,2324,Universidad de Concepcion,1,4,5,2546,Sporting Cristal,0,4,4
29,13,CONMEBOL Libertadores,2019,Group Stage - 1,241230,2019-03-07T00:30:00+00:00,,Estadio Alejandro Villanueva,Lima,2553,Alianza Lima,1,0,1,435,River Plate,0,1,1
30,13,CONMEBOL Libertadores,2019,Group Stage - 1,241232,2019-03-07T00:30:00+00:00,,Estadio Metropolitano Roberto Meléndez,Barranquilla,1135,Junior,0,0,0,121,Palmeiras,1,1,2
31,13,CONMEBOL Libertadores,2019,Group Stage - 1,241233,2019-03-07T00:30:00+00:00,,Estadio Dr. Lisandro de la Torre,Rosario,437,Rosario Central,1,0,1,130,Gremio,1,0,1
32,13,CONMEBOL Libertadores,2019,3rd Round,241317,2019-02-20T00:30:00+00:00,,Estadio Monumental de la UNSA,Arequipa,2554,FBC Melgar,1,1,2,2808,Caracas FC,0,0,0
33,13,CONMEBOL Libertadores,2019,3rd Round,241318,2019-02-27T00:30:00+00:00,,Estadio Olimpico de la UCV,Caracas,2808,Caracas FC,1,1,2,2554,FBC Melgar,0,1,1
34,13,CONMEBOL Libertadores,2019,3rd Round,241319,2019-02-20T22:15:00+00:00,,Mario Alberto Kempes,Cordoba,456,Talleres Cordoba,2,0,2,2318,Palestino,1,1,2
35,13,CONMEBOL Libertadores,2019,3rd Round,241320,2019-02-27T22:15:00+00:00,,San Carlos de Apoquindo,Santiago,2318,Palestino,0,2,2,456,Talleres Cordoba,1,0,1
36,13,CONMEBOL Libertadores,2019,3rd Round,241321,2019-02-21T00:30:00+00:00,,Estadio Luis Franzini,Montevideo,2350,Defensor Sporting,0,0,0,1062,Atletico-MG,1,1,2
37,13,CONMEBOL Libertadores,2019,3rd Round,241322,2019-02-28T00:30:00+00:00,,Arena Independência,Belo Horizonte,1062,Atletico-MG,0,0,0,2350,Defensor Sporting,0,0,0
38,13,CONMEBOL Libertadores,2019,3rd Round,241323,2019-02-22T00:30:00+00:00,,Dr. Nicolás Leoz,Asuncion,1179,Libertad Asuncion,0,1,1,1137,Atletico Nacional,0,0,0
39,13,CONMEBOL Libertadores,2019,2nd Round,241340,2019-02-14T23:30:00+00:00,,Estadio Atanasio Girardot,Medellin,1137,Atletico Nacional,0,0,0,2813,Real Esppor Club,0,0,0
40,13,CONMEBOL Libertadores,2019,Group Stage - 1,241231,2019-03-07T00:30:00+00:00,,Agustín Tovar,Barinas,2806,Zamora FC,0,0,0,2356,Club Nacional,1,0,1
41,13,CONMEBOL Libertadores,2019,Group Stage - 1,241234,2019-03-07T22:00:00+00:00,,Estadio Tomas Adolfo Duco,Buenos Aires,445,Huracan,0,0,0,135,Cruzeiro,1,0,1
42,13,CONMEBOL Libertadores,2019,Group Stage - 1,241235,2019-03-08T00:00:00+00:00,,Estadio Rodrigo Paz Delgado,Quito,1158,LDU de Quito,1,1,2,2348,Penarol,0,0,0
43,13,CONMEBOL Libertadores,2019,Group Stage - 1,241236,2019-03-08T19:00:00+00:00,,Estadio Metropolitano de Barquisimeto,Barquisimeto,2812,Deportivo Lara,0,0,0,1148,Emelec,0,0,0
44,13,CONMEBOL Libertadores,2019,Group Stage - 2,241237,2019-03-12T22:15:00+00:00,,Allianz Parque,Sao Paulo,121,Palmeiras,1,2,3,2554,FBC Melgar,0,0,0
45,13,CONMEBOL Libertadores,2019,Group Stage - 2,241238,2019-03-12T22:15:00+00:00,,Manuel Ferreira,Asuncion,1182,Olimpia,1,0,1,2324,Universidad de Concepcion,1,0,1
46,13,CONMEBOL Libertadores,2019,Group Stage - 2,241239,2019-03-12T22:15:00+00:00,,Alberto J. Armando,Buenos Aires,451,Boca Juniors,0,3,3,1142,Deportes Tolima,0,0,0
47,13,CONMEBOL Libertadores,2019,Group Stage - 2,241240,2019-03-13T00:30:00+00:00,,Gran Parque Central,Montevideo,2356,Club Nacional,0,1,1,1062,Atletico-MG,0,0,0
48,13,CONMEBOL Libertadores,2019,Group Stage - 2,241241,2019-03-13T00:30:00+00:00,,Arena do Grêmio,Porto Alegre,130,Gremio,0,0,0,1179,Libertad Asuncion,1,0,1
49,13,CONMEBOL Libertadores,2019,Group Stage - 2,241242,2019-03-13T00:30:00+00:00,,Estadio Nacional,Lima,2546,Sporting Cristal,1,0,1,439,Godoy Cruz,1,0,1
50,13,CONMEBOL Libertadores,2019,Group Stage - 2,241243,2019-03-13T22:15:00+00:00,,La Nueva Olla Monumental,Asuncion,1176,Cerro Porteno,1,1,2,2806,Zamora FC,0,1,1
51,13,CONMEBOL Libertadores,2019,Group Stage - 2,241244,2019-03-13T22:15:00+00:00,,Estadio Pedro Bidegain,Flores,460,San Lorenzo,0,1,1,1135,Junior,0,0,0
52,13,CONMEBOL Libertadores,2019,Group Stage - 2,241245,2019-03-14T00:30:00+00:00,,Estádio Beira Rio,Porto Alegre,119,Internacional,2,0,2,2553,Alianza Lima,0,0,0
53,13,CONMEBOL Libertadores,2019,Group Stage - 2,241246,2019-03-14T00:30:00+00:00,,El Monumental,Buenos Aires,435,River Plate,0,0,0,2318,Palestino,0,0,0
54,13,CONMEBOL Libertadores,2019,Group Stage - 2,241247,2019-03-14T00:30:00+00:00,,San Carlos de Apoquindo,Santiago,2994,U. Catolica,1,1,2,437,Rosario Central,0,1,1
55,13,CONMEBOL Libertadores,2019,Group Stage - 2,241248,2019-03-14T00:30:00+00:00,,Estádio do Maracanã,Rio de Janeiro,127,Flamengo,1,2,3,1158,LDU de Quito,0,1,1
56,13,CONMEBOL Libertadores,2019,Group Stage - 2,241249,2019-03-14T22:00:00+00:00,,Campeón del Siglo,Montevideo,2348,Penarol,3,1,4,3710,San José,0,0,0
57,13,CONMEBOL Libertadores,2019,Group Stage - 2,241250,2019-03-15T00:00:00+00:00,,Arena da Baixada,Curitiba,134,Atletico Paranaense,2,2,4,3705,Jorge Wilstermann,0,0,0
58,13,CONMEBOL Libertadores,2019,Group Stage - 2,241251,2019-03-15T02:00:00+00:00,,Estadio George Capwell,Guayaquil,1148,Emelec,0,0,0,445,Huracan,0,0,0
59,13,CONMEBOL Libertadores,2019,Group Stage - 2,241252,2019-03-28T00:30:00+00:00,,Estádio Mineirão,Belo Horizonte,135,Cruzeiro,1,1,2,2812,Deportivo Lara,0,0,0
60,13,CONMEBOL Libertadores,2019,Group Stage - 3,241253,2019-04-02T22:15:00+00:00,,La Nueva Olla Monumental,Asuncion,1176,Cerro Porteno,1,0,1,2356,Club Nacional,0,0,0
61,13,CONMEBOL Libertadores,2019,Group Stage - 3,241254,2019-04-02T22:15:00+00:00,,Estadio Pedro Bidegain,Flores,460,San Lorenzo,0,1,1,121,Palmeiras,0,0,0
62,13,CONMEBOL Libertadores,2019,Group Stage - 3,241255,2019-04-02T22:15:00+00:00,,Estadio Jesús Bermúdez,Oruro,3710,San José,1,2,3,1158,LDU de Quito,2,1,3
63,13,CONMEBOL Libertadores,2019,Group Stage - 3,241256,2019-04-03T00:30:00+00:00,,Municipal de La Cisterna,La Cisterna,2318,Palestino,1,2,3,2553,Alianza Lima,0,0,0
64,13,CONMEBOL Libertadores,2019,Group Stage - 3,241257,2019-04-03T00:30:00+00:00,,Estadio Monumental de la UNSA,Arequipa,2554,FBC Melgar,0,1,1,1135,Junior,0,0,0
65,13,CONMEBOL Libertadores,2019,Group Stage - 3,241258,2019-04-03T00:30:00+00:00,,Arena da Baixada,Curitiba,134,Atletico Paranaense,1,2,3,451,Boca Juniors,0,0,0
66,13,CONMEBOL Libertadores,2019,Group Stage - 3,241259,2019-04-03T22:15:00+00:00,,Estádio Beira Rio,Porto Alegre,119,Internacional,2,0,2,435,River Plate,1,1,2
67,13,CONMEBOL Libertadores,2019,Group Stage - 3,241260,2019-04-03T22:15:00+00:00,,Arena Independência,Belo Horizonte,1062,Atletico-MG,0,3,3,2806,Zamora FC,2,0,2
68,13,CONMEBOL Libertadores,2019,Group Stage - 3,241261,2019-04-03T22:15:00+00:00,,Municipal de Collao,Concepcion,2324,Universidad de Concepcion,0,0,0,439,Godoy Cruz,0,0,0
69,13,CONMEBOL Libertadores,2019,Group Stage - 3,241262,2019-04-04T00:30:00+00:00,,Estadio George Capwell,Guayaquil,1148,Emelec,0,0,0,135,Cruzeiro,1,0,1
70,13,CONMEBOL Libertadores,2019,Group Stage - 3,241263,2019-04-04T00:30:00+00:00,,Estadio Metropolitano de Barquisimeto,Barquisimeto,2812,Deportivo Lara,2,0,2,445,Huracan,0,1,1
71,13,CONMEBOL Libertadores,2019,Group Stage - 3,241264,2019-04-04T00:30:00+00:00,,Estádio do Maracanã,Rio de Janeiro,127,Flamengo,0,0,0,2348,Penarol,0,1,1
72,13,CONMEBOL Libertadores,2019,Group Stage - 3,241265,2019-04-04T00:30:00+00:00,,Estadio Manuel Murillo Toro,Ibague,1142,Deportes Tolima,1,1,2,3705,Jorge Wilstermann,0,2,2
73,13,CONMEBOL Libertadores,2019,Group Stage - 3,241266,2019-04-04T22:00:00+00:00,,San Carlos de Apoquindo,Santiago,2994,U. Catolica,1,0,1,130,Gremio,0,0,0
74,13,CONMEBOL Libertadores,2019,Group Stage - 3,241267,2019-04-05T00:00:00+00:00,,Dr. Nicolás Leoz,Asuncion,1179,Libertad Asuncion,0,2,2,437,Rosario Central,0,0,0
75,13,CONMEBOL Libertadores,2019,Group Stage - 3,241268,2019-04-05T02:00:00+00:00,,Estadio Nacional,Lima,2546,Sporting Cristal,0,0,0,1182,Olimpia,0,3,3
76,13,CONMEBOL Libertadores,2019,Group Stage - 4,241269,2019-04-09T22:15:00+00:00,,Estadio Defensores del Chaco,Asuncion,1182,Olimpia,2,0,2,439,Godoy Cruz,0,1,1
77,13,CONMEBOL Libertadores,2019,Group Stage - 4,241270,2019-04-09T22:15:00+00:00,,Arena da Baixada,Curitiba,134,Atletico Paranaense,0,1,1,1142,Deportes Tolima,0,0,0
78,13,CONMEBOL Libertadores,2019,Group Stage - 4,241271,2019-04-10T00:30:00+00:00,,Estádio Beira Rio,Porto Alegre,119,Internacional,2,1,3,2318,Palestino,1,1,2
79,13,CONMEBOL Libertadores,2019,Group Stage - 4,241272,2019-04-10T00:30:00+00:00,,Estadio Pedro Bidegain,Flores,460,San Lorenzo,1,1,2,2554,FBC Melgar,0,0,0
80,13,CONMEBOL Libertadores,2019,Group Stage - 4,241273,2019-04-10T00:30:00+00:00,,Campeón del Siglo,Montevideo,2348,Penarol,0,1,1,1158,LDU de Quito,0,0,0
81,13,CONMEBOL Libertadores,2019,Group Stage - 4,241274,2019-04-10T22:15:00+00:00,,La Nueva Olla Monumental,Asuncion,1176,Cerro Porteno,4,0,4,1062,Atletico-MG,1,0,1
82,13,CONMEBOL Libertadores,2019,Group Stage - 4,241275,2019-04-10T22:15:00+00:00,,Gran Parque Central,Montevideo,2356,Club Nacional,0,1,1,2806,Zamora FC,0,0,0
83,13,CONMEBOL Libertadores,2019,Group Stage - 4,241276,2019-04-10T22:15:00+00:00,,Estádio Mineirão,Belo Horizonte,135,Cruzeiro,3,1,4,445,Huracan,0,0,0
84,13,CONMEBOL Libertadores,2019,Group Stage - 4,241277,2019-04-10T22:15:00+00:00,,Estadio Nacional,Lima,2546,Sporting Cristal,2,0,2,2324,Universidad de Concepcion,0,0,0
85,13,CONMEBOL Libertadores,2019,Group Stage - 4,241278,2019-04-11T00:30:00+00:00,,Allianz Parque,Sao Paulo,121,Palmeiras,1,2,3,1135,Junior,0,0,0
86,13,CONMEBOL Libertadores,2019,Group Stage - 4,241279,2019-04-11T00:30:00+00:00,,San Carlos de Apoquindo,Santiago,2994,U. Catolica,1,1,2,1179,Libertad Asuncion,2,1,3
87,13,CONMEBOL Libertadores,2019,Group Stage - 4,241280,2019-04-11T00:30:00+00:00,,Arena do Grêmio,Porto Alegre,130,Gremio,1,2,3,437,Rosario Central,0,1,1
88,13,CONMEBOL Libertadores,2019,Group Stage - 4,241281,2019-04-11T00:30:00+00:00,,Alberto J. Armando,Buenos Aires,451,Boca Juniors,1,3,4,3705,Jorge Wilstermann,0,0,0
89,13,CONMEBOL Libertadores,2019,Group Stage - 4,241282,2019-04-11T22:00:00+00:00,,El Monumental,Buenos Aires,435,River Plate,1,2,3,2553,Alianza Lima,0,0,0
90,13,CONMEBOL Libertadores,2019,Group Stage - 4,241283,2019-04-12T00:00:00+00:00,,Estádio do Maracanã,Rio de Janeiro,127,Flamengo,2,4,6,3710,San José,1,0,1
91,13,CONMEBOL Libertadores,2019,Group Stage - 4,241284,2019-04-12T02:00:00+00:00,,Estadio George Capwell,Guayaquil,1148,Emelec,0,2,2,2812,Deportivo Lara,0,2,2
92,13,CONMEBOL Libertadores,2019,Group Stage - 5,241285,2019-04-23T20:00:00+00:00,,Estadio Metropolitano de Barquisimeto,Barquisimeto,2812,Deportivo Lara,0,0,0,135,Cruzeiro,1,1,2
93,13,CONMEBOL Libertadores,2019,Group Stage - 5,241286,2019-04-23T22:15:00+00:00,,Estadio Defensores del Chaco,Asuncion,1179,Libertad Asuncion,0,0,0,130,Gremio,1,1,2
94,13,CONMEBOL Libertadores,2019,Group Stage - 5,241287,2019-04-23T22:15:00+00:00,,Estadio Tomas Adolfo Duco,Buenos Aires,445,Huracan,0,1,1,1148,Emelec,1,1,2
95,13,CONMEBOL Libertadores,2019,Group Stage - 5,241288,2019-04-23T22:15:00+00:00,,Municipal de Collao,Concepcion,2324,Universidad de Concepcion,2,1,3,1182,Olimpia,0,3,3
96,13,CONMEBOL Libertadores,2019,Group Stage - 5,241289,2019-04-24T00:30:00+00:00,,Estádio Mineirão,Belo Horizonte,1062,Atletico-MG,0,0,0,2356,Club Nacional,0,1,1
97,13,CONMEBOL Libertadores,2019,Group Stage - 5,241290,2019-04-24T00:30:00+00:00,,Estadio Malvinas Argentinas,Mendoza,439,Godoy Cruz,1,1,2,2546,Sporting Cristal,0,0,0
98,13,CONMEBOL Libertadores,2019,Group Stage - 5,241291,2019-04-24T22:15:00+00:00,,San Carlos de Apoquindo,Santiago,2318,Palestino,0,0,0,435,River Plate,1,1,2
99,13,CONMEBOL Libertadores,2019,Group Stage - 5,241292,2019-04-24T22:15:00+00:00,,Estadio Dr. Lisandro de la Torre,Rosario,437,Rosario Central,0,1,1,2994,U. Catolica,1,0,1
100,13,CONMEBOL Libertadores,2019,Group Stage - 5,241293,2019-04-24T22:15:00+00:00,,Felix Capriles,Cochabamba,3705,Jorge Wilstermann,1,2,3,134,Atletico Paranaense,1,1,2
101,13,CONMEBOL Libertadores,2019,Group Stage - 5,241294,2019-04-25T00:30:00+00:00,,Estadio Nacional,Lima,2553,Alianza Lima,0,0,0,119,Internacional,0,1,1
102,13,CONMEBOL Libertadores,2019,Group Stage - 5,241295,2019-04-25T00:30:00+00:00,,Estadio Rodrigo Paz Delgado,Quito,1158,LDU de Quito,1,1,2,127,Flamengo,1,0,1
103,13,CONMEBOL Libertadores,2019,Group Stage - 5,241296,2019-04-25T00:30:00+00:00,,Estadio Jesús Bermúdez,Oruro,3710,San José,0,3,3,2348,Penarol,0,1,1
104,13,CONMEBOL Libertadores,2019,Group Stage - 5,241297,2019-04-25T00:30:00+00:00,,Estadio Manuel Murillo Toro,Ibague,1142,Deportes Tolima,2,0,2,451,Boca Juniors,2,0,2
105,13,CONMEBOL Libertadores,2019,Group Stage - 5,241298,2019-04-25T20:00:00+00:00,,Agustín Tovar,Barinas,2806,Zamora FC,1,1,2,1176,Cerro Porteno,0,1,1
106,13,CONMEBOL Libertadores,2019,Group Stage - 5,241299,2019-04-26T00:00:00+00:00,,Estadio Metropolitano Roberto Meléndez,Barranquilla,1135,Junior,1,0,1,460,San Lorenzo,0,0,0
107,13,CONMEBOL Libertadores,2019,Group Stage - 5,241300,2019-04-26T02:00:00+00:00,,Estadio Monumental de la UNSA,Arequipa,2554,FBC Melgar,0,0,0,121,Palmeiras,2,2,4
108,13,CONMEBOL Libertadores,2019,Group Stage - 6,241301,2019-05-07T22:15:00+00:00,,Gran Parque Central,Montevideo,2356,Club Nacional,0,1,1,1176,Cerro Porteno,1,0,1
109,13,CONMEBOL Libertadores,2019,Group Stage - 6,241302,2019-05-07T22:15:00+00:00,,Agustín Tovar,Barinas,2806,Zamora FC,0,1,1,1062,Atletico-MG,2,0,2
110,13,CONMEBOL Libertadores,2019,Group Stage - 6,241303,2019-05-08T00:30:00+00:00,,"Estadio Monumental Antonio Vespucio Liberti (Capital Federal, Ciudad de Buenos Aires)",,435,River Plate,1,1,2,119,Internacional,1,1,2
111,13,CONMEBOL Libertadores,2019,Group Stage - 6,241304,2019-05-08T00:30:00+00:00,,Estadio Alejandro Villanueva (Lima),,2553,Alianza Lima,1,0,1,2318,Palestino,1,1,2
112,13,CONMEBOL Libertadores,2019,Group Stage - 6,241305,2019-05-08T22:15:00+00:00,,Arena do Grêmio,Porto Alegre,130,Gremio,1,1,2,2994,U. Catolica,0,0,0
113,13,CONMEBOL Libertadores,2019,Group Stage - 6,241306,2019-05-08T22:15:00+00:00,,Estadio Dr. Lisandro de la Torre,Rosario,437,Rosario Central,1,1,2,1179,Libertad Asuncion,0,1,1
114,13,CONMEBOL Libertadores,2019,Group Stage - 6,241307,2019-05-08T22:15:00+00:00,,Estádio Mineirão,Belo Horizonte,135,Cruzeiro,0,1,1,1148,Emelec,1,1,2
115,13,CONMEBOL Libertadores,2019,Group Stage - 6,241308,2019-05-08T22:15:00+00:00,,Estadio Tomas Adolfo Duco,Buenos Aires,445,Huracan,2,1,3,2812,Deportivo Lara,0,0,0
116,13,CONMEBOL Libertadores,2019,Group Stage - 6,241309,2019-05-09T00:30:00+00:00,,Allianz Parque,Sao Paulo,121,Palmeiras,0,1,1,460,San Lorenzo,0,0,0
117,13,CONMEBOL Libertadores,2019,Group Stage - 6,241310,2019-05-09T00:30:00+00:00,,Estadio Metropolitano Roberto Meléndez,Barranquilla,1135,Junior,0,0,0,2554,FBC Melgar,1,0,1
118,13,CONMEBOL Libertadores,2019,Group Stage - 6,241311,2019-05-09T00:30:00+00:00,,Campeón del Siglo,Montevideo,2348,Penarol,0,0,0,127,Flamengo,0,0,0
119,13,CONMEBOL Libertadores,2019,Group Stage - 6,241312,2019-05-09T00:30:00+00:00,,Estadio Rodrigo Paz Delgado,Quito,1158,LDU de Quito,0,4,4,3710,San José,0,0,0
120,13,CONMEBOL Libertadores,2019,Quarter-finals,241197,2019-08-21T00:30:00+00:00,,"Arena do Grêmio (Porto Alegre, Rio Grande do Sul)",,130,Gremio,0,0,0,121,Palmeiras,1,0,1
121,13,CONMEBOL Libertadores,2019,Quarter-finals,241199,2019-08-21T22:15:00+00:00,,Estadio Rodrigo Paz Delgado,Quito,1158,LDU de Quito,0,0,0,451,Boca Juniors,1,2,3
122,13,CONMEBOL Libertadores,2019,8th Finals,241205,2019-07-23T22:15:00+00:00,,El Monumental,Buenos Aires,435,River Plate,0,0,0,135,Cruzeiro,0,0,0
123,13,CONMEBOL Libertadores,2019,8th Finals,241207,2019-07-24T00:30:00+00:00,,Estadio Malvinas Argentinas,Mendoza,439,Godoy Cruz,2,0,2,121,Palmeiras,1,1,2
124,13,CONMEBOL Libertadores,2019,8th Finals,241208,2019-07-31T00:30:00+00:00,,"Allianz Parque (São Paulo, São Paulo)",,121,Palmeiras,0,4,4,439,Godoy Cruz,0,0,0
125,13,CONMEBOL Libertadores,2019,8th Finals,241209,2019-07-24T00:30:00+00:00,,Estadio Rodrigo Paz Delgado,Quito,1158,LDU de Quito,1,2,3,1182,Olimpia,0,1,1
126,13,CONMEBOL Libertadores,2019,8th Finals,241210,2019-07-31T00:30:00+00:00,,Estadio Defensores del Chaco (Asunción),,1182,Olimpia,1,0,1,1158,LDU de Quito,1,0,1
127,13,CONMEBOL Libertadores,2019,8th Finals,241211,2019-07-24T22:15:00+00:00,,Gran Parque Central,Montevideo,2356,Club Nacional,0,0,0,119,Internacional,0,1,1
128,13,CONMEBOL Libertadores,2019,8th Finals,241212,2019-07-31T22:15:00+00:00,,Estádio Beira Rio,Porto Alegre,119,Internacional,1,1,2,2356,Club Nacional,0,0,0
129,13,CONMEBOL Libertadores,2019,8th Finals,241213,2019-07-24T22:15:00+00:00,,Estadio Pedro Bidegain,Flores,460,San Lorenzo,0,0,0,1176,Cerro Porteno,0,0,0
130,13,CONMEBOL Libertadores,2019,8th Finals,241214,2019-07-31T22:15:00+00:00,,La Nueva Olla Monumental,Asuncion,1176,Cerro Porteno,0,2,2,460,San Lorenzo,1,0,1
131,13,CONMEBOL Libertadores,2019,8th Finals,241215,2019-07-25T00:30:00+00:00,,Estadio George Capwell,Guayaquil,1148,Emelec,1,1,2,127,Flamengo,0,0,0
132,13,CONMEBOL Libertadores,2019,8th Finals,241217,2019-07-25T00:30:00+00:00,,Arena da Baixada,Curitiba,134,Atletico Paranaense,0,0,0,451,Boca Juniors,0,1,1
133,13,CONMEBOL Libertadores,2019,8th Finals,241218,2019-08-01T00:30:00+00:00,,Alberto J. Armando,Buenos Aires,451,Boca Juniors,0,2,2,134,Atletico Paranaense,0,0,0
134,13,CONMEBOL Libertadores,2019,8th Finals,241219,2019-07-26T00:30:00+00:00,,Arena do Grêmio,Porto Alegre,130,Gremio,0,2,2,1179,Libertad Asuncion,0,0,0
135,13,CONMEBOL Libertadores,2019,8th Finals,241220,2019-08-02T00:30:00+00:00,,Dr. Nicolás Leoz,Asuncion,1179,Libertad Asuncion,0,0,0,130,Gremio,3,0,3
136,13,CONMEBOL Libertadores,2019,Group Stage - 6,241313,2019-05-09T22:15:00+00:00,,Manuel Ferreira,Asuncion,1182,Olimpia,0,0,0,2546,Sporting Cristal,1,0,1
137,13,CONMEBOL Libertadores,2019,Group Stage - 6,241314,2019-05-09T22:15:00+00:00,,Estadio Malvinas Argentinas,Mendoza,439,Godoy Cruz,1,0,1,2324,Universidad de Concepcion,0,0,0
138,13,CONMEBOL Libertadores,2019,Group Stage - 6,241315,2019-05-10T00:30:00+00:00,,Alberto J. Armando,Buenos Aires,451,Boca Juniors,0,2,2,134,Atletico Paranaense,0,1,1
139,13,CONMEBOL Libertadores,2019,Group Stage - 6,241316,2019-05-10T00:30:00+00:00,,Felix Capriles,Cochabamba,3705,Jorge Wilstermann,0,0,0,1142,Deportes Tolima,1,1,2
140,13,CONMEBOL Libertadores,2019,Semi-finals,241193,2019-10-02T00:30:00+00:00,,El Monumental,Buenos Aires,435,River Plate,1,1,2,451,Boca Juniors,0,0,0
141,13,CONMEBOL Libertadores,2019,Semi-finals,241194,2019-10-23T00:30:00+00:00,,Estadio Alberto J. Armando,Buenos Aires,451,Boca Juniors,0,1,1,435,River Plate,0,0,0
142,13,CONMEBOL Libertadores,2019,Semi-finals,241195,2019-10-03T00:30:00+00:00,,Arena do Grêmio,Porto Alegre,130,Gremio,0,1,1,127,Flamengo,0,1,1
143,13,CONMEBOL Libertadores,2019,Semi-finals,241196,2019-10-24T00:30:00+00:00,,Estádio do Maracanã,Rio de Janeiro,127,Flamengo,1,4,5,130,Gremio,0,0,0
144,13,CONMEBOL Libertadores,2019,Quarter-finals,241198,2019-08-28T00:30:00+00:00,,"Estádio Municipal Paulo Machado de Carvalho (São Paulo, São Paulo)",,121,Palmeiras,1,0,1,130,Gremio,2,0,2
145,13,CONMEBOL Libertadores,2019,Quarter-finals,241200,2019-08-28T22:15:00+00:00,,Alberto J. Armando,Buenos Aires,451,Boca Juniors,0,0,0,1158,LDU de Quito,0,0,0
146,13,CONMEBOL Libertadores,2019,Quarter-finals,241201,2019-08-22T00:30:00+00:00,,"Estadio Jornalista Mário Filho (Maracanã) (Rio de Janeiro, Rio de Janeiro)",,127,Flamengo,0,2,2,119,Internacional,0,0,0
147,13,CONMEBOL Libertadores,2019,Quarter-finals,241202,2019-08-29T00:30:00+00:00,,"Estádio José Pinheiro Borda (Porto Alegre, Rio Grande do Sul)",,119,Internacional,0,1,1,127,Flamengo,0,1,1
148,13,CONMEBOL Libertadores,2019,Quarter-finals,241203,2019-08-22T22:15:00+00:00,,El Monumental,Buenos Aires,435,River Plate,1,1,2,1176,Cerro Porteno,0,0,0
149,13,CONMEBOL Libertadores,2019,Quarter-finals,241204,2019-08-29T22:15:00+00:00,,La Nueva Olla Monumental,Asuncion,1176,Cerro Porteno,1,0,1,435,River Plate,0,1,1
150,13,CONMEBOL Libertadores,2019,Finals,247587,2019-11-23T20:00:00+00:00,,Estadio Monumental,Lima,127,Flamengo,0,2,2,435,River Plate,1,0,1
151,13,CONMEBOL Libertadores,2020,2nd Round,293352,2020-02-05T22:15:00+00:00,1633,Estadio Domingo Burgueño Miguel,Maldonado,2369,Cerro Largo,1,0,1,2318,Palestino,0,1,1
152,13,CONMEBOL Libertadores,2020,2nd Round,293353,2020-02-12T22:15:00+00:00,345,Estadio San Carlos de Apoquindo,Santiago de Chile,2318,Palestino,2,3,5,2369,Cerro Largo,0,1,1
153,13,CONMEBOL Libertadores,2020,2nd Round,293354,2020-02-05T00:30:00+00:00,380,Estadio Atanasio Girardot,Medellín,1128,Independiente Medellin,3,1,4,2807,Deportivo Tachira FC,0,0,0
154,13,CONMEBOL Libertadores,2020,2nd Round,293355,2020-02-11T22:15:00+00:00,1649,Estadio Polideportivo de Pueblo Nuevo,San Cristóbal,2807,Deportivo Tachira FC,1,1,2,1128,Independiente Medellin,0,0,0
155,13,CONMEBOL Libertadores,2020,2nd Round,293356,2020-02-12T00:30:00+00:00,375,Estadio Manuel Murillo Toro,Ibagué,1142,Deportes Tolima,1,0,1,1155,Macara,0,0,0
156,13,CONMEBOL Libertadores,2020,1st Round,293357,2020-01-21T22:15:00+00:00,1659,CTE Cachamay,Ciudad Guayana,2810,Carabobo FC,0,1,1,2540,Universitario,0,1,1
157,13,CONMEBOL Libertadores,2020,1st Round,293358,2020-01-29T00:30:00+00:00,1242,Estadio Monumental,Lima,2540,Universitario,1,0,1,2810,Carabobo FC,0,0,0
158,13,CONMEBOL Libertadores,2020,1st Round,293359,2020-01-23T00:30:00+00:00,1638,Parque Alfredo Víctor Viera,Montevideo,2363,Progreso,0,0,0,1152,Barcelona SC,1,1,2
159,13,CONMEBOL Libertadores,2020,1st Round,293360,2020-01-30T00:30:00+00:00,466,Estadio Monumental Banco Pichincha,Guayaquil,1152,Barcelona SC,1,2,3,2363,Progreso,0,1,1
160,13,CONMEBOL Libertadores,2020,2nd Round,293670,2020-02-05T00:30:00+00:00,474,Estadio Bellavista de Ambato,Ambato,1155,Macara,0,0,0,1142,Deportes Tolima,0,1,1
161,13,CONMEBOL Libertadores,2020,2nd Round,315946,2020-02-06T00:30:00+00:00,198,Estadio Hernando Siles,La Paz,3711,The Strongest,1,1,2,455,Atletico Tucuman,0,0,0
162,13,CONMEBOL Libertadores,2020,1st Round,315948,2020-01-22T22:15:00+00:00,2491,Estadio Jesús Bermúdez,Oruro,3710,San José,0,0,0,1174,Club Guarani,0,1,1
163,13,CONMEBOL Libertadores,2020,1st Round,315949,2020-01-29T22:15:00+00:00,1224,Estadio Luís Alfonso Giagni,Asunción,1174,Club Guarani,2,2,4,3710,San José,0,0,0
164,13,CONMEBOL Libertadores,2020,2nd Round,318438,2020-02-04T21:00:00+00:00,316,Estadio Nacional Julio Martínez Prádanos,Santiago de Chile,2323,Universidad de Chile,0,0,0,119,Internacional,0,0,0
165,13,CONMEBOL Libertadores,2020,2nd Round,318439,2020-02-11T22:15:00+00:00,244,Estádio José Pinheiro Borda,"Porto Alegre, Rio Grande do Sul",119,Internacional,1,1,2,2323,Universidad de Chile,0,0,0
166,13,CONMEBOL Libertadores,2020,2nd Round,321824,2020-02-05T22:15:00+00:00,1242,Estadio Monumental,Lima,2540,Universitario,0,1,1,1176,Cerro Porteno,0,1,1
167,13,CONMEBOL Libertadores,2020,2nd Round,321825,2020-02-12T22:15:00+00:00,1214,Estadio General Pablo Rojas,Asunción,1176,Cerro Porteno,0,1,1,2540,Universitario,0,0,0
168,13,CONMEBOL Libertadores,2020,2nd Round,321826,2020-02-06T00:30:00+00:00,1214,Estadio General Pablo Rojas,Asunción,1174,Club Guarani,1,0,1,131,Corinthians,0,0,0
169,13,CONMEBOL Libertadores,2020,2nd Round,321827,2020-02-13T00:30:00+00:00,,Neo Química Arena,"São Paulo, São Paulo",131,Corinthians,2,0,2,1174,Club Guarani,0,1,1
170,13,CONMEBOL Libertadores,2020,2nd Round,321828,2020-02-07T00:30:00+00:00,466,Estadio Monumental Banco Pichincha,Guayaquil,1152,Barcelona SC,2,2,4,2546,Sporting Cristal,0,0,0
171,13,CONMEBOL Libertadores,2020,Group Stage - 1,293290,2020-03-04T00:30:00+00:00,368,Estadio Olímpico Pascual Guerrero,Santiago de Cali,1138,America de Cali,0,0,0,130,Gremio,1,1,2
172,13,CONMEBOL Libertadores,2020,Group Stage - 1,293291,2020-03-05T00:30:00+00:00,366,Estadio Metropolitano Roberto Meléndez,Barranquilla,1135,Junior,0,1,1,127,Flamengo,1,1,2
173,13,CONMEBOL Libertadores,2020,Group Stage - 1,293292,2020-03-03T22:15:00+00:00,59,Estadio Norberto Tito Tomaghello,"Florencio Varela, Provincia de Buenos Aires",442,Defensa Y Justicia,1,0,1,128,Santos,0,2,2
174,13,CONMEBOL Libertadores,2020,Group Stage - 1,293293,2020-03-05T00:30:00+00:00,467,Estadio Jocay,Manta,1149,Delfin SC,0,1,1,1182,Olimpia,1,0,1
175,13,CONMEBOL Libertadores,2020,Group Stage - 1,293294,2020-03-04T00:30:00+00:00,10493,Arena da Baixada,"Curitiba, Paraná",134,Atletico Paranaense,0,1,1,2348,Penarol,0,0,0
176,13,CONMEBOL Libertadores,2020,Group Stage - 1,293297,2020-03-04T00:30:00+00:00,1653,Estadio Olímpico de la UCV,Caracas,2808,Caracas FC,0,1,1,451,Boca Juniors,1,0,1
177,13,CONMEBOL Libertadores,2020,Group Stage - 1,293299,2020-03-05T00:30:00+00:00,471,Estadio Rodrigo Paz Delgado,Quito,1158,LDU de Quito,2,1,3,435,River Plate,0,0,0
178,13,CONMEBOL Libertadores,2020,Group Stage - 1,293300,2020-03-04T22:15:00+00:00,112,Estadio José Dellagiovanna,"San Fernando, Provincia de Buenos Aires",452,Tigre,0,0,0,121,Palmeiras,1,1,2
179,13,CONMEBOL Libertadores,2020,Group Stage - 1,315940,2020-03-04T22:15:00+00:00,2438,Estadio Félix Capriles,Cochabamba,3705,Jorge Wilstermann,0,2,2,2315,Colo Colo,0,0,0
180,13,CONMEBOL Libertadores,2020,2nd Round,321829,2020-02-14T00:30:00+00:00,1230,Estadio Alejandro Villanueva,Lima,2546,Sporting Cristal,0,2,2,1152,Barcelona SC,0,1,1
181,13,CONMEBOL Libertadores,2020,3rd Round,327202,2020-02-19T00:30:00+00:00,380,Estadio Atanasio Girardot,Medellín,1128,Independiente Medellin,1,0,1,455,Atletico Tucuman,0,0,0
182,13,CONMEBOL Libertadores,2020,3rd Round,327204,2020-02-20T00:30:00+00:00,466,Estadio Monumental Banco Pichincha,Guayaquil,1152,Barcelona SC,1,0,1,1176,Cerro Porteno,0,0,0
183,13,CONMEBOL Libertadores,2020,3rd Round,327205,2020-02-26T22:15:00+00:00,1214,Estadio General Pablo Rojas,Asunción,1176,Cerro Porteno,0,0,0,1152,Barcelona SC,1,3,4
184,13,CONMEBOL Libertadores,2020,3rd Round,327206,2020-02-20T00:30:00+00:00,375,Estadio Manuel Murillo Toro,Ibagué,1142,Deportes Tolima,0,0,0,119,Internacional,0,0,0
185,13,CONMEBOL Libertadores,2020,3rd Round,327207,2020-02-27T00:30:00+00:00,244,Estádio José Pinheiro Borda,"Porto Alegre, Rio Grande do Sul",119,Internacional,1,0,1,1142,Deportes Tolima,0,0,0
186,13,CONMEBOL Libertadores,2020,3rd Round,327208,2020-02-20T22:15:00+00:00,345,Estadio San Carlos de Apoquindo,Santiago de Chile,2318,Palestino,0,0,0,1174,Club Guarani,1,0,1
187,13,CONMEBOL Libertadores,2020,3rd Round,327209,2020-02-27T22:15:00+00:00,1214,Estadio General Pablo Rojas,Asunción,1174,Club Guarani,0,2,2,2318,Palestino,1,0,1
188,13,CONMEBOL Libertadores,2020,Group Stage - 1,327654,2020-03-03T22:15:00+00:00,244,Estádio José Pinheiro Borda,"Porto Alegre, Rio Grande do Sul",119,Internacional,0,3,3,2994,U. Catolica,0,0,0
189,13,CONMEBOL Libertadores,2020,Group Stage - 1,327655,2020-03-04T00:30:00+00:00,380,Estadio Atanasio Girardot,Medellín,1128,Independiente Medellin,0,1,1,1179,Libertad Asuncion,2,0,2
190,13,CONMEBOL Libertadores,2020,Group Stage - 1,327656,2020-03-04T22:15:00+00:00,466,Estadio Monumental Banco Pichincha,Guayaquil,1152,Barcelona SC,0,0,0,1153,Independiente del Valle,0,3,3
191,13,CONMEBOL Libertadores,2020,Group Stage - 1,293295,2020-03-05T22:00:00+00:00,1657,Estadio Olímpico Metropolitano de Mérida,Mérida,2818,Estudiantes de Merida FC,0,1,1,436,Racing Club,0,2,2
192,13,CONMEBOL Libertadores,2020,Group Stage - 1,293296,2020-03-06T02:00:00+00:00,1230,Estadio Alejandro Villanueva,Lima,2553,Alianza Lima,0,0,0,2356,Club Nacional,1,0,1
193,13,CONMEBOL Libertadores,2020,Group Stage - 1,293298,2020-03-06T00:00:00+00:00,1811,Estadio Guillermo Briceño Rosamedina,Juliaca,2550,Deportivo Binacional,0,2,2,126,Sao Paulo,1,0,1
194,13,CONMEBOL Libertadores,2020,Group Stage - 2,293301,2020-03-10T22:15:00+00:00,345,Estadio San Carlos de Apoquindo,Santiago de Chile,2994,U. Catolica,1,0,1,1138,America de Cali,1,1,2
195,13,CONMEBOL Libertadores,2020,Group Stage - 2,293302,2020-03-12T00:30:00+00:00,465,Estadio Olímpico Atahualpa,Quito,1153,Independiente del Valle,0,3,3,1135,Junior,0,0,0
196,13,CONMEBOL Libertadores,2020,Group Stage - 2,293303,2020-03-10T22:15:00+00:00,10494,Estádio Urbano Caldeira,"Santos, São Paulo",128,Santos,1,0,1,1149,Delfin SC,0,0,0
197,13,CONMEBOL Libertadores,2020,Group Stage - 2,293304,2020-03-12T00:30:00+00:00,1221,Estadio Manuel Ferreira,Asunción,1182,Olimpia,0,2,2,442,Defensa Y Justicia,0,1,1
198,13,CONMEBOL Libertadores,2020,Group Stage - 2,293305,2020-03-11T22:15:00+00:00,319,Estadio Monumental David Arellano,Santiago de Chile,2315,Colo Colo,1,0,1,134,Atletico Paranaense,0,0,0
199,13,CONMEBOL Libertadores,2020,Group Stage - 2,293306,2020-03-13T00:00:00+00:00,99,Estadio Presidente Juan Domingo Perón,"Avellaneda, Provincia de Buenos Aires",436,Racing Club,0,1,1,2553,Alianza Lima,0,0,0
200,13,CONMEBOL Libertadores,2020,Group Stage - 2,293307,2020-03-12T22:00:00+00:00,1639,Estadio Gran Parque Central,Montevideo,2356,Club Nacional,0,1,1,2818,Estudiantes de Merida FC,0,0,0
201,13,CONMEBOL Libertadores,2020,Group Stage - 2,293308,2020-03-11T00:30:00+00:00,1214,Estadio General Pablo Rojas,Asunción,1179,Libertad Asuncion,1,2,3,2808,Caracas FC,2,0,2
202,13,CONMEBOL Libertadores,2020,Group Stage - 2,293309,2020-03-12T00:30:00+00:00,,Estádio Cícero Pompeu de Toledo,"São Paulo, São Paulo",126,Sao Paulo,2,1,3,1158,LDU de Quito,0,0,0
203,13,CONMEBOL Libertadores,2020,Group Stage - 2,293310,2020-03-11T22:15:00+00:00,31,Estadio Monumental Antonio Vespucio Liberti,"Capital Federal, Ciudad de Buenos Aires",435,River Plate,1,7,8,2550,Deportivo Binacional,0,0,0
204,13,CONMEBOL Libertadores,2020,Group Stage - 2,293311,2020-03-10T22:15:00+00:00,198,Estadio Hernando Siles,La Paz,3702,Bolívar,0,2,2,452,Tigre,0,0,0
205,13,CONMEBOL Libertadores,2020,Group Stage - 2,315941,2020-03-11T22:15:00+00:00,1640,Estadio Campeón del Siglo,Montevideo,2348,Penarol,0,1,1,3705,Jorge Wilstermann,0,0,0
206,13,CONMEBOL Libertadores,2020,Group Stage - 1,327657,2020-03-05T00:30:00+00:00,1214,Estadio General Pablo Rojas,Asunción,1174,Club Guarani,1,1,2,3702,Bolívar,0,0,0
207,13,CONMEBOL Libertadores,2020,Group Stage - 2,327658,2020-03-11T00:30:00+00:00,46,Estadio Alberto José Armando,Ciudad de Buenos Aires,451,Boca Juniors,1,2,3,1128,Independiente Medellin,0,0,0
208,13,CONMEBOL Libertadores,2020,Group Stage - 2,327659,2020-03-11T00:30:00+00:00,258,Allianz Parque,"São Paulo, São Paulo",121,Palmeiras,0,3,3,1174,Club Guarani,0,1,1
209,13,CONMEBOL Libertadores,2020,Group Stage - 2,327660,2020-03-12T00:30:00+00:00,,Estadio Jornalista Mário Filho,"Rio de Janeiro, Rio de Janeiro",127,Flamengo,2,1,3,1152,Barcelona SC,0,0,0
210,13,CONMEBOL Libertadores,2020,Group Stage - 2,327661,2020-03-13T00:00:00+00:00,241,Arena do Grêmio,"Porto Alegre, Rio Grande do Sul",130,Gremio,0,0,0,119,Internacional,0,0,0
211,13,CONMEBOL Libertadores,2020,Group Stage - 3,293312,2020-09-17T00:30:00+00:00,345,Estadio San Carlos de Apoquindo,Santiago de Chile,2994,U. Catolica,2,0,2,130,Gremio,0,0,0
212,13,CONMEBOL Libertadores,2020,Group Stage - 3,293313,2020-09-18T00:00:00+00:00,471,Estadio Rodrigo Paz Delgado,Quito,1153,Independiente del Valle,1,4,5,127,Flamengo,0,0,0
213,13,CONMEBOL Libertadores,2020,Group Stage - 3,293314,2020-09-16T00:30:00+00:00,10494,Estádio Urbano Caldeira,"Santos, São Paulo",128,Santos,0,0,0,1182,Olimpia,0,0,0
214,13,CONMEBOL Libertadores,2020,Group Stage - 3,293315,2020-09-18T22:00:00+00:00,59,Estadio Norberto Tito Tomaghello,"Florencio Varela, Provincia de Buenos Aires",442,Defensa Y Justicia,0,3,3,1149,Delfin SC,0,0,0
215,13,CONMEBOL Libertadores,2020,Group Stage - 3,293316,2020-09-15T22:15:00+00:00,319,Estadio Monumental David Arellano,Santiago de Chile,2315,Colo Colo,0,2,2,2348,Penarol,1,0,1
216,13,CONMEBOL Libertadores,2020,Group Stage - 3,293317,2020-09-17T20:00:00+00:00,99,Estadio Presidente Juan Domingo Perón,"Avellaneda, Provincia de Buenos Aires",436,Racing Club,0,0,0,2356,Club Nacional,0,1,1
217,13,CONMEBOL Libertadores,2020,Group Stage - 3,293318,2020-09-16T22:15:00+00:00,1657,Estadio Olímpico Metropolitano de Mérida,Mérida,2818,Estudiantes de Merida FC,0,3,3,2553,Alianza Lima,0,2,2
218,13,CONMEBOL Libertadores,2020,Group Stage - 3,293319,2020-09-18T00:00:00+00:00,1214,Estadio General Pablo Rojas,Asunción,1179,Libertad Asuncion,0,0,0,451,Boca Juniors,1,1,2
219,13,CONMEBOL Libertadores,2020,Group Stage - 3,293320,2020-09-18T22:00:00+00:00,,Estádio Cícero Pompeu de Toledo,"São Paulo, São Paulo",126,Sao Paulo,1,1,2,435,River Plate,1,1,2
220,13,CONMEBOL Libertadores,2020,Group Stage - 3,293321,2020-09-16T00:30:00+00:00,1228,Estadio Nacional de Lima,Lima,2550,Deportivo Binacional,0,0,0,1158,LDU de Quito,1,0,1
221,13,CONMEBOL Libertadores,2020,Group Stage - 3,293322,2020-09-17T00:30:00+00:00,198,Estadio Hernando Siles,La Paz,3702,Bolívar,0,1,1,121,Palmeiras,1,1,2
222,13,CONMEBOL Libertadores,2020,Group Stage - 4,293333,2020-09-23T00:30:00+00:00,366,Estadio Metropolitano Roberto Meléndez,Barranquilla,1135,Junior,1,3,4,1153,Independiente del Valle,1,0,1
223,13,CONMEBOL Libertadores,2020,Group Stage - 4,293338,2020-09-22T22:15:00+00:00,1657,Estadio Olímpico Metropolitano de Mérida,Mérida,2818,Estudiantes de Merida FC,1,0,1,2356,Club Nacional,2,1,3
224,13,CONMEBOL Libertadores,2020,Group Stage - 4,293666,2020-09-22T22:15:00+00:00,112,Estadio José Dellagiovanna,"San Fernando, Provincia de Buenos Aires",452,Tigre,1,0,1,3702,Bolívar,1,0,1
225,13,CONMEBOL Libertadores,2020,Group Stage - 3,315942,2020-09-15T22:15:00+00:00,2438,Estadio Félix Capriles,Cochabamba,3705,Jorge Wilstermann,1,1,2,134,Atletico Paranaense,1,2,3
226,13,CONMEBOL Libertadores,2020,Group Stage - 3,327662,2020-09-16T22:15:00+00:00,244,Estádio José Pinheiro Borda,"Porto Alegre, Rio Grande do Sul",119,Internacional,3,1,4,1138,America de Cali,1,2,3
227,13,CONMEBOL Libertadores,2020,Group Stage - 3,327663,2020-09-17T00:30:00+00:00,380,Estadio Atanasio Girardot,Medellín,1128,Independiente Medellin,1,1,2,2808,Caracas FC,2,1,3
228,13,CONMEBOL Libertadores,2020,Group Stage - 3,327664,2020-09-18T02:00:00+00:00,,Estadio Defensores del Chaco,Asunción,1174,Club Guarani,1,3,4,452,Tigre,1,0,1
229,13,CONMEBOL Libertadores,2020,Group Stage - 3,327665,2020-09-18T02:00:00+00:00,466,Estadio Monumental Banco Pichincha,Guayaquil,1152,Barcelona SC,1,0,1,1135,Junior,1,1,2
230,13,CONMEBOL Libertadores,2020,Group Stage - 4,327666,2020-09-22T22:15:00+00:00,466,Estadio Monumental Banco Pichincha,Guayaquil,1152,Barcelona SC,0,1,1,127,Flamengo,2,0,2
231,13,CONMEBOL Libertadores,2020,Group Stage - 4,293334,2020-09-25T02:00:00+00:00,467,Estadio Jocay,Manta,1149,Delfin SC,0,1,1,128,Santos,1,1,2
232,13,CONMEBOL Libertadores,2020,Group Stage - 4,293335,2020-09-23T22:15:00+00:00,59,Estadio Norberto Tito Tomaghello,"Florencio Varela, Provincia de Buenos Aires",442,Defensa Y Justicia,1,1,2,1182,Olimpia,0,1,1
233,13,CONMEBOL Libertadores,2020,Group Stage - 4,293336,2020-09-23T22:15:00+00:00,10493,Arena da Baixada,"Curitiba, Paraná",134,Atletico Paranaense,2,0,2,2315,Colo Colo,0,0,0
234,13,CONMEBOL Libertadores,2020,Group Stage - 4,293337,2020-09-24T00:30:00+00:00,1230,Estadio Alejandro Villanueva,Lima,2553,Alianza Lima,0,0,0,436,Racing Club,0,2,2
235,13,CONMEBOL Libertadores,2020,Group Stage - 4,293339,2020-09-23T22:15:00+00:00,1653,Estadio Olímpico de la UCV,Caracas,2808,Caracas FC,0,2,2,1179,Libertad Asuncion,1,0,1
236,13,CONMEBOL Libertadores,2020,Group Stage - 4,293340,2020-09-23T00:30:00+00:00,471,Estadio Rodrigo Paz Delgado,Quito,1158,LDU de Quito,3,1,4,126,Sao Paulo,0,2,2
237,13,CONMEBOL Libertadores,2020,Group Stage - 4,293341,2020-09-23T00:30:00+00:00,1228,Estadio Nacional de Lima,Lima,2550,Deportivo Binacional,0,0,0,435,River Plate,3,3,6
238,13,CONMEBOL Libertadores,2020,Group Stage - 5,293345,2020-09-29T22:15:00+00:00,1640,Estadio Campeón del Siglo,Montevideo,2348,Penarol,1,2,3,2315,Colo Colo,0,0,0
239,13,CONMEBOL Libertadores,2020,Group Stage - 5,293346,2020-09-30T22:15:00+00:00,1639,Estadio Gran Parque Central,Montevideo,2356,Club Nacional,0,1,1,436,Racing Club,1,1,2
240,13,CONMEBOL Libertadores,2020,Group Stage - 5,293349,2020-09-30T00:30:00+00:00,471,Estadio Rodrigo Paz Delgado,Quito,1158,LDU de Quito,2,2,4,2550,Deportivo Binacional,0,0,0
241,13,CONMEBOL Libertadores,2020,Group Stage - 5,293350,2020-09-30T22:15:00+00:00,258,Allianz Parque,"São Paulo, São Paulo",121,Palmeiras,1,4,5,3702,Bolívar,0,0,0
242,13,CONMEBOL Libertadores,2020,Group Stage - 5,293351,2020-09-29T22:15:00+00:00,241,Arena do Grêmio,"Porto Alegre, Rio Grande do Sul",130,Gremio,0,2,2,2994,U. Catolica,0,0,0
243,13,CONMEBOL Libertadores,2020,Group Stage - 4,293667,2020-09-24T00:30:00+00:00,368,Estadio Olímpico Pascual Guerrero,Santiago de Cali,1138,America de Cali,1,0,1,2994,U. Catolica,1,0,1
244,13,CONMEBOL Libertadores,2020,Group Stage - 5,293668,2020-09-30T00:30:00+00:00,46,Estadio Alberto José Armando,Ciudad de Buenos Aires,451,Boca Juniors,0,0,0,1179,Libertad Asuncion,0,0,0
245,13,CONMEBOL Libertadores,2020,Group Stage - 4,315943,2020-09-25T22:00:00+00:00,2438,Estadio Félix Capriles,Cochabamba,3705,Jorge Wilstermann,2,1,3,2348,Penarol,1,0,1
246,13,CONMEBOL Libertadores,2020,Group Stage - 5,315944,2020-09-30T00:30:00+00:00,10493,Arena da Baixada,"Curitiba, Paraná",134,Atletico Paranaense,0,0,0,3705,Jorge Wilstermann,0,0,0
247,13,CONMEBOL Libertadores,2020,Group Stage - 4,327667,2020-09-24T00:30:00+00:00,244,Estádio José Pinheiro Borda,"Porto Alegre, Rio Grande do Sul",119,Internacional,0,0,0,130,Gremio,0,1,1
248,13,CONMEBOL Libertadores,2020,Group Stage - 4,327668,2020-09-24T00:30:00+00:00,,Estadio Defensores del Chaco,Asunción,1174,Club Guarani,0,0,0,121,Palmeiras,0,0,0
249,13,CONMEBOL Libertadores,2020,Group Stage - 4,327669,2020-09-25T00:00:00+00:00,380,Estadio Atanasio Girardot,Medellín,1128,Independiente Medellin,0,0,0,451,Boca Juniors,0,1,1
250,13,CONMEBOL Libertadores,2020,Group Stage - 5,327670,2020-09-30T00:30:00+00:00,368,Estadio Olímpico Pascual Guerrero,Santiago de Cali,1138,America de Cali,0,0,0,119,Internacional,0,0,0
251,13,CONMEBOL Libertadores,2020,Group Stage - 6,293323,2020-10-22T00:30:00+00:00,,Estadio Jornalista Mário Filho,"Rio de Janeiro, Rio de Janeiro",127,Flamengo,2,1,3,1135,Junior,0,1,1
252,13,CONMEBOL Libertadores,2020,Group Stage - 6,293325,2020-10-20T22:15:00+00:00,10494,Estádio Urbano Caldeira,"Santos, São Paulo",128,Santos,0,2,2,442,Defensa Y Justicia,0,1,1
253,13,CONMEBOL Libertadores,2020,Group Stage - 6,293326,2020-10-20T22:15:00+00:00,1221,Estadio Manuel Ferreira,Asunción,1182,Olimpia,0,0,0,1149,Delfin SC,0,1,1
254,13,CONMEBOL Libertadores,2020,Group Stage - 6,293327,2020-10-21T00:30:00+00:00,1640,Estadio Campeón del Siglo,Montevideo,2348,Penarol,1,2,3,134,Atletico Paranaense,2,0,2
255,13,CONMEBOL Libertadores,2020,Group Stage - 6,293328,2020-10-21T22:15:00+00:00,99,Estadio Presidente Juan Domingo Perón,"Avellaneda, Provincia de Buenos Aires",436,Racing Club,0,2,2,2818,Estudiantes de Merida FC,0,1,1
256,13,CONMEBOL Libertadores,2020,Group Stage - 6,293329,2020-10-21T22:15:00+00:00,1639,Estadio Gran Parque Central,Montevideo,2356,Club Nacional,2,0,2,2553,Alianza Lima,0,0,0
257,13,CONMEBOL Libertadores,2020,Group Stage - 6,293330,2020-10-21T00:30:00+00:00,,Estádio Cícero Pompeu de Toledo,"São Paulo, São Paulo",126,Sao Paulo,2,3,5,2550,Deportivo Binacional,1,0,1
258,13,CONMEBOL Libertadores,2020,Group Stage - 6,293331,2020-10-21T00:30:00+00:00,7131,Estadio Libertadores de América,"Avellaneda, Provincia de Buenos Aires",435,River Plate,0,3,3,1158,LDU de Quito,0,0,0
259,13,CONMEBOL Libertadores,2020,Group Stage - 6,293332,2020-10-22T00:30:00+00:00,258,Allianz Parque,"São Paulo, São Paulo",121,Palmeiras,1,4,5,452,Tigre,0,0,0
260,13,CONMEBOL Libertadores,2020,Group Stage - 5,293342,2020-10-01T00:30:00+00:00,,Estadio Jornalista Mário Filho,"Rio de Janeiro, Rio de Janeiro",127,Flamengo,2,2,4,1153,Independiente del Valle,0,0,0
261,13,CONMEBOL Libertadores,2020,Group Stage - 5,293343,2020-10-02T22:00:00+00:00,1221,Estadio Manuel Ferreira,Asunción,1182,Olimpia,2,0,2,128,Santos,2,1,3
262,13,CONMEBOL Libertadores,2020,Group Stage - 5,293344,2020-10-02T02:00:00+00:00,467,Estadio Jocay,Manta,1149,Delfin SC,1,2,3,442,Defensa Y Justicia,0,0,0
263,13,CONMEBOL Libertadores,2020,Group Stage - 5,293347,2020-10-01T00:30:00+00:00,1230,Estadio Alejandro Villanueva,Lima,2553,Alianza Lima,1,1,2,2818,Estudiantes de Merida FC,1,1,2
264,13,CONMEBOL Libertadores,2020,Group Stage - 5,293348,2020-10-01T00:30:00+00:00,7131,Estadio Libertadores de América,"Avellaneda, Provincia de Buenos Aires",435,River Plate,2,0,2,126,Sao Paulo,1,0,1
265,13,CONMEBOL Libertadores,2020,Group Stage - 6,315945,2020-10-21T00:30:00+00:00,319,Estadio Monumental David Arellano,Santiago de Chile,2315,Colo Colo,0,0,0,3705,Jorge Wilstermann,0,1,1
266,13,CONMEBOL Libertadores,2020,Group Stage - 5,327671,2020-09-30T22:15:00+00:00,1653,Estadio Olímpico de la UCV,Caracas,2808,Caracas FC,0,0,0,1128,Independiente Medellin,0,2,2
267,13,CONMEBOL Libertadores,2020,Group Stage - 5,327672,2020-10-01T00:30:00+00:00,366,Estadio Metropolitano Roberto Meléndez,Barranquilla,1135,Junior,0,0,0,1152,Barcelona SC,1,1,2
268,13,CONMEBOL Libertadores,2020,Group Stage - 5,327673,2020-10-02T00:00:00+00:00,112,Estadio José Dellagiovanna,"San Fernando, Provincia de Buenos Aires",452,Tigre,1,0,1,1174,Club Guarani,1,2,3
269,13,CONMEBOL Libertadores,2020,Group Stage - 6,327674,2020-10-22T00:30:00+00:00,465,Estadio Olímpico Atahualpa,Quito,1153,Independiente del Valle,1,1,2,1152,Barcelona SC,0,0,0
270,13,CONMEBOL Libertadores,2020,Group Stage - 6,327675,2020-10-22T00:30:00+00:00,198,Estadio Hernando Siles,La Paz,3702,Bolívar,0,2,2,1174,Club Guarani,1,2,3
271,13,CONMEBOL Libertadores,2020,Group Stage - 6,293324,2020-10-23T00:30:00+00:00,241,Arena do Grêmio,"Porto Alegre, Rio Grande do Sul",130,Gremio,0,1,1,1138,America de Cali,0,1,1
272,13,CONMEBOL Libertadores,2020,Group Stage - 6,293669,2020-10-23T00:30:00+00:00,46,Estadio Alberto José Armando,Ciudad de Buenos Aires,451,Boca Juniors,3,0,3,2808,Caracas FC,0,0,0
273,13,CONMEBOL Libertadores,2020,Group Stage - 6,327676,2020-10-23T00:30:00+00:00,345,Estadio San Carlos de Apoquindo,Santiago de Chile,2994,U. Catolica,1,1,2,119,Internacional,1,0,1
274,13,CONMEBOL Libertadores,2020,Group Stage - 6,327677,2020-10-23T00:30:00+00:00,1214,Estadio General Pablo Rojas,Asunción,1179,Libertad Asuncion,1,1,2,1128,Independiente Medellin,1,3,4
275,13,CONMEBOL Libertadores,2020,8th Finals,644084,2020-11-24T22:15:00+00:00,10493,Arena da Baixada,"Curitiba, Paraná",134,Atletico Paranaense,0,1,1,435,River Plate,0,1,1
276,13,CONMEBOL Libertadores,2020,8th Finals,644085,2020-11-24T22:15:00+00:00,471,Estadio Rodrigo Paz Delgado,Quito,1158,LDU de Quito,1,0,1,128,Santos,1,1,2
277,13,CONMEBOL Libertadores,2020,8th Finals,644086,2020-11-25T00:30:00+00:00,99,Estadio Presidente Juan Domingo Perón,"Avellaneda, Provincia de Buenos Aires",436,Racing Club,1,0,1,127,Flamengo,1,0,1
278,13,CONMEBOL Libertadores,2020,8th Finals,644087,2020-11-25T22:15:00+00:00,471,Estadio Rodrigo Paz Delgado,Quito,1153,Independiente del Valle,0,0,0,2356,Club Nacional,0,0,0
279,13,CONMEBOL Libertadores,2020,8th Finals,644088,2020-11-25T22:15:00+00:00,467,Estadio Jocay,Manta,1149,Delfin SC,0,1,1,121,Palmeiras,2,1,3
280,13,CONMEBOL Libertadores,2020,8th Finals,644089,2020-12-03T00:30:00+00:00,244,Estádio José Pinheiro Borda,"Porto Alegre, Rio Grande do Sul",119,Internacional,0,0,0,451,Boca Juniors,0,1,1
281,13,CONMEBOL Libertadores,2020,8th Finals,644090,2020-11-26T00:30:00+00:00,1214,Estadio General Pablo Rojas,Asunción,1179,Libertad Asuncion,0,3,3,3705,Jorge Wilstermann,0,1,1
282,13,CONMEBOL Libertadores,2020,8th Finals,644091,2020-11-27T00:30:00+00:00,,Estadio Defensores del Chaco,Asunción,1174,Club Guarani,0,0,0,130,Gremio,0,2,2
283,13,CONMEBOL Libertadores,2020,8th Finals,644092,2020-12-01T22:15:00+00:00,7131,Estadio Libertadores de América,"Avellaneda, Provincia de Buenos Aires",435,River Plate,0,1,1,134,Atletico Paranaense,0,0,0
284,13,CONMEBOL Libertadores,2020,8th Finals,644093,2020-12-01T22:15:00+00:00,10494,Estádio Urbano Caldeira,"Santos, São Paulo",128,Santos,0,0,0,1158,LDU de Quito,0,1,1
285,13,CONMEBOL Libertadores,2020,8th Finals,644096,2020-12-02T22:15:00+00:00,258,Allianz Parque,"São Paulo, São Paulo",121,Palmeiras,1,4,5,1149,Delfin SC,0,0,0
286,13,CONMEBOL Libertadores,2020,8th Finals,644097,2020-12-03T00:30:00+00:00,2438,Estadio Félix Capriles,Cochabamba,3705,Jorge Wilstermann,0,0,0,1179,Libertad Asuncion,0,2,2
287,13,CONMEBOL Libertadores,2020,8th Finals,644099,2020-12-04T00:30:00+00:00,241,Arena do Grêmio,"Porto Alegre, Rio Grande do Sul",130,Gremio,1,1,2,1174,Club Guarani,0,0,0
288,13,CONMEBOL Libertadores,2020,Quarter-finals,649953,2020-12-09T00:30:00+00:00,,Estadio Defensores del Chaco,Asunción,1179,Libertad Asuncion,0,1,1,121,Palmeiras,1,0,1
289,13,CONMEBOL Libertadores,2020,Quarter-finals,649955,2020-12-09T22:15:00+00:00,241,Arena do Grêmio,"Porto Alegre, Rio Grande do Sul",130,Gremio,0,1,1,128,Santos,1,0,1
290,13,CONMEBOL Libertadores,2020,Quarter-finals,649957,2020-12-11T00:30:00+00:00,7131,Estadio Libertadores de América,"Avellaneda, Provincia de Buenos Aires",435,River Plate,0,2,2,2356,Club Nacional,0,0,0
291,13,CONMEBOL Libertadores,2020,Quarter-finals,649954,2020-12-16T00:30:00+00:00,258,Allianz Parque,"São Paulo, São Paulo",121,Palmeiras,1,2,3,1179,Libertad Asuncion,0,0,0
292,13,CONMEBOL Libertadores,2020,Quarter-finals,649956,2020-12-16T22:15:00+00:00,10494,Estádio Urbano Caldeira,"Santos, São Paulo",128,Santos,2,2,4,130,Gremio,0,1,1
293,13,CONMEBOL Libertadores,2020,Quarter-finals,649958,2020-12-18T00:30:00+00:00,1639,Estadio Gran Parque Central,Montevideo,2356,Club Nacional,1,1,2,435,River Plate,2,4,6
294,13,CONMEBOL Libertadores,2020,Quarter-finals,651217,2020-12-17T00:30:00+00:00,99,Estadio Presidente Juan Domingo Perón,"Avellaneda, Provincia de Buenos Aires",436,Racing Club,0,1,1,451,Boca Juniors,0,0,0
295,13,CONMEBOL Libertadores,2020,Quarter-finals,651218,2020-12-24T00:30:00+00:00,46,Estadio Alberto José Armando,Ciudad de Buenos Aires,451,Boca Juniors,1,1,2,436,Racing Club,0,0,0
296,13,CONMEBOL Libertadores,2020,Semi-finals,653384,2021-01-06T00:30:00+00:00,7131,Estadio Libertadores de América,"Avellaneda, Provincia de Buenos Aires",435,River Plate,0,0,0,121,Palmeiras,1,2,3
297,13,CONMEBOL Libertadores,2020,Semi-finals,653385,2021-01-13T00:30:00+00:00,258,Allianz Parque,"São Paulo, São Paulo",121,Palmeiras,0,0,0,435,River Plate,2,0,2
298,13,CONMEBOL Libertadores,2020,Semi-finals,654552,2021-01-06T22:15:00+00:00,46,Estadio Alberto José Armando,Ciudad de Buenos Aires,451,Boca Juniors,0,0,0,128,Santos,0,0,0
299,13,CONMEBOL Libertadores,2020,Semi-finals,654553,2021-01-13T22:15:00+00:00,10494,Estádio Urbano Caldeira,"Santos, São Paulo",128,Santos,1,2,3,451,Boca Juniors,0,0,0
300,13,CONMEBOL Libertadores,2020,Final,656970,2021-01-30T20:00:00+00:00,,Estadio Municipal de Maracana,Maracanau,121,Palmeiras,0,1,1,128,Santos,0,0,0
301,13,CONMEBOL Libertadores,2021,1st Round,674890,2021-02-24T22:15:00+00:00,1242,Estadio Monumental,Lima,2541,Cesar Vallejo,0,0,0,2808,Caracas FC,0,0,0
302,13,CONMEBOL Libertadores,2021,1st Round,674891,2021-03-03T22:15:00+00:00,1653,Estadio Olímpico de la UCV,Caracas,2808,Caracas FC,1,1,2,2541,Cesar Vallejo,0,0,0
303,13,CONMEBOL Libertadores,2021,1st Round,674892,2021-02-25T00:30:00+00:00,2488,Estadio Ramón Aguilera Costas,Santa Cruz de la Sierra,3709,Royal Pari,0,1,1,1174,Club Guarani,3,1,4
304,13,CONMEBOL Libertadores,2021,1st Round,674893,2021-03-04T00:30:00+00:00,1224,Estadio Luís Alfonso Giagni,Asunción,1174,Club Guarani,0,1,1,3709,Royal Pari,0,1,1
305,13,CONMEBOL Libertadores,2021,2nd Round,677588,2021-03-10T00:30:00+00:00,342,Estadio Santa Laura-Universidad SEK,Santiago de Chile,2321,Union Espanola,0,1,1,1153,Independiente del Valle,0,0,0
306,13,CONMEBOL Libertadores,2021,2nd Round,677589,2021-03-17T00:30:00+00:00,471,Estadio Rodrigo Paz Delgado,Quito,1153,Independiente del Valle,4,2,6,2321,Union Espanola,0,2,2
307,13,CONMEBOL Libertadores,2021,2nd Round,677590,2021-03-11T00:30:00+00:00,316,Estadio Nacional Julio Martínez Prádanos,Santiago de Chile,2323,Universidad de Chile,0,1,1,460,San Lorenzo,0,1,1
308,13,CONMEBOL Libertadores,2021,2nd Round,677591,2021-03-18T00:30:00+00:00,103,Estadio Pedro Bidegaín,"Capital Federal, Ciudad de Buenos Aires",460,San Lorenzo,1,1,2,2323,Universidad de Chile,0,0,0
309,13,CONMEBOL Libertadores,2021,1st Round,677592,2021-02-24T00:30:00+00:00,1638,Parque Alfredo Víctor Viera,Montevideo,2358,Liverpool Montevideo,0,2,2,1157,Universidad Catolica,1,0,1
310,13,CONMEBOL Libertadores,2021,1st Round,677593,2021-03-03T00:30:00+00:00,465,Estadio Olímpico Atahualpa,Quito,1157,Universidad Catolica,2,1,3,2358,Liverpool Montevideo,0,0,0
311,13,CONMEBOL Libertadores,2021,2nd Round,679774,2021-03-09T22:15:00+00:00,10494,Estádio Urbano Caldeira,"Santos, São Paulo",128,Santos,0,2,2,2812,Deportivo Lara,0,1,1
312,13,CONMEBOL Libertadores,2021,2nd Round,679775,2021-03-16T22:15:00+00:00,1653,Estadio Olímpico de la UCV,Caracas,2812,Deportivo Lara,0,1,1,128,Santos,1,0,1
313,13,CONMEBOL Libertadores,2021,2nd Round,679776,2021-03-09T22:15:00+00:00,1638,Parque Alfredo Víctor Viera,Montevideo,2360,Wanderers,0,1,1,3702,Bolívar,0,0,0
314,13,CONMEBOL Libertadores,2021,2nd Round,679777,2021-03-16T22:15:00+00:00,198,Estadio Hernando Siles,La Paz,3702,Bolívar,2,3,5,2360,Wanderers,0,0,0
315,13,CONMEBOL Libertadores,2021,2nd Round,682144,2021-03-10T22:15:00+00:00,465,Estadio Olímpico Atahualpa,Quito,1157,Universidad Catolica,0,0,0,1179,Libertad Asuncion,1,0,1
316,13,CONMEBOL Libertadores,2021,2nd Round,682145,2021-03-17T22:15:00+00:00,11622,Estadio Defensores del Chaco,Asunción,1179,Libertad Asuncion,1,1,2,1157,Universidad Catolica,0,2,2
317,13,CONMEBOL Libertadores,2021,2nd Round,682146,2021-03-11T00:30:00+00:00,1653,Estadio Olímpico de la UCV,Caracas,2808,Caracas FC,1,0,1,1135,Junior,0,2,2
318,13,CONMEBOL Libertadores,2021,2nd Round,682148,2021-03-12T00:30:00+00:00,11622,Estadio Defensores del Chaco,Asunción,1174,Club Guarani,0,0,0,1137,Atletico Nacional,1,1,2
319,13,CONMEBOL Libertadores,2021,2nd Round,682977,2021-03-11T00:30:00+00:00,241,Arena do Grêmio,"Porto Alegre, Rio Grande do Sul",130,Gremio,4,2,6,2542,Ayacucho FC,0,1,1
320,13,CONMEBOL Libertadores,2021,2nd Round,682978,2021-03-17T00:30:00+00:00,465,Estadio Olímpico Atahualpa,Quito,2542,Ayacucho FC,1,0,1,130,Gremio,1,1,2
321,13,CONMEBOL Libertadores,2021,2nd Round,682147,2021-03-18T00:30:00+00:00,366,Estadio Metropolitano Roberto Meléndez,Barranquilla,1135,Junior,1,2,3,2808,Caracas FC,0,1,1
322,13,CONMEBOL Libertadores,2021,2nd Round,682149,2021-03-19T00:30:00+00:00,380,Estadio Atanasio Girardot,Medellín,1137,Atletico Nacional,2,1,3,1174,Club Guarani,0,0,0
323,13,CONMEBOL Libertadores,2021,3rd Round,685811,2021-04-09T22:15:00+00:00,11622,Estadio Defensores del Chaco,Asunción,1153,Independiente del Valle,0,2,2,130,Gremio,1,0,1
324,13,CONMEBOL Libertadores,2021,3rd Round,685812,2021-04-14T22:15:00+00:00,241,Arena do Grêmio,"Porto Alegre, Rio Grande do Sul",130,Gremio,1,0,1,1153,Independiente del Valle,1,1,2
325,13,CONMEBOL Libertadores,2021,3rd Round,685882,2021-04-07T00:30:00+00:00,103,Estadio Pedro Bidegaín,"Capital Federal, Ciudad de Buenos Aires",460,San Lorenzo,0,1,1,128,Santos,2,1,3
326,13,CONMEBOL Libertadores,2021,3rd Round,685883,2021-04-14T00:30:00+00:00,,Estádio Nacional de Brasília,"Brasília, Distrito Federal",128,Santos,1,1,2,460,San Lorenzo,0,2,2
327,13,CONMEBOL Libertadores,2021,3rd Round,685884,2021-04-09T00:30:00+00:00,198,Estadio Hernando Siles,La Paz,3702,Bolívar,1,1,2,1135,Junior,1,0,1
328,13,CONMEBOL Libertadores,2021,3rd Round,685885,2021-04-16T00:30:00+00:00,366,Estadio Metropolitano Roberto Meléndez,Barranquilla,1135,Junior,1,2,3,3702,Bolívar,0,0,0
329,13,CONMEBOL Libertadores,2021,3rd Round,685886,2021-04-08T00:30:00+00:00,11622,Estadio Defensores del Chaco,Asunción,1179,Libertad Asuncion,0,1,1,1137,Atletico Nacional,0,0,0
330,13,CONMEBOL Libertadores,2021,3rd Round,685887,2021-04-15T00:30:00+00:00,380,Estadio Atanasio Girardot,Medellín,1137,Atletico Nacional,1,3,4,1179,Libertad Asuncion,1,0,1
331,13,CONMEBOL Libertadores,2021,Group H - 1,697012,2021-04-21T22:00:00+00:00,1653,Estadio Olímpico de la UCV,Caracas,2813,Real Esppor Club,1,0,1,1062,Atletico-MG,0,1,1
332,13,CONMEBOL Libertadores,2021,Group G - 1,697014,2021-04-21T00:30:00+00:00,115,Estadio José Amalfitani,"Capital Federal, Ciudad de Buenos Aires",438,Velez Sarsfield,1,1,2,127,Flamengo,1,2,3
333,13,CONMEBOL Libertadores,2021,Group F - 1,697016,2021-04-20T22:15:00+00:00,37,Estadio Diego Armando Maradona,"Capital Federal, Ciudad de Buenos Aires",458,Argentinos JRS,1,1,2,2356,Club Nacional,0,0,0
334,13,CONMEBOL Libertadores,2021,Group B - 1,697018,2021-04-20T22:15:00+00:00,1649,Estadio Polideportivo de Pueblo Nuevo,San Cristóbal,2807,Deportivo Tachira FC,1,2,3,1182,Olimpia,1,1,2
335,13,CONMEBOL Libertadores,2021,Group B - 1,697019,2021-04-20T22:15:00+00:00,198,Estadio Hernando Siles,La Paz,3700,Always Ready,0,2,2,119,Internacional,0,0,0
336,13,CONMEBOL Libertadores,2021,Group C - 1,697020,2021-04-21T22:00:00+00:00,198,Estadio Hernando Siles,La Paz,3711,The Strongest,0,0,0,451,Boca Juniors,1,0,1
337,13,CONMEBOL Libertadores,2021,Group E - 1,697022,2021-04-22T00:00:00+00:00,1624,Estadio Centenario,Montevideo,2371,Rentistas,1,0,1,436,Racing Club,0,1,1
338,13,CONMEBOL Libertadores,2021,Group E - 1,697023,2021-04-21T00:30:00+00:00,1228,Estadio Nacional de Lima,Lima,2546,Sporting Cristal,0,0,0,126,Sao Paulo,1,2,3
339,13,CONMEBOL Libertadores,2021,Group C - 1,698305,2021-04-20T22:15:00+00:00,10494,Estádio Urbano Caldeira,"Santos, São Paulo",128,Santos,0,0,0,1152,Barcelona SC,0,2,2
340,13,CONMEBOL Libertadores,2021,Group A - 1,698306,2021-04-22T00:00:00+00:00,471,Estadio Rodrigo Paz Delgado,Quito,1153,Independiente del Valle,1,0,1,442,Defensa Y Justicia,1,0,1
341,13,CONMEBOL Libertadores,2021,Group H - 1,697013,2021-04-22T02:00:00+00:00,369,Estadio Alfonso López,Bucaramanga,1138,America de Cali,0,0,0,1176,Cerro Porteno,1,1,2
342,13,CONMEBOL Libertadores,2021,Group G - 1,697015,2021-04-22T02:00:00+00:00,343,Estadio Municipal Nicolás Chahuán Nazar,La Calera,2326,Union La Calera,1,1,2,1158,LDU de Quito,0,2,2
343,13,CONMEBOL Libertadores,2021,Group A - 1,697017,2021-04-22T00:00:00+00:00,1242,Estadio Monumental,Lima,2540,Universitario,0,2,2,121,Palmeiras,1,2,3
344,13,CONMEBOL Libertadores,2021,Group D - 1,697021,2021-04-22T22:00:00+00:00,,Estadio Jornalista Mário Filho,"Rio de Janeiro, Rio de Janeiro",124,Fluminense,0,1,1,435,River Plate,1,0,1
345,13,CONMEBOL Libertadores,2021,Group A - 2,697024,2021-04-28T22:00:00+00:00,59,Estadio Norberto Tito Tomaghello,"Florencio Varela, Provincia de Buenos Aires",442,Defensa Y Justicia,1,2,3,2540,Universitario,0,0,0
346,13,CONMEBOL Libertadores,2021,Group B - 2,697025,2021-04-29T02:00:00+00:00,1221,Estadio Manuel Ferreira,Asunción,1182,Olimpia,0,2,2,3700,Always Ready,0,1,1
347,13,CONMEBOL Libertadores,2021,Group B - 2,697026,2021-04-28T00:30:00+00:00,244,Estádio José Pinheiro Borda,"Porto Alegre, Rio Grande do Sul",119,Internacional,3,1,4,2807,Deportivo Tachira FC,0,0,0
348,13,CONMEBOL Libertadores,2021,Group C - 2,697027,2021-04-29T02:00:00+00:00,466,Estadio Monumental Banco Pichincha,Guayaquil,1152,Barcelona SC,0,4,4,3711,The Strongest,0,0,0
349,13,CONMEBOL Libertadores,2021,Group D - 2,697028,2021-04-29T00:00:00+00:00,374,Estadio Centenario,Armenia,1139,Santa Fe,0,1,1,124,Fluminense,1,1,2
350,13,CONMEBOL Libertadores,2021,Group E - 2,697030,2021-04-29T22:00:00+00:00,99,Estadio Presidente Juan Domingo Perón,"Avellaneda, Provincia de Buenos Aires",436,Racing Club,1,1,2,2546,Sporting Cristal,0,1,1
351,13,CONMEBOL Libertadores,2021,Group G - 2,697032,2021-04-27T22:15:00+00:00,,Estadio Jornalista Mário Filho,"Rio de Janeiro, Rio de Janeiro",127,Flamengo,2,2,4,2326,Union La Calera,0,1,1
352,13,CONMEBOL Libertadores,2021,Group G - 2,697033,2021-04-27T22:15:00+00:00,471,Estadio Rodrigo Paz Delgado,Quito,1158,LDU de Quito,1,2,3,438,Velez Sarsfield,1,0,1
353,13,CONMEBOL Libertadores,2021,Group H - 2,697034,2021-04-28T22:00:00+00:00,1214,Estadio General Pablo Rojas,Asunción,1176,Cerro Porteno,0,0,0,2813,Real Esppor Club,0,0,0
354,13,CONMEBOL Libertadores,2021,Group H - 2,697035,2021-04-27T22:15:00+00:00,234,Estádio Governador Magalhães Pinto,"Belo Horizonte, Minas Gerais",1062,Atletico-MG,0,2,2,1138,America de Cali,0,1,1
355,13,CONMEBOL Libertadores,2021,Group F - 1,698307,2021-04-23T00:00:00+00:00,378,Estadio Hernán Ramírez Villegas,Pereira,1137,Atletico Nacional,2,0,2,2994,U. Catolica,0,0,0
356,13,CONMEBOL Libertadores,2021,Group A - 2,698308,2021-04-28T00:30:00+00:00,258,Allianz Parque,"São Paulo, São Paulo",121,Palmeiras,2,3,5,1153,Independiente del Valle,0,0,0
357,13,CONMEBOL Libertadores,2021,Group C - 2,698309,2021-04-28T00:30:00+00:00,46,Estadio Alberto José Armando,Ciudad de Buenos Aires,451,Boca Juniors,0,2,2,128,Santos,0,0,0
358,13,CONMEBOL Libertadores,2021,Group F - 2,698310,2021-04-28T22:00:00+00:00,1639,Estadio Gran Parque Central,Montevideo,2356,Club Nacional,2,2,4,1137,Atletico Nacional,2,2,4
359,13,CONMEBOL Libertadores,2021,Group D - 1,699221,2021-04-23T02:00:00+00:00,366,Estadio Metropolitano Roberto Meléndez,Barranquilla,1135,Junior,1,0,1,1139,Santa Fe,1,0,1
360,13,CONMEBOL Libertadores,2021,Group D - 2,699222,2021-04-29T00:00:00+00:00,31,Estadio Monumental Antonio Vespucio Liberti,"Capital Federal, Ciudad de Buenos Aires",435,River Plate,1,1,2,1135,Junior,0,1,1
361,13,CONMEBOL Libertadores,2021,Group E - 2,697029,2021-04-30T00:00:00+00:00,,Estádio Cícero Pompeu de Toledo,"São Paulo, São Paulo",126,Sao Paulo,1,1,2,2371,Rentistas,0,0,0
362,13,CONMEBOL Libertadores,2021,Group F - 2,697031,2021-04-29T22:00:00+00:00,345,Estadio San Carlos de Apoquindo,Santiago de Chile,2994,U. Catolica,0,0,0,458,Argentinos JRS,1,1,2
363,13,CONMEBOL Libertadores,2021,Group A - 3,697036,2021-05-05T00:30:00+00:00,59,Estadio Norberto Tito Tomaghello,"Florencio Varela, Provincia de Buenos Aires",442,Defensa Y Justicia,0,1,1,121,Palmeiras,0,2,2
364,13,CONMEBOL Libertadores,2021,Group B - 3,697037,2021-05-06T22:00:00+00:00,198,Estadio Hernando Siles,La Paz,3700,Always Ready,1,1,2,2807,Deportivo Tachira FC,0,0,0
365,13,CONMEBOL Libertadores,2021,Group B - 3,697038,2021-05-06T00:00:00+00:00,244,Estádio José Pinheiro Borda,"Porto Alegre, Rio Grande do Sul",119,Internacional,1,5,6,1182,Olimpia,0,1,1
366,13,CONMEBOL Libertadores,2021,Group C - 3,697039,2021-05-05T00:30:00+00:00,466,Estadio Monumental Banco Pichincha,Guayaquil,1152,Barcelona SC,0,1,1,451,Boca Juniors,0,0,0
367,13,CONMEBOL Libertadores,2021,Group D - 3,697040,2021-05-07T00:00:00+00:00,1214,Estadio General Pablo Rojas,Asunción,1139,Santa Fe,0,0,0,435,River Plate,0,0,0
368,13,CONMEBOL Libertadores,2021,Group E - 3,697041,2021-05-06T00:00:00+00:00,1624,Estadio Centenario,Montevideo,2371,Rentistas,0,0,0,2546,Sporting Cristal,0,0,0
369,13,CONMEBOL Libertadores,2021,Group E - 3,697042,2021-05-05T22:00:00+00:00,99,Estadio Presidente Juan Domingo Perón,"Avellaneda, Provincia de Buenos Aires",436,Racing Club,0,0,0,126,Sao Paulo,0,0,0
370,13,CONMEBOL Libertadores,2021,Group F - 3,697043,2021-05-06T02:00:00+00:00,345,Estadio San Carlos de Apoquindo,Santiago de Chile,2994,U. Catolica,1,2,3,2356,Club Nacional,1,0,1
371,13,CONMEBOL Libertadores,2021,Group G - 3,697044,2021-05-04T22:15:00+00:00,343,Estadio Municipal Nicolás Chahuán Nazar,La Calera,2326,Union La Calera,0,0,0,438,Velez Sarsfield,1,1,2
372,13,CONMEBOL Libertadores,2021,Group G - 3,697045,2021-05-05T00:30:00+00:00,471,Estadio Rodrigo Paz Delgado,Quito,1158,LDU de Quito,0,2,2,127,Flamengo,2,1,3
373,13,CONMEBOL Libertadores,2021,Group H - 3,697046,2021-05-07T02:00:00+00:00,1653,Estadio Olímpico de la UCV,Caracas,2813,Real Esppor Club,0,0,0,1138,America de Cali,0,0,0
374,13,CONMEBOL Libertadores,2021,Group H - 3,697047,2021-05-04T22:15:00+00:00,234,Estádio Governador Magalhães Pinto,"Belo Horizonte, Minas Gerais",1062,Atletico-MG,2,2,4,1176,Cerro Porteno,0,0,0
375,13,CONMEBOL Libertadores,2021,Group B - 4,697050,2021-05-11T22:15:00+00:00,1649,Estadio Polideportivo de Pueblo Nuevo,San Cristóbal,2807,Deportivo Tachira FC,0,2,2,119,Internacional,0,1,1
376,13,CONMEBOL Libertadores,2021,Group C - 3,698311,2021-05-04T22:15:00+00:00,10494,Estádio Urbano Caldeira,"Santos, São Paulo",128,Santos,3,2,5,3711,The Strongest,0,0,0
377,13,CONMEBOL Libertadores,2021,Group A - 3,698312,2021-05-05T22:00:00+00:00,471,Estadio Rodrigo Paz Delgado,Quito,1153,Independiente del Valle,1,3,4,2540,Universitario,0,0,0
378,13,CONMEBOL Libertadores,2021,Group F - 3,698313,2021-05-06T22:00:00+00:00,1221,Estadio Manuel Ferreira,Asunción,1137,Atletico Nacional,0,0,0,458,Argentinos JRS,1,1,2
379,13,CONMEBOL Libertadores,2021,Group C - 4,698314,2021-05-11T22:15:00+00:00,10494,Estádio Urbano Caldeira,"Santos, São Paulo",128,Santos,1,0,1,451,Boca Juniors,0,0,0
380,13,CONMEBOL Libertadores,2021,Group D - 3,699223,2021-05-07T00:00:00+00:00,466,Estadio Monumental Banco Pichincha,Guayaquil,1135,Junior,1,0,1,124,Fluminense,1,0,1
381,13,CONMEBOL Libertadores,2021,Group A - 4,697048,2021-05-13T02:00:00+00:00,1242,Estadio Monumental,Lima,2540,Universitario,1,0,1,442,Defensa Y Justicia,0,1,1
382,13,CONMEBOL Libertadores,2021,Group B - 4,697049,2021-05-14T00:00:00+00:00,198,Estadio Hernando Siles,La Paz,3700,Always Ready,1,0,1,1182,Olimpia,1,1,2
383,13,CONMEBOL Libertadores,2021,Group C - 4,697051,2021-05-11T22:15:00+00:00,198,Estadio Hernando Siles,La Paz,3711,The Strongest,1,1,2,1152,Barcelona SC,0,0,0
384,13,CONMEBOL Libertadores,2021,Group D - 4,697052,2021-05-13T00:00:00+00:00,,Estadio Jornalista Mário Filho,"Rio de Janeiro, Rio de Janeiro",124,Fluminense,0,2,2,1139,Santa Fe,0,1,1
385,13,CONMEBOL Libertadores,2021,Group E - 4,697053,2021-05-12T00:30:00+00:00,1228,Estadio Nacional de Lima,Lima,2546,Sporting Cristal,0,0,0,436,Racing Club,0,2,2
386,13,CONMEBOL Libertadores,2021,Group E - 4,697054,2021-05-12T22:00:00+00:00,1624,Estadio Centenario,Montevideo,2371,Rentistas,1,0,1,126,Sao Paulo,1,0,1
387,13,CONMEBOL Libertadores,2021,Group F - 4,697055,2021-05-12T22:00:00+00:00,37,Estadio Diego Armando Maradona,"Capital Federal, Ciudad de Buenos Aires",458,Argentinos JRS,0,0,0,2994,U. Catolica,0,1,1
388,13,CONMEBOL Libertadores,2021,Group G - 4,697056,2021-05-12T00:30:00+00:00,343,Estadio Municipal Nicolás Chahuán Nazar,La Calera,2326,Union La Calera,2,0,2,127,Flamengo,1,1,2
389,13,CONMEBOL Libertadores,2021,Group G - 4,697057,2021-05-13T22:00:00+00:00,115,Estadio José Amalfitani,"Capital Federal, Ciudad de Buenos Aires",438,Velez Sarsfield,1,2,3,1158,LDU de Quito,0,1,1
390,13,CONMEBOL Libertadores,2021,Group H - 4,697058,2021-05-14T00:00:00+00:00,,Estadio Romelio Martínez,Barranquilla,1138,America de Cali,1,0,1,1062,Atletico-MG,1,2,3
391,13,CONMEBOL Libertadores,2021,Group H - 4,697059,2021-05-13T00:00:00+00:00,1653,Estadio Olímpico de la UCV,Caracas,2813,Real Esppor Club,0,0,0,1176,Cerro Porteno,1,0,1
392,13,CONMEBOL Libertadores,2021,Group A - 5,697060,2021-05-18T22:15:00+00:00,258,Allianz Parque,"São Paulo, São Paulo",121,Palmeiras,2,1,3,442,Defensa Y Justicia,2,2,4
393,13,CONMEBOL Libertadores,2021,Group E - 5,697066,2021-05-19T00:30:00+00:00,,Estádio Cícero Pompeu de Toledo,"São Paulo, São Paulo",126,Sao Paulo,0,0,0,436,Racing Club,1,0,1
394,13,CONMEBOL Libertadores,2021,Group F - 5,697067,2021-05-18T22:15:00+00:00,1639,Estadio Gran Parque Central,Montevideo,2356,Club Nacional,1,0,1,2994,U. Catolica,0,0,0
395,13,CONMEBOL Libertadores,2021,Group A - 4,698315,2021-05-12T00:30:00+00:00,471,Estadio Rodrigo Paz Delgado,Quito,1153,Independiente del Valle,0,0,0,121,Palmeiras,1,0,1
396,13,CONMEBOL Libertadores,2021,Group F - 4,698316,2021-05-13T03:00:00+00:00,378,Estadio Hernán Ramírez Villegas,Pereira,1137,Atletico Nacional,0,0,0,2356,Club Nacional,0,0,0
397,13,CONMEBOL Libertadores,2021,Group C - 5,698317,2021-05-18T22:15:00+00:00,198,Estadio Hernando Siles,La Paz,3711,The Strongest,2,0,2,128,Santos,0,1,1
398,13,CONMEBOL Libertadores,2021,Group A - 5,698318,2021-05-19T00:30:00+00:00,1242,Estadio Monumental,Lima,2540,Universitario,1,2,3,1153,Independiente del Valle,1,1,2
399,13,CONMEBOL Libertadores,2021,Group D - 4,699224,2021-05-13T00:00:00+00:00,,Estadio Romelio Martínez,Barranquilla,1135,Junior,1,0,1,435,River Plate,0,1,1
400,13,CONMEBOL Libertadores,2021,Group D - 5,699225,2021-05-19T00:30:00+00:00,,Estadio Jornalista Mário Filho,"Rio de Janeiro, Rio de Janeiro",124,Fluminense,0,1,1,1135,Junior,1,1,2
401,13,CONMEBOL Libertadores,2021,Group B - 5,697061,2021-05-20T02:00:00+00:00,1649,Estadio Polideportivo de Pueblo Nuevo,San Cristóbal,2807,Deportivo Tachira FC,4,3,7,3700,Always Ready,0,2,2
402,13,CONMEBOL Libertadores,2021,Group B - 5,697062,2021-05-21T00:00:00+00:00,1221,Estadio Manuel Ferreira,Asunción,1182,Olimpia,0,0,0,119,Internacional,0,1,1
403,13,CONMEBOL Libertadores,2021,Group C - 5,697063,2021-05-21T00:00:00+00:00,46,Estadio Alberto José Armando,Ciudad de Buenos Aires,451,Boca Juniors,0,0,0,1152,Barcelona SC,0,0,0
404,13,CONMEBOL Libertadores,2021,Group D - 5,697064,2021-05-20T00:00:00+00:00,31,Estadio Monumental Antonio Vespucio Liberti,"Capital Federal, Ciudad de Buenos Aires",435,River Plate,2,0,2,1139,Santa Fe,0,1,1
405,13,CONMEBOL Libertadores,2021,Group E - 5,697065,2021-05-19T22:00:00+00:00,1228,Estadio Nacional de Lima,Lima,2546,Sporting Cristal,1,1,2,2371,Rentistas,0,0,0
406,13,CONMEBOL Libertadores,2021,Group G - 5,697068,2021-05-20T00:00:00+00:00,,Estadio Jornalista Mário Filho,"Rio de Janeiro, Rio de Janeiro",127,Flamengo,1,1,2,1158,LDU de Quito,1,1,2
407,13,CONMEBOL Libertadores,2021,Group G - 5,697069,2021-05-19T22:00:00+00:00,115,Estadio José Amalfitani,"Capital Federal, Ciudad de Buenos Aires",438,Velez Sarsfield,2,0,2,2326,Union La Calera,1,0,1
408,13,CONMEBOL Libertadores,2021,Group H - 5,697070,2021-05-20T02:00:00+00:00,2488,Estadio Ramón Aguilera Costas,Santa Cruz de la Sierra,1138,America de Cali,1,2,3,2813,Real Esppor Club,1,0,1
409,13,CONMEBOL Libertadores,2021,Group H - 5,697071,2021-05-20T00:00:00+00:00,1214,Estadio General Pablo Rojas,Asunción,1176,Cerro Porteno,0,0,0,1062,Atletico-MG,0,1,1
410,13,CONMEBOL Libertadores,2021,Group B - 6,697073,2021-05-26T22:00:00+00:00,244,Estádio José Pinheiro Borda,"Porto Alegre, Rio Grande do Sul",119,Internacional,0,0,0,3700,Always Ready,0,0,0
411,13,CONMEBOL Libertadores,2021,Group B - 6,697074,2021-05-26T22:00:00+00:00,1221,Estadio Manuel Ferreira,Asunción,1182,Olimpia,2,4,6,2807,Deportivo Tachira FC,0,2,2
412,13,CONMEBOL Libertadores,2021,Group C - 6,697075,2021-05-27T00:00:00+00:00,46,Estadio Alberto José Armando,Ciudad de Buenos Aires,451,Boca Juniors,2,1,3,3711,The Strongest,0,0,0
413,13,CONMEBOL Libertadores,2021,Group D - 6,697076,2021-05-25T22:15:00+00:00,31,Estadio Monumental Antonio Vespucio Liberti,"Capital Federal, Ciudad de Buenos Aires",435,River Plate,0,1,1,124,Fluminense,2,1,3
414,13,CONMEBOL Libertadores,2021,Group E - 6,697077,2021-05-26T00:30:00+00:00,99,Estadio Presidente Juan Domingo Perón,"Avellaneda, Provincia de Buenos Aires",436,Racing Club,1,2,3,2371,Rentistas,0,0,0
415,13,CONMEBOL Libertadores,2021,Group E - 6,697078,2021-05-26T00:30:00+00:00,,Estádio Cícero Pompeu de Toledo,"São Paulo, São Paulo",126,Sao Paulo,1,2,3,2546,Sporting Cristal,0,0,0
416,13,CONMEBOL Libertadores,2021,Group H - 6,697082,2021-05-26T00:30:00+00:00,234,Estádio Governador Magalhães Pinto,"Belo Horizonte, Minas Gerais",1062,Atletico-MG,2,2,4,2813,Real Esppor Club,0,0,0
417,13,CONMEBOL Libertadores,2021,Group H - 6,697083,2021-05-26T00:30:00+00:00,1214,Estadio General Pablo Rojas,Asunción,1176,Cerro Porteno,1,0,1,1138,America de Cali,0,0,0
418,13,CONMEBOL Libertadores,2021,Group F - 5,698319,2021-05-20T22:00:00+00:00,37,Estadio Diego Armando Maradona,"Capital Federal, Ciudad de Buenos Aires",458,Argentinos JRS,0,1,1,1137,Atletico Nacional,0,0,0
419,13,CONMEBOL Libertadores,2021,Group C - 6,698320,2021-05-27T00:00:00+00:00,466,Estadio Monumental Banco Pichincha,Guayaquil,1152,Barcelona SC,1,2,3,128,Santos,1,0,1
420,13,CONMEBOL Libertadores,2021,Group D - 6,699226,2021-05-25T22:15:00+00:00,474,Estadio Bellavista de Ambato,Ambato,1139,Santa Fe,0,0,0,1135,Junior,0,0,0
421,13,CONMEBOL Libertadores,2021,Group A - 6,697072,2021-05-27T22:00:00+00:00,258,Allianz Parque,"São Paulo, São Paulo",121,Palmeiras,2,4,6,2540,Universitario,0,0,0
422,13,CONMEBOL Libertadores,2021,Group F - 6,697079,2021-05-27T02:00:00+00:00,1639,Estadio Gran Parque Central,Montevideo,2356,Club Nacional,0,2,2,458,Argentinos JRS,0,0,0
423,13,CONMEBOL Libertadores,2021,Group G - 6,697080,2021-05-28T00:00:00+00:00,471,Estadio Rodrigo Paz Delgado,Quito,1158,LDU de Quito,3,2,5,2326,Union La Calera,0,2,2
424,13,CONMEBOL Libertadores,2021,Group G - 6,697081,2021-05-28T00:00:00+00:00,,Estadio Jornalista Mário Filho,"Rio de Janeiro, Rio de Janeiro",127,Flamengo,0,0,0,438,Velez Sarsfield,0,0,0
425,13,CONMEBOL Libertadores,2021,Group F - 6,698321,2021-05-27T02:00:00+00:00,345,Estadio San Carlos de Apoquindo,Santiago de Chile,2994,U. Catolica,1,1,2,1137,Atletico Nacional,0,0,0
426,13,CONMEBOL Libertadores,2021,Group A - 6,698322,2021-05-27T22:00:00+00:00,59,Estadio Norberto Tito Tomaghello,"Florencio Varela, Provincia de Buenos Aires",442,Defensa Y Justicia,1,0,1,1153,Independiente del Valle,1,0,1
427,13,CONMEBOL Libertadores,2021,Round of 16,706481,2021-07-13T22:15:00+00:00,46,Estadio Alberto José Armando,Ciudad de Buenos Aires,451,Boca Juniors,0,0,0,1062,Atletico-MG,0,0,0
428,13,CONMEBOL Libertadores,2021,Round of 16,706483,2021-07-13T22:15:00+00:00,1214,Estadio General Pablo Rojas,Asunción,1176,Cerro Porteno,0,0,0,124,Fluminense,0,2,2
429,13,CONMEBOL Libertadores,2021,Round of 16,706484,2021-08-03T22:15:00+00:00,,Estadio Jornalista Mário Filho,"Rio de Janeiro, Rio de Janeiro",124,Fluminense,1,0,1,1176,Cerro Porteno,0,0,0
430,13,CONMEBOL Libertadores,2021,Round of 16,706485,2021-07-14T00:30:00+00:00,,Estádio Cícero Pompeu de Toledo,"São Paulo, São Paulo",126,Sao Paulo,1,0,1,436,Racing Club,1,0,1
431,13,CONMEBOL Libertadores,2021,Round of 16,706486,2021-07-21T00:30:00+00:00,99,Estadio Presidente Juan Domingo Perón,"Avellaneda, Provincia de Buenos Aires",436,Racing Club,0,1,1,126,Sao Paulo,1,2,3
432,13,CONMEBOL Libertadores,2021,Round of 16,706487,2021-07-14T22:15:00+00:00,345,Estadio San Carlos de Apoquindo,Santiago de Chile,2994,U. Catolica,0,0,0,121,Palmeiras,1,0,1
433,13,CONMEBOL Libertadores,2021,Round of 16,706488,2021-07-21T22:15:00+00:00,258,Allianz Parque,"São Paulo, São Paulo",121,Palmeiras,1,0,1,2994,U. Catolica,0,0,0
434,13,CONMEBOL Libertadores,2021,Round of 16,706489,2021-07-14T22:15:00+00:00,115,Estadio José Amalfitani,"Capital Federal, Ciudad de Buenos Aires",438,Velez Sarsfield,1,0,1,1152,Barcelona SC,0,0,0
435,13,CONMEBOL Libertadores,2021,Round of 16,706490,2021-07-21T22:15:00+00:00,466,Estadio Monumental Banco Pichincha,Guayaquil,1152,Barcelona SC,1,2,3,438,Velez Sarsfield,0,1,1
436,13,CONMEBOL Libertadores,2021,Round of 16,706491,2021-07-15T00:30:00+00:00,59,Estadio Norberto Tito Tomaghello,"Florencio Varela, Provincia de Buenos Aires",442,Defensa Y Justicia,0,0,0,127,Flamengo,1,0,1
437,13,CONMEBOL Libertadores,2021,Round of 16,706492,2021-07-22T00:30:00+00:00,,Estádio Nacional de Brasília,"Brasília, Distrito Federal",127,Flamengo,1,3,4,442,Defensa Y Justicia,1,0,1
438,13,CONMEBOL Libertadores,2021,Round of 16,706493,2021-07-15T00:30:00+00:00,31,Estadio Monumental Antonio Vespucio Liberti,"Capital Federal, Ciudad de Buenos Aires",435,River Plate,1,0,1,458,Argentinos JRS,1,0,1
439,13,CONMEBOL Libertadores,2021,Round of 16,706494,2021-07-22T00:30:00+00:00,37,Estadio Diego Armando Maradona,"Capital Federal, Ciudad de Buenos Aires",458,Argentinos JRS,0,0,0,435,River Plate,1,1,2
440,13,CONMEBOL Libertadores,2021,Round of 16,706495,2021-07-16T00:30:00+00:00,1221,Estadio Manuel Ferreira,Asunción,1182,Olimpia,0,0,0,119,Internacional,0,0,0
441,13,CONMEBOL Libertadores,2021,Quarter-finals,741527,2021-08-11T00:30:00+00:00,,Estádio Cícero Pompeu de Toledo,"São Paulo, São Paulo",126,Sao Paulo,0,1,1,121,Palmeiras,0,1,1
442,13,CONMEBOL Libertadores,2021,Quarter-finals,741528,2021-08-18T00:30:00+00:00,258,Allianz Parque,"São Paulo, São Paulo",121,Palmeiras,1,2,3,126,Sao Paulo,0,0,0
443,13,CONMEBOL Libertadores,2021,Quarter-finals,741529,2021-08-12T00:30:00+00:00,31,Estadio Monumental Antonio Vespucio Liberti,"Capital Federal, Ciudad de Buenos Aires",435,River Plate,0,0,0,1062,Atletico-MG,0,1,1
444,13,CONMEBOL Libertadores,2021,Quarter-finals,741530,2021-08-19T00:30:00+00:00,234,Estádio Governador Magalhães Pinto,"Belo Horizonte, Minas Gerais",1062,Atletico-MG,2,1,3,435,River Plate,0,0,0
445,13,CONMEBOL Libertadores,2021,Quarter-finals,747948,2021-08-11T22:15:00+00:00,1221,Estadio Manuel Ferreira,Asunción,1182,Olimpia,1,0,1,127,Flamengo,2,2,4
446,13,CONMEBOL Libertadores,2021,Quarter-finals,747949,2021-08-18T22:15:00+00:00,,Estádio Nacional de Brasília,"Brasília, Distrito Federal",127,Flamengo,2,3,5,1182,Olimpia,1,0,1
447,13,CONMEBOL Libertadores,2021,Quarter-finals,760387,2021-08-13T00:30:00+00:00,,Estadio Jornalista Mário Filho,"Rio de Janeiro, Rio de Janeiro",124,Fluminense,1,1,2,1152,Barcelona SC,0,2,2
448,13,CONMEBOL Libertadores,2021,Quarter-finals,760388,2021-08-20T00:30:00+00:00,466,Estadio Monumental Banco Pichincha,Guayaquil,1152,Barcelona SC,0,1,1,124,Fluminense,0,1,1
449,13,CONMEBOL Libertadores,2021,Semi-finals,774978,2021-09-22T00:30:00+00:00,258,Allianz Parque,"São Paulo, São Paulo",121,Palmeiras,0,0,0,1062,Atletico-MG,0,0,0
450,13,CONMEBOL Libertadores,2021,Semi-finals,774979,2021-09-29T00:30:00+00:00,234,Estádio Governador Magalhães Pinto,"Belo Horizonte, Minas Gerais",1062,Atletico-MG,0,1,1,121,Palmeiras,0,1,1
451,13,CONMEBOL Libertadores,2021,Semi-finals,793122,2021-09-23T00:30:00+00:00,,Estadio Jornalista Mário Filho,"Rio de Janeiro, Rio de Janeiro",127,Flamengo,2,0,2,1152,Barcelona SC,0,0,0
452,13,CONMEBOL Libertadores,2021,Semi-finals,793123,2021-09-30T00:30:00+00:00,466,Estadio Monumental Banco Pichincha,Guayaquil,1152,Barcelona SC,0,0,0,127,Flamengo,1,1,2
453,13,CONMEBOL Libertadores,2022,2nd Round,819340,2022-02-21T22:15:00+00:00,334,Estadio Sausalito,Viña del Mar,2325,Everton de Vina,2,1,3,2811,Monagas SC,0,0,0
454,13,CONMEBOL Libertadores,2022,2nd Round,819341,2022-02-28T22:15:00+00:00,1660,Estadio Monumental de Maturín,Maturín,2811,Monagas SC,0,1,1,2325,Everton de Vina,0,0,0
455,13,CONMEBOL Libertadores,2022,2nd Round,819342,2022-02-23T00:30:00+00:00,1624,Estadio Centenario,Montevideo,2355,Plaza Colonia,2,0,2,3711,The Strongest,0,0,0
456,13,CONMEBOL Libertadores,2022,2nd Round,819343,2022-03-02T00:30:00+00:00,198,Estadio Hernando Siles,La Paz,3711,The Strongest,2,1,3,2355,Plaza Colonia,0,0,0
457,13,CONMEBOL Libertadores,2022,2nd Round,819344,2022-02-22T22:15:00+00:00,206,Estádio Raimundo Sampaio,"Belo Horizonte, Minas Gerais",125,America Mineiro,0,0,0,1174,Club Guarani,0,1,1
458,13,CONMEBOL Libertadores,2022,2nd Round,819346,2022-02-24T00:30:00+00:00,337,Estadio El Teniente,Rancagua,2329,A. Italiano,1,0,1,450,Estudiantes L.P.,0,0,0
459,13,CONMEBOL Libertadores,2022,2nd Round,819347,2022-03-03T00:30:00+00:00,,Estadio Jorge Luis Hirschi,"La Plata, Provincia de Buenos Aires",450,Estudiantes L.P.,1,1,2,2329,A. Italiano,0,0,0
460,13,CONMEBOL Libertadores,2022,1st Round,819348,2022-02-09T00:30:00+00:00,1624,Estadio Centenario,Montevideo,2365,Atletico Torque,0,1,1,1152,Barcelona SC,1,0,1
461,13,CONMEBOL Libertadores,2022,1st Round,819350,2022-02-08T22:15:00+00:00,1664,Estadio Rafael Agustín Tovar,Barinas,2812,Deportivo Lara,2,0,2,3702,Bolívar,3,0,3
462,13,CONMEBOL Libertadores,2022,1st Round,819351,2022-02-15T22:15:00+00:00,198,Estadio Hernando Siles,La Paz,3702,Bolívar,1,3,4,2812,Deportivo Lara,0,0,0
463,13,CONMEBOL Libertadores,2022,1st Round,819352,2022-02-10T00:30:00+00:00,1228,Estadio Nacional de Lima,Lima,2541,Cesar Vallejo,0,0,0,1182,Olimpia,1,0,1
464,13,CONMEBOL Libertadores,2022,1st Round,819353,2022-02-17T00:30:00+00:00,11622,Estadio Defensores del Chaco,Asunción,1182,Olimpia,1,1,2,2541,Cesar Vallejo,0,0,0
465,13,CONMEBOL Libertadores,2022,2nd Round,828392,2022-02-23T00:30:00+00:00,383,Estadio Nemesio Camacho El Campín,"Bogotá, D.C.",1125,Millonarios,1,0,1,124,Fluminense,1,1,2
466,13,CONMEBOL Libertadores,2022,2nd Round,828393,2022-03-02T00:30:00+00:00,279,Estádio São Januário,"Rio de Janeiro, Rio de Janeiro",124,Fluminense,0,2,2,1125,Millonarios,0,0,0
467,13,CONMEBOL Libertadores,2022,2nd Round,842760,2022-02-22T22:15:00+00:00,198,Estadio Hernando Siles,La Paz,3702,Bolívar,1,0,1,1157,Universidad Catolica,1,0,1
468,13,CONMEBOL Libertadores,2022,2nd Round,842761,2022-03-01T22:15:00+00:00,465,Estadio Olímpico Atahualpa,Quito,1157,Universidad Catolica,2,0,2,3702,Bolívar,0,0,0
469,13,CONMEBOL Libertadores,2022,2nd Round,842762,2022-02-24T00:30:00+00:00,466,Estadio Monumental Banco Pichincha,Guayaquil,1152,Barcelona SC,0,2,2,2540,Universitario,0,0,0
470,13,CONMEBOL Libertadores,2022,2nd Round,842763,2022-03-03T00:30:00+00:00,1228,Estadio Nacional de Lima,Lima,2540,Universitario,0,0,0,1152,Barcelona SC,0,1,1
471,13,CONMEBOL Libertadores,2022,2nd Round,842764,2022-02-25T00:30:00+00:00,11622,Estadio Defensores del Chaco,Asunción,1182,Olimpia,1,2,3,1137,Atletico Nacional,0,1,1
472,13,CONMEBOL Libertadores,2022,2nd Round,842765,2022-03-04T00:30:00+00:00,380,Estadio Atanasio Girardot,Medellín,1137,Atletico Nacional,0,1,1,1182,Olimpia,0,1,1
473,13,CONMEBOL Libertadores,2022,3rd Round,846331,2022-03-10T00:30:00+00:00,218,Estádio Nilton Santos,Rio de Janeiro,124,Fluminense,1,2,3,1182,Olimpia,1,0,1
474,13,CONMEBOL Libertadores,2022,3rd Round,846333,2022-03-08T22:15:00+00:00,334,Estadio Sausalito,Viña del Mar,2325,Everton de Vina,0,0,0,450,Estudiantes L.P.,0,1,1
475,13,CONMEBOL Libertadores,2022,3rd Round,846334,2022-03-15T22:15:00+00:00,,Estadio Jorge Luis Hirschi,"La Plata, Provincia de Buenos Aires",450,Estudiantes L.P.,1,0,1,2325,Everton de Vina,0,0,0
476,13,CONMEBOL Libertadores,2022,3rd Round,846335,2022-03-11T00:30:00+00:00,465,Estadio Olímpico Atahualpa,Quito,1157,Universidad Catolica,0,0,0,3711,The Strongest,0,0,0
477,13,CONMEBOL Libertadores,2022,3rd Round,846336,2022-03-09T00:30:00+00:00,206,Estádio Raimundo Sampaio,"Belo Horizonte, Minas Gerais",125,America Mineiro,0,0,0,1152,Barcelona SC,0,0,0
478,13,CONMEBOL Libertadores,2022,3rd Round,846337,2022-03-18T00:30:00+00:00,198,Estadio Hernando Siles,La Paz,3711,The Strongest,1,1,2,1157,Universidad Catolica,1,0,1
479,13,CONMEBOL Libertadores,2022,Group Stage - 1,853675,2022-04-05T22:15:00+00:00,1653,Estadio Olímpico de la UCV,Caracas,2808,Caracas FC,0,0,0,134,Atletico Paranaense,0,0,0
480,13,CONMEBOL Libertadores,2022,Group Stage - 1,853676,2022-04-05T22:15:00+00:00,11622,Estadio Defensores del Chaco,Asunción,1182,Olimpia,0,0,0,1176,Cerro Porteno,0,0,0
481,13,CONMEBOL Libertadores,2022,Group Stage - 1,853677,2022-04-05T22:15:00+00:00,57,Estadio Brigadier General Estanislao López,"Ciudad de Santa Fe, Provincia de Santa Fe",448,Colon Santa Fe,1,1,2,2348,Penarol,0,1,1
482,13,CONMEBOL Libertadores,2022,Group Stage - 1,853678,2022-04-06T00:30:00+00:00,198,Estadio Hernando Siles,La Paz,3700,Always Ready,1,1,2,131,Corinthians,0,0,0
483,13,CONMEBOL Libertadores,2022,Group Stage - 1,853679,2022-04-06T00:30:00+00:00,376,Estadio Deportivo Cali,Palmira,1127,Deportivo Cali,0,2,2,451,Boca Juniors,0,0,0
484,13,CONMEBOL Libertadores,2022,Group Stage - 1,853680,2022-04-06T01:00:00+00:00,1228,Estadio Nacional de Lima,Lima,2546,Sporting Cristal,0,0,0,127,Flamengo,1,1,2
485,13,CONMEBOL Libertadores,2022,Group Stage - 1,853681,2022-04-06T22:00:00+00:00,220,Estádio Nabi Abi Chedid,"Bragança Paulista, São Paulo",794,RB Bragantino,1,1,2,2356,Club Nacional,0,0,0
486,13,CONMEBOL Libertadores,2022,Group Stage - 1,853682,2022-04-06T22:00:00+00:00,206,Estádio Raimundo Sampaio,"Belo Horizonte, Minas Gerais",125,America Mineiro,0,0,0,1153,Independiente del Valle,1,1,2
487,13,CONMEBOL Libertadores,2022,Group Stage - 1,853683,2022-04-06T22:00:00+00:00,110,Estadio Mario Alberto Kempes,"Ciudad de Córdoba, Provincia de Córdoba",456,Talleres Cordoba,1,0,1,2994,U. Catolica,0,0,0
488,13,CONMEBOL Libertadores,2022,Group Stage - 1,853684,2022-04-07T00:00:00+00:00,1649,Estadio Polideportivo de Pueblo Nuevo,San Cristóbal,2807,Deportivo Tachira FC,0,0,0,121,Palmeiras,2,2,4
489,13,CONMEBOL Libertadores,2022,Group Stage - 1,853685,2022-04-07T00:00:00+00:00,375,Estadio Manuel Murillo Toro,Ibagué,1142,Deportes Tolima,0,0,0,1062,Atletico-MG,1,1,2
490,13,CONMEBOL Libertadores,2022,Group Stage - 1,853686,2022-04-07T00:00:00+00:00,1228,Estadio Nacional de Lima,Lima,2553,Alianza Lima,0,0,0,435,River Plate,0,1,1
491,13,CONMEBOL Libertadores,2022,Group Stage - 1,853687,2022-04-07T02:00:00+00:00,2655,Estadio Olímpico Patria,Sucre,15702,Independiente Petrolero,0,1,1,1148,Emelec,0,1,1
492,13,CONMEBOL Libertadores,2022,Group Stage - 1,853688,2022-04-07T22:00:00+00:00,225,Estádio Governador Plácido Aderaldo Castelo,"Fortaleza, Ceará",154,Fortaleza EC,0,1,1,2315,Colo Colo,1,1,2
493,13,CONMEBOL Libertadores,2022,Group Stage - 1,853689,2022-04-08T00:00:00+00:00,,Estadio Jorge Luis Hirschi,"La Plata, Provincia de Buenos Aires",450,Estudiantes L.P.,2,2,4,438,Velez Sarsfield,1,0,1
494,13,CONMEBOL Libertadores,2022,Group Stage - 1,853690,2022-04-08T02:00:00+00:00,198,Estadio Hernando Siles,La Paz,3711,The Strongest,1,0,1,1179,Libertad Asuncion,1,0,1
495,13,CONMEBOL Libertadores,2022,Group Stage - 2,853691,2022-04-12T22:15:00+00:00,46,Estadio Alberto José Armando,Ciudad de Buenos Aires,451,Boca Juniors,1,1,2,3700,Always Ready,0,0,0
496,13,CONMEBOL Libertadores,2022,Group Stage - 2,853692,2022-04-12T22:15:00+00:00,1214,Estadio General Pablo Rojas,Asunción,1176,Cerro Porteno,1,2,3,448,Colon Santa Fe,1,0,1
497,13,CONMEBOL Libertadores,2022,Group Stage - 2,853693,2022-04-12T22:15:00+00:00,345,Estadio San Carlos de Apoquindo,Santiago de Chile,2994,U. Catolica,1,1,2,2546,Sporting Cristal,0,1,1
498,13,CONMEBOL Libertadores,2022,Group Stage - 2,853694,2022-04-13T00:30:00+00:00,258,Allianz Parque,"São Paulo, São Paulo",121,Palmeiras,1,7,8,15702,Independiente Petrolero,1,0,1
499,13,CONMEBOL Libertadores,2022,Group Stage - 2,853695,2022-04-13T00:30:00+00:00,1640,Estadio Campeón del Siglo,Montevideo,2348,Penarol,1,1,2,1182,Olimpia,0,1,1
500,13,CONMEBOL Libertadores,2022,Group Stage - 2,853696,2022-04-13T00:30:00+00:00,,Estadio Jornalista Mário Filho,"Rio de Janeiro, Rio de Janeiro",127,Flamengo,2,1,3,456,Talleres Cordoba,1,0,1
501,13,CONMEBOL Libertadores,2022,Group Stage - 2,853697,2022-04-13T22:00:00+00:00,11622,Estadio Defensores del Chaco,Asunción,1179,Libertad Asuncion,2,0,2,2808,Caracas FC,1,0,1
502,13,CONMEBOL Libertadores,2022,Group Stage - 2,853698,2022-04-13T22:00:00+00:00,319,Estadio Monumental David Arellano,Santiago de Chile,2315,Colo Colo,1,1,2,2553,Alianza Lima,0,1,1
503,13,CONMEBOL Libertadores,2022,Group Stage - 2,853699,2022-04-14T00:00:00+00:00,31,Estadio Monumental Antonio Vespucio Liberti,"Capital Federal, Ciudad de Buenos Aires",435,River Plate,2,0,2,154,Fortaleza EC,0,0,0
504,13,CONMEBOL Libertadores,2022,Group Stage - 2,853700,2022-04-14T00:00:00+00:00,1639,Estadio Gran Parque Central,Montevideo,2356,Club Nacional,0,0,0,450,Estudiantes L.P.,0,0,0
505,13,CONMEBOL Libertadores,2022,Group Stage - 2,853701,2022-04-14T00:00:00+00:00,234,Estádio Governador Magalhães Pinto,"Belo Horizonte, Minas Gerais",1062,Atletico-MG,0,1,1,125,America Mineiro,0,1,1
506,13,CONMEBOL Libertadores,2022,Group Stage - 2,853702,2022-04-14T00:00:00+00:00,11531,Neo Química Arena,"São Paulo, São Paulo",131,Corinthians,0,1,1,1127,Deportivo Cali,0,0,0
507,13,CONMEBOL Libertadores,2022,Group Stage - 2,853703,2022-04-14T02:00:00+00:00,18580,Estadio Banco Guayaquil,Sangolquí,1153,Independiente del Valle,0,2,2,1142,Deportes Tolima,2,0,2
508,13,CONMEBOL Libertadores,2022,Group Stage - 2,853704,2022-04-14T22:00:00+00:00,10493,Arena da Baixada,"Curitiba, Paraná",134,Atletico Paranaense,0,1,1,3711,The Strongest,0,0,0
509,13,CONMEBOL Libertadores,2022,Group Stage - 2,853705,2022-04-15T00:00:00+00:00,115,Estadio José Amalfitani,"Capital Federal, Ciudad de Buenos Aires",438,Velez Sarsfield,1,1,2,794,RB Bragantino,1,1,2
510,13,CONMEBOL Libertadores,2022,Group Stage - 2,853706,2022-04-15T02:00:00+00:00,18579,Estadio George Capwell,Guayaquil,1148,Emelec,1,0,1,2807,Deportivo Tachira FC,1,0,1
511,13,CONMEBOL Libertadores,2022,Group Stage - 3,853709,2022-04-26T22:15:00+00:00,115,Estadio José Amalfitani,"Capital Federal, Ciudad de Buenos Aires",438,Velez Sarsfield,1,0,1,2356,Club Nacional,1,1,2
512,13,CONMEBOL Libertadores,2022,Group Stage - 3,853710,2022-04-26T22:15:00+00:00,,Estadio Jorge Luis Hirschi,"La Plata, Provincia de Buenos Aires",450,Estudiantes L.P.,0,2,2,794,RB Bragantino,0,0,0
513,13,CONMEBOL Libertadores,2022,Group Stage - 3,853707,2022-04-26T22:15:00+00:00,2655,Estadio Olímpico Patria,Sucre,15702,Independiente Petrolero,1,0,1,2807,Deportivo Tachira FC,1,1,2
514,13,CONMEBOL Libertadores,2022,Group Stage - 3,853708,2022-04-26T22:15:00+00:00,11622,Estadio Defensores del Chaco,Asunción,1179,Libertad Asuncion,0,1,1,134,Atletico Paranaense,0,0,0
515,13,CONMEBOL Libertadores,2022,Group Stage - 3,853711,2022-04-27T00:30:00+00:00,18580,Estadio Banco Guayaquil,Sangolquí,1153,Independiente del Valle,0,1,1,1062,Atletico-MG,1,0,1
516,13,CONMEBOL Libertadores,2022,Group Stage - 3,853712,2022-04-27T00:30:00+00:00,11531,Neo Química Arena,"São Paulo, São Paulo",131,Corinthians,1,1,2,451,Boca Juniors,0,0,0
517,13,CONMEBOL Libertadores,2022,Group Stage - 3,853713,2022-04-27T00:30:00+00:00,110,Estadio Mario Alberto Kempes,"Ciudad de Córdoba, Provincia de Córdoba",456,Talleres Cordoba,0,1,1,2546,Sporting Cristal,0,0,0
518,13,CONMEBOL Libertadores,2022,Group Stage - 3,853714,2022-04-27T22:00:00+00:00,206,Estádio Raimundo Sampaio,"Belo Horizonte, Minas Gerais",125,America Mineiro,0,2,2,1142,Deportes Tolima,0,3,3
519,13,CONMEBOL Libertadores,2022,Group Stage - 3,853715,2022-04-28T00:00:00+00:00,1214,Estadio General Pablo Rojas,Asunción,1176,Cerro Porteno,1,0,1,2348,Penarol,0,0,0
520,13,CONMEBOL Libertadores,2022,Group Stage - 3,853716,2022-04-28T00:00:00+00:00,18579,Estadio George Capwell,Guayaquil,1148,Emelec,0,1,1,121,Palmeiras,2,1,3
521,13,CONMEBOL Libertadores,2022,Group Stage - 3,853717,2022-04-28T00:00:00+00:00,319,Estadio Monumental David Arellano,Santiago de Chile,2315,Colo Colo,0,1,1,435,River Plate,0,2,2
522,13,CONMEBOL Libertadores,2022,Group Stage - 3,853718,2022-04-27T22:00:00+00:00,225,Estádio Governador Plácido Aderaldo Castelo,"Fortaleza, Ceará",154,Fortaleza EC,0,2,2,2553,Alianza Lima,0,1,1
523,13,CONMEBOL Libertadores,2022,Group Stage - 3,853719,2022-04-28T02:00:00+00:00,198,Estadio Hernando Siles,La Paz,3711,The Strongest,1,0,1,2808,Caracas FC,0,1,1
524,13,CONMEBOL Libertadores,2022,Group Stage - 3,853720,2022-04-28T22:00:00+00:00,345,Estadio San Carlos de Apoquindo,Santiago de Chile,2994,U. Catolica,1,1,2,127,Flamengo,2,1,3
525,13,CONMEBOL Libertadores,2022,Group Stage - 3,853721,2022-04-29T00:00:00+00:00,11622,Estadio Defensores del Chaco,Asunción,1182,Olimpia,0,0,0,448,Colon Santa Fe,0,0,0
526,13,CONMEBOL Libertadores,2022,Group Stage - 3,853722,2022-04-29T02:00:00+00:00,198,Estadio Hernando Siles,La Paz,3700,Always Ready,2,0,2,1127,Deportivo Cali,1,1,2
527,13,CONMEBOL Libertadores,2022,Group Stage - 4,853723,2022-05-03T22:15:00+00:00,1649,Estadio Polideportivo de Pueblo Nuevo,San Cristóbal,2807,Deportivo Tachira FC,1,0,1,1148,Emelec,2,2,4
528,13,CONMEBOL Libertadores,2022,Group Stage - 4,853724,2022-05-03T22:15:00+00:00,1653,Estadio Olímpico de la UCV,Caracas,2808,Caracas FC,0,1,1,1179,Libertad Asuncion,0,0,0
529,13,CONMEBOL Libertadores,2022,Group Stage - 4,853725,2022-05-03T22:15:00+00:00,198,Estadio Hernando Siles,La Paz,3711,The Strongest,1,4,5,134,Atletico Paranaense,0,0,0
530,13,CONMEBOL Libertadores,2022,Group Stage - 4,853726,2022-05-04T00:30:00+00:00,2655,Estadio Olímpico Patria,Sucre,15702,Independiente Petrolero,0,0,0,121,Palmeiras,2,3,5
531,13,CONMEBOL Libertadores,2022,Group Stage - 4,853727,2022-05-04T00:30:00+00:00,,Estadio Jorge Luis Hirschi,"La Plata, Provincia de Buenos Aires",450,Estudiantes L.P.,1,0,1,2356,Club Nacional,0,0,0
532,13,CONMEBOL Libertadores,2022,Group Stage - 4,853728,2022-05-04T00:30:00+00:00,206,Estádio Raimundo Sampaio,"Belo Horizonte, Minas Gerais",125,America Mineiro,1,0,1,1062,Atletico-MG,2,0,2
533,13,CONMEBOL Libertadores,2022,Group Stage - 4,853729,2022-05-04T22:00:00+00:00,57,Estadio Brigadier General Estanislao López,"Ciudad de Santa Fe, Provincia de Santa Fe",448,Colon Santa Fe,1,1,2,1176,Cerro Porteno,0,1,1
534,13,CONMEBOL Libertadores,2022,Group Stage - 4,853730,2022-05-04T22:00:00+00:00,110,Estadio Mario Alberto Kempes,"Ciudad de Córdoba, Provincia de Córdoba",456,Talleres Cordoba,1,1,2,127,Flamengo,0,2,2
535,13,CONMEBOL Libertadores,2022,Group Stage - 4,853731,2022-05-05T00:00:00+00:00,376,Estadio Deportivo Cali,Palmira,1127,Deportivo Cali,0,0,0,131,Corinthians,0,0,0
536,13,CONMEBOL Libertadores,2022,Group Stage - 4,853732,2022-05-05T00:00:00+00:00,198,Estadio Hernando Siles,La Paz,3700,Always Ready,0,0,0,451,Boca Juniors,1,0,1
537,13,CONMEBOL Libertadores,2022,Group Stage - 4,853733,2022-05-05T00:00:00+00:00,11622,Estadio Defensores del Chaco,Asunción,1182,Olimpia,1,0,1,2348,Penarol,0,0,0
538,13,CONMEBOL Libertadores,2022,Group Stage - 4,853734,2022-05-05T02:00:00+00:00,375,Estadio Manuel Murillo Toro,Ibagué,1142,Deportes Tolima,0,1,1,1153,Independiente del Valle,0,0,0
539,13,CONMEBOL Libertadores,2022,Group Stage - 4,853735,2022-05-05T02:00:00+00:00,1228,Estadio Nacional de Lima,Lima,2546,Sporting Cristal,1,0,1,2994,U. Catolica,0,1,1
540,13,CONMEBOL Libertadores,2022,Group Stage - 4,853736,2022-05-05T22:00:00+00:00,225,Estádio Governador Plácido Aderaldo Castelo,"Fortaleza, Ceará",154,Fortaleza EC,1,0,1,435,River Plate,1,0,1
541,13,CONMEBOL Libertadores,2022,Group Stage - 4,853737,2022-05-06T00:00:00+00:00,220,Estádio Nabi Abi Chedid,"Bragança Paulista, São Paulo",794,RB Bragantino,0,1,1,438,Velez Sarsfield,1,0,1
542,13,CONMEBOL Libertadores,2022,Group Stage - 4,853738,2022-05-06T02:00:00+00:00,1228,Estadio Nacional de Lima,Lima,2553,Alianza Lima,0,1,1,2315,Colo Colo,1,0,1
543,13,CONMEBOL Libertadores,2022,Group Stage - 5,853739,2022-05-17T22:15:00+00:00,1653,Estadio Olímpico de la UCV,Caracas,2808,Caracas FC,0,0,0,3711,The Strongest,0,0,0
544,13,CONMEBOL Libertadores,2022,Group Stage - 5,853740,2022-05-17T22:15:00+00:00,220,Estádio Nabi Abi Chedid,"Bragança Paulista, São Paulo",794,RB Bragantino,0,0,0,450,Estudiantes L.P.,0,1,1
545,13,CONMEBOL Libertadores,2022,Group Stage - 5,853741,2022-05-17T22:15:00+00:00,1640,Estadio Campeón del Siglo,Montevideo,2348,Penarol,0,0,0,1176,Cerro Porteno,0,0,0
546,13,CONMEBOL Libertadores,2022,Group Stage - 5,853742,2022-05-18T00:30:00+00:00,46,Estadio Alberto José Armando,Ciudad de Buenos Aires,451,Boca Juniors,1,0,1,131,Corinthians,1,0,1
547,13,CONMEBOL Libertadores,2022,Group Stage - 5,853743,2022-05-18T00:30:00+00:00,,Estadio Jornalista Mário Filho,"Rio de Janeiro, Rio de Janeiro",127,Flamengo,2,1,3,2994,U. Catolica,0,0,0
548,13,CONMEBOL Libertadores,2022,Group Stage - 5,853744,2022-05-18T00:30:00+00:00,1228,Estadio Nacional de Lima,Lima,2546,Sporting Cristal,0,0,0,456,Talleres Cordoba,0,0,0
549,13,CONMEBOL Libertadores,2022,Group Stage - 5,853745,2022-05-18T22:00:00+00:00,258,Allianz Parque,"São Paulo, São Paulo",121,Palmeiras,0,1,1,1148,Emelec,0,0,0
550,13,CONMEBOL Libertadores,2022,Group Stage - 5,853746,2022-05-18T22:00:00+00:00,10493,Arena da Baixada,"Curitiba, Paraná",134,Atletico Paranaense,0,2,2,1179,Libertad Asuncion,0,0,0
551,13,CONMEBOL Libertadores,2022,Group Stage - 5,853747,2022-05-19T00:00:00+00:00,57,Estadio Brigadier General Estanislao López,"Ciudad de Santa Fe, Provincia de Santa Fe",448,Colon Santa Fe,1,1,2,1182,Olimpia,1,0,1
552,13,CONMEBOL Libertadores,2022,Group Stage - 5,853749,2022-05-18T22:00:00+00:00,1639,Estadio Gran Parque Central,Montevideo,2356,Club Nacional,1,1,2,438,Velez Sarsfield,1,2,3
553,13,CONMEBOL Libertadores,2022,Group Stage - 5,853748,2022-05-19T00:00:00+00:00,1649,Estadio Polideportivo de Pueblo Nuevo,San Cristóbal,2807,Deportivo Tachira FC,2,1,3,15702,Independiente Petrolero,0,0,0
554,13,CONMEBOL Libertadores,2022,Group Stage - 5,853750,2022-05-19T00:00:00+00:00,375,Estadio Manuel Murillo Toro,Ibagué,1142,Deportes Tolima,2,0,2,125,America Mineiro,2,0,2
555,13,CONMEBOL Libertadores,2022,Group Stage - 5,853751,2022-05-19T02:00:00+00:00,1228,Estadio Nacional de Lima,Lima,2553,Alianza Lima,0,0,0,154,Fortaleza EC,1,1,2
556,13,CONMEBOL Libertadores,2022,Group Stage - 5,853752,2022-05-19T22:00:00+00:00,234,Estádio Governador Magalhães Pinto,"Belo Horizonte, Minas Gerais",1062,Atletico-MG,1,2,3,1153,Independiente del Valle,0,1,1
557,13,CONMEBOL Libertadores,2022,Group Stage - 5,853753,2022-05-20T00:00:00+00:00,31,Estadio Monumental Antonio Vespucio Liberti,"Capital Federal, Ciudad de Buenos Aires",435,River Plate,1,3,4,2315,Colo Colo,0,0,0
558,13,CONMEBOL Libertadores,2022,Group Stage - 5,853754,2022-05-20T02:00:00+00:00,376,Estadio Deportivo Cali,Palmira,1127,Deportivo Cali,1,2,3,3700,Always Ready,0,0,0
559,13,CONMEBOL Libertadores,2022,Group Stage - 6,853755,2022-05-24T22:15:00+00:00,1639,Estadio Gran Parque Central,Montevideo,2356,Club Nacional,2,1,3,794,RB Bragantino,0,0,0
560,13,CONMEBOL Libertadores,2022,Group Stage - 6,853756,2022-05-24T22:15:00+00:00,115,Estadio José Amalfitani,"Capital Federal, Ciudad de Buenos Aires",438,Velez Sarsfield,2,2,4,450,Estudiantes L.P.,0,0,0
561,13,CONMEBOL Libertadores,2022,Group Stage - 6,853757,2022-05-25T00:30:00+00:00,258,Allianz Parque,"São Paulo, São Paulo",121,Palmeiras,2,2,4,2807,Deportivo Tachira FC,0,1,1
562,13,CONMEBOL Libertadores,2022,Group Stage - 6,853758,2022-05-25T00:30:00+00:00,18579,Estadio George Capwell,Guayaquil,1148,Emelec,4,3,7,15702,Independiente Petrolero,0,0,0
563,13,CONMEBOL Libertadores,2022,Group Stage - 6,853759,2022-05-25T00:30:00+00:00,,Estadio Jornalista Mário Filho,"Rio de Janeiro, Rio de Janeiro",127,Flamengo,1,1,2,2546,Sporting Cristal,0,1,1
564,13,CONMEBOL Libertadores,2022,Group Stage - 6,853760,2022-05-25T00:30:00+00:00,345,Estadio San Carlos de Apoquindo,Santiago de Chile,2994,U. Catolica,0,0,0,456,Talleres Cordoba,0,1,1
565,13,CONMEBOL Libertadores,2022,Group Stage - 6,853761,2022-05-25T22:00:00+00:00,31,Estadio Monumental Antonio Vespucio Liberti,"Capital Federal, Ciudad de Buenos Aires",435,River Plate,3,5,8,2553,Alianza Lima,0,1,1
566,13,CONMEBOL Libertadores,2022,Group Stage - 6,853762,2022-05-25T22:00:00+00:00,319,Estadio Monumental David Arellano,Santiago de Chile,2315,Colo Colo,1,2,3,154,Fortaleza EC,2,2,4
567,13,CONMEBOL Libertadores,2022,Group Stage - 6,853763,2022-05-26T00:00:00+00:00,234,Estádio Governador Magalhães Pinto,"Belo Horizonte, Minas Gerais",1062,Atletico-MG,0,1,1,1142,Deportes Tolima,0,2,2
568,13,CONMEBOL Libertadores,2022,Group Stage - 6,853764,2022-05-26T00:00:00+00:00,18580,Estadio Banco Guayaquil,Sangolquí,1153,Independiente del Valle,2,1,3,125,America Mineiro,0,0,0
569,13,CONMEBOL Libertadores,2022,Group Stage - 6,853765,2022-05-26T00:00:00+00:00,1640,Estadio Campeón del Siglo,Montevideo,2348,Penarol,0,2,2,448,Colon Santa Fe,1,0,1
570,13,CONMEBOL Libertadores,2022,Group Stage - 6,853766,2022-05-26T00:00:00+00:00,1214,Estadio General Pablo Rojas,Asunción,1176,Cerro Porteno,0,0,0,1182,Olimpia,1,0,1
571,13,CONMEBOL Libertadores,2022,Group Stage - 6,853767,2022-05-26T22:00:00+00:00,10493,Arena da Baixada,"Curitiba, Paraná",134,Atletico Paranaense,3,2,5,2808,Caracas FC,0,1,1
572,13,CONMEBOL Libertadores,2022,Group Stage - 6,853768,2022-05-26T22:00:00+00:00,11622,Estadio Defensores del Chaco,Asunción,1179,Libertad Asuncion,1,3,4,3711,The Strongest,1,0,1
573,13,CONMEBOL Libertadores,2022,Group Stage - 6,853769,2022-05-27T00:00:00+00:00,46,Estadio Alberto José Armando,Ciudad de Buenos Aires,451,Boca Juniors,0,1,1,1127,Deportivo Cali,0,0,0
574,13,CONMEBOL Libertadores,2022,Group Stage - 6,853770,2022-05-27T00:00:00+00:00,11531,Neo Química Arena,"São Paulo, São Paulo",131,Corinthians,1,0,1,3700,Always Ready,1,0,1
575,13,CONMEBOL Libertadores,2022,Round of 16,863093,2022-06-30T00:30:00+00:00,375,Estadio Manuel Murillo Toro,Ibagué,1142,Deportes Tolima,0,0,0,127,Flamengo,1,0,1
576,13,CONMEBOL Libertadores,2022,Round of 16,863094,2022-07-07T00:30:00+00:00,,Estadio Jornalista Mário Filho,"Rio de Janeiro, Rio de Janeiro",127,Flamengo,2,5,7,1142,Deportes Tolima,0,1,1
577,13,CONMEBOL Libertadores,2022,Round of 16,863095,2022-06-30T00:30:00+00:00,115,Estadio José Amalfitani,"Capital Federal, Ciudad de Buenos Aires",438,Velez Sarsfield,1,0,1,435,River Plate,0,0,0
578,13,CONMEBOL Libertadores,2022,Round of 16,863096,2022-07-07T00:30:00+00:00,31,Estadio Monumental Antonio Vespucio Liberti,"Capital Federal, Ciudad de Buenos Aires",435,River Plate,0,0,0,438,Velez Sarsfield,0,0,0
579,13,CONMEBOL Libertadores,2022,Round of 16,863097,2022-06-28T22:15:00+00:00,18579,Estadio George Capwell,Guayaquil,1148,Emelec,0,1,1,1062,Atletico-MG,1,0,1
580,13,CONMEBOL Libertadores,2022,Round of 16,863098,2022-07-05T22:15:00+00:00,234,Estádio Governador Magalhães Pinto,"Belo Horizonte, Minas Gerais",1062,Atletico-MG,0,1,1,1148,Emelec,0,0,0
581,13,CONMEBOL Libertadores,2022,Round of 16,863099,2022-06-29T22:15:00+00:00,1214,Estadio General Pablo Rojas,Asunción,1176,Cerro Porteno,0,0,0,121,Palmeiras,0,3,3
582,13,CONMEBOL Libertadores,2022,Round of 16,863100,2022-07-06T22:15:00+00:00,258,Allianz Parque,"São Paulo, São Paulo",121,Palmeiras,1,4,5,1176,Cerro Porteno,0,0,0
583,13,CONMEBOL Libertadores,2022,Round of 16,863101,2022-06-29T22:15:00+00:00,110,Estadio Mario Alberto Kempes,"Ciudad de Córdoba, Provincia de Córdoba",456,Talleres Cordoba,0,1,1,448,Colon Santa Fe,0,1,1
584,13,CONMEBOL Libertadores,2022,Round of 16,863102,2022-07-06T22:15:00+00:00,57,Estadio Brigadier General Estanislao López,"Ciudad de Santa Fe, Provincia de Santa Fe",448,Colon Santa Fe,0,0,0,456,Talleres Cordoba,0,2,2
585,13,CONMEBOL Libertadores,2022,Round of 16,863103,2022-06-29T00:30:00+00:00,11531,Neo Química Arena,"São Paulo, São Paulo",131,Corinthians,0,0,0,451,Boca Juniors,0,0,0
586,13,CONMEBOL Libertadores,2022,Round of 16,863105,2022-07-01T00:30:00+00:00,225,Estádio Governador Plácido Aderaldo Castelo,"Fortaleza, Ceará",154,Fortaleza EC,0,1,1,450,Estudiantes L.P.,0,1,1
587,13,CONMEBOL Libertadores,2022,Round of 16,863106,2022-07-08T00:30:00+00:00,,Estadio Jorge Luis Hirschi,"La Plata, Provincia de Buenos Aires",450,Estudiantes L.P.,1,2,3,154,Fortaleza EC,0,0,0
588,13,CONMEBOL Libertadores,2022,Round of 16,863107,2022-06-29T00:30:00+00:00,10493,Arena da Baixada,"Curitiba, Paraná",134,Atletico Paranaense,2,0,2,1179,Libertad Asuncion,1,0,1
589,13,CONMEBOL Libertadores,2022,Round of 16,863108,2022-07-06T00:30:00+00:00,11622,Estadio Defensores del Chaco,Asunción,1179,Libertad Asuncion,1,0,1,134,Atletico Paranaense,0,1,1
590,13,CONMEBOL Libertadores,2022,Quarter-finals,885347,2022-08-03T00:30:00+00:00,11531,Neo Química Arena,"São Paulo, São Paulo",131,Corinthians,0,0,0,127,Flamengo,1,1,2
591,13,CONMEBOL Libertadores,2022,Quarter-finals,885349,2022-08-04T00:30:00+00:00,115,Estadio José Amalfitani,"Capital Federal, Ciudad de Buenos Aires",438,Velez Sarsfield,1,2,3,456,Talleres Cordoba,0,2,2
592,13,CONMEBOL Libertadores,2022,Quarter-finals,885351,2022-08-04T00:30:00+00:00,234,Estádio Governador Magalhães Pinto,"Belo Horizonte, Minas Gerais",1062,Atletico-MG,1,1,2,121,Palmeiras,0,2,2
593,13,CONMEBOL Libertadores,2022,Quarter-finals,885345,2022-08-05T00:30:00+00:00,10493,Arena da Baixada,"Curitiba, Paraná",134,Atletico Paranaense,0,0,0,450,Estudiantes L.P.,0,0,0
594,13,CONMEBOL Libertadores,2022,Quarter-finals,885346,2022-08-12T00:30:00+00:00,,Estadio Jorge Luis Hirschi,"La Plata, Provincia de Buenos Aires",450,Estudiantes L.P.,0,0,0,134,Atletico Paranaense,0,1,1
595,13,CONMEBOL Libertadores,2022,Quarter-finals,885348,2022-08-10T00:30:00+00:00,,Estadio Jornalista Mário Filho,"Rio de Janeiro, Rio de Janeiro",127,Flamengo,0,1,1,131,Corinthians,0,0,0
596,13,CONMEBOL Libertadores,2022,Quarter-finals,885350,2022-08-11T00:30:00+00:00,110,Estadio Mario Alberto Kempes,"Ciudad de Córdoba, Provincia de Córdoba",456,Talleres Cordoba,0,0,0,438,Velez Sarsfield,0,1,1
597,13,CONMEBOL Libertadores,2022,Semi-finals,933774,2022-08-31T00:30:00+00:00,10493,Arena da Baixada,"Curitiba, Paraná",134,Atletico Paranaense,1,0,1,121,Palmeiras,0,0,0
598,13,CONMEBOL Libertadores,2022,Semi-finals,933775,2022-09-07T00:30:00+00:00,258,Allianz Parque,"São Paulo, São Paulo",121,Palmeiras,1,1,2,134,Atletico Paranaense,0,2,2
599,13,CONMEBOL Libertadores,2022,Semi-finals,933776,2022-09-01T00:30:00+00:00,115,Estadio José Amalfitani,"Capital Federal, Ciudad de Buenos Aires",438,Velez Sarsfield,0,0,0,127,Flamengo,2,2,4
600,13,CONMEBOL Libertadores,2022,Semi-finals,933777,2022-09-08T00:30:00+00:00,,Estadio Jornalista Mário Filho,"Rio de Janeiro, Rio de Janeiro",127,Flamengo,1,1,2,438,Velez Sarsfield,1,0,1
601,13,CONMEBOL Libertadores,2022,Final,958842,2022-10-29T20:00:00+00:00,466,Estadio Monumental Banco Pichincha,Guayaquil,127,Flamengo,1,0,1,134,Atletico Paranaense,0,0,0
602,13,CONMEBOL Libertadores,2023,2nd Round,981590,2023-02-22T00:00:00+00:00,319,Estadio Monumental David Arellano,Santiago de Chile,2316,Curico Unido,0,0,0,1176,Cerro Porteno,0,1,1
603,13,CONMEBOL Libertadores,2023,2nd Round,981591,2023-02-27T22:00:00+00:00,1214,Estadio General Pablo Rojas,Asunción,1176,Cerro Porteno,0,1,1,2316,Curico Unido,0,0,0
604,13,CONMEBOL Libertadores,2023,2nd Round,981592,2023-02-23T00:30:00+00:00,1653,Estadio Olímpico de la UCV,Caracas,2810,Carabobo FC,0,0,0,1062,Atletico-MG,0,0,0
605,13,CONMEBOL Libertadores,2023,2nd Round,981593,2023-03-02T00:30:00+00:00,234,Estádio Governador Magalhães Pinto,"Belo Horizonte, Minas Gerais",1062,Atletico-MG,2,1,3,2810,Carabobo FC,1,0,1
606,13,CONMEBOL Libertadores,2023,2nd Round,981594,2023-02-22T22:00:00+00:00,337,Estadio El Teniente,Rancagua,2336,Magallanes,1,2,3,3700,Always Ready,0,0,0
607,13,CONMEBOL Libertadores,2023,2nd Round,981595,2023-03-01T22:00:00+00:00,198,Estadio Hernando Siles,La Paz,3700,Always Ready,0,1,1,2336,Magallanes,1,2,3
608,13,CONMEBOL Libertadores,2023,2nd Round,981596,2023-02-24T00:00:00+00:00,1633,Estadio Domingo Burgueño Miguel,Maldonado,2370,Deportivo Maldonado,0,0,0,154,Fortaleza EC,0,0,0
609,13,CONMEBOL Libertadores,2023,2nd Round,981598,2023-02-24T00:00:00+00:00,471,Estadio Rodrigo Paz Delgado,Quito,1157,Universidad Catolica,0,0,0,1125,Millonarios,0,0,0
610,13,CONMEBOL Libertadores,2023,1st Round,981600,2023-02-08T00:00:00+00:00,1239,Estadio Huancayo,Huancayo,2555,Sport Huancayo,0,2,2,1175,Nacional Asuncion,0,1,1
611,13,CONMEBOL Libertadores,2023,1st Round,981601,2023-02-15T00:00:00+00:00,11622,Estadio Defensores del Chaco,Asunción,1175,Nacional Asuncion,0,3,3,2555,Sport Huancayo,1,0,1
612,13,CONMEBOL Libertadores,2023,1st Round,981602,2023-02-09T00:00:00+00:00,198,Estadio Hernando Siles,La Paz,3706,Nacional Potosí,1,0,1,1150,El Nacional,5,1,6
613,13,CONMEBOL Libertadores,2023,1st Round,981603,2023-02-16T00:00:00+00:00,465,Estadio Olímpico Atahualpa,Quito,1150,El Nacional,2,1,3,3706,Nacional Potosí,0,1,1
614,13,CONMEBOL Libertadores,2023,1st Round,981604,2023-02-10T00:00:00+00:00,1624,Estadio Centenario,Montevideo,2361,Boston River,1,2,3,2806,Zamora FC,0,1,1
615,13,CONMEBOL Libertadores,2023,1st Round,981605,2023-02-17T00:00:00+00:00,1664,Estadio Rafael Agustín Tovar,Barinas,2806,Zamora FC,0,0,0,2361,Boston River,1,0,1
616,13,CONMEBOL Libertadores,2023,2nd Round,1005140,2023-02-20T22:00:00+00:00,11622,Estadio Defensores del Chaco,Asunción,1175,Nacional Asuncion,0,2,2,2546,Sporting Cristal,0,0,0
617,13,CONMEBOL Libertadores,2023,2nd Round,1005141,2023-03-01T00:00:00+00:00,1228,Estadio Nacional de Lima,Lima,2546,Sporting Cristal,0,5,5,1175,Nacional Asuncion,0,1,1
618,13,CONMEBOL Libertadores,2023,2nd Round,1005511,2023-02-21T22:00:00+00:00,471,Estadio Rodrigo Paz Delgado,Quito,1150,El Nacional,0,2,2,1128,Independiente Medellin,1,1,2
619,13,CONMEBOL Libertadores,2023,2nd Round,1005512,2023-03-02T00:00:00+00:00,380,Estadio Atanasio Girardot,Medellín,1128,Independiente Medellin,0,2,2,1150,El Nacional,0,1,1
620,13,CONMEBOL Libertadores,2023,2nd Round,1005513,2023-02-23T00:00:00+00:00,1624,Estadio Centenario,Montevideo,2361,Boston River,0,0,0,445,Huracan,0,0,0
621,13,CONMEBOL Libertadores,2023,2nd Round,1005514,2023-02-28T22:00:00+00:00,82,Estadio Tomás Adolfo Ducó,"Capital Federal, Ciudad de Buenos Aires",445,Huracan,1,0,1,2361,Boston River,0,0,0
622,13,CONMEBOL Libertadores,2023,2nd Round,981597,2023-03-03T00:00:00+00:00,225,Estádio Governador Plácido Aderaldo Castelo,"Fortaleza, Ceará",154,Fortaleza EC,1,3,4,2370,Deportivo Maldonado,0,0,0
623,13,CONMEBOL Libertadores,2023,2nd Round,981599,2023-03-03T00:00:00+00:00,383,Estadio Nemesio Camacho El Campín,"Bogotá, D.C.",1125,Millonarios,0,2,2,1157,Universidad Catolica,1,0,1
624,13,CONMEBOL Libertadores,2023,3rd Round,1011460,2023-03-10T00:00:00+00:00,82,Estadio Tomás Adolfo Ducó,"Capital Federal, Ciudad de Buenos Aires",445,Huracan,0,0,0,2546,Sporting Cristal,0,0,0
625,13,CONMEBOL Libertadores,2023,3rd Round,1011461,2023-03-17T00:00:00+00:00,1228,Estadio Nacional de Lima,Lima,2546,Sporting Cristal,0,1,1,445,Huracan,0,0,0
626,13,CONMEBOL Libertadores,2023,3rd Round,1011462,2023-03-08T22:00:00+00:00,337,Estadio El Teniente,Rancagua,2336,Magallanes,0,1,1,1128,Independiente Medellin,0,1,1
627,13,CONMEBOL Libertadores,2023,3rd Round,1011463,2023-03-16T00:00:00+00:00,380,Estadio Atanasio Girardot,Medellín,1128,Independiente Medellin,2,0,2,2336,Magallanes,0,0,0
628,13,CONMEBOL Libertadores,2023,3rd Round,1011464,2023-03-09T22:00:00+00:00,225,Estádio Governador Plácido Aderaldo Castelo,"Fortaleza, Ceará",154,Fortaleza EC,0,0,0,1176,Cerro Porteno,1,0,1
629,13,CONMEBOL Libertadores,2023,3rd Round,1011465,2023-03-16T22:00:00+00:00,1214,Estadio General Pablo Rojas,Asunción,1176,Cerro Porteno,1,1,2,154,Fortaleza EC,0,1,1
630,13,CONMEBOL Libertadores,2023,3rd Round,1011466,2023-03-09T00:30:00+00:00,383,Estadio Nemesio Camacho El Campín,"Bogotá, D.C.",1125,Millonarios,1,0,1,1062,Atletico-MG,0,1,1
631,13,CONMEBOL Libertadores,2023,3rd Round,1011467,2023-03-16T00:30:00+00:00,234,Estádio Governador Magalhães Pinto,"Belo Horizonte, Minas Gerais",1062,Atletico-MG,0,3,3,1125,Millonarios,0,1,1
632,13,CONMEBOL Libertadores,2023,Group Stage - 1,1019262,2023-04-04T22:00:00+00:00,37,Estadio Diego Armando Maradona,"Capital Federal, Ciudad de Buenos Aires",458,Argentinos JRS,0,1,1,1153,Independiente del Valle,0,0,0
633,13,CONMEBOL Libertadores,2023,Group Stage - 1,1019263,2023-04-04T22:00:00+00:00,198,Estadio Hernando Siles,La Paz,3711,The Strongest,2,1,3,435,River Plate,0,1,1
634,13,CONMEBOL Libertadores,2023,Group Stage - 1,1019264,2023-04-04T22:00:00+00:00,1230,Estadio Alejandro Villanueva,Lima,2553,Alianza Lima,0,0,0,134,Atletico Paranaense,0,0,0
635,13,CONMEBOL Libertadores,2023,Group Stage - 1,1019265,2023-04-05T00:00:00+00:00,380,Estadio Atanasio Girardot,Medellín,1128,Independiente Medellin,0,1,1,119,Internacional,0,1,1
636,13,CONMEBOL Libertadores,2023,Group Stage - 1,1019266,2023-04-05T02:00:00+00:00,1653,Estadio Olímpico de la UCV,Caracas,2825,Metropolitanos FC,0,1,1,2356,Club Nacional,1,1,2
637,13,CONMEBOL Libertadores,2023,Group Stage - 1,1019267,2023-04-05T22:00:00+00:00,57,Estadio Brigadier General Estanislao López,"Ciudad de Santa Fe, Provincia de Santa Fe",444,Patronato,1,0,1,1137,Atletico Nacional,0,2,2
638,13,CONMEBOL Libertadores,2023,Group Stage - 1,1019268,2023-04-05T22:00:00+00:00,19380,Estadio Cooprogreso Gonzalo Pozo Ripalda,Quito,1156,Aucas,0,2,2,127,Flamengo,1,0,1
639,13,CONMEBOL Libertadores,2023,Group Stage - 1,1019269,2023-04-06T00:00:00+00:00,346,Estadio Municipal Alcaldesa Ester Roa Rebolledo,Concepción,2337,Nublense,0,0,0,436,Racing Club,1,1,2
640,13,CONMEBOL Libertadores,2023,Group Stage - 1,1019270,2023-04-06T00:00:00+00:00,1214,Estadio General Pablo Rojas,Asunción,1176,Cerro Porteno,1,1,2,1152,Barcelona SC,0,1,1
641,13,CONMEBOL Libertadores,2023,Group Stage - 1,1019272,2023-04-06T00:30:00+00:00,1228,Estadio Nacional de Lima,Lima,2546,Sporting Cristal,1,0,1,124,Fluminense,1,2,3
642,13,CONMEBOL Libertadores,2023,Group Stage - 1,1019271,2023-04-06T00:30:00+00:00,198,Estadio Hernando Siles,La Paz,3702,Bolívar,2,1,3,121,Palmeiras,1,0,1
643,13,CONMEBOL Libertadores,2023,Group Stage - 1,1019273,2023-04-06T02:00:00+00:00,378,Estadio Hernán Ramírez Villegas,Pereira,1462,Deportivo Pereira,0,1,1,2315,Colo Colo,1,0,1
644,13,CONMEBOL Libertadores,2023,Group Stage - 1,1019274,2023-04-06T22:00:00+00:00,1624,Estadio Centenario,Montevideo,2358,Liverpool Montevideo,0,0,0,131,Corinthians,1,2,3
645,13,CONMEBOL Libertadores,2023,Group Stage - 1,1019275,2023-04-06T22:00:00+00:00,234,Estádio Governador Magalhães Pinto,"Belo Horizonte, Minas Gerais",1062,Atletico-MG,0,0,0,1179,Libertad Asuncion,1,0,1
646,13,CONMEBOL Libertadores,2023,Group Stage - 1,1019276,2023-04-07T00:00:00+00:00,1660,Estadio Monumental de Maturín,Maturín,2811,Monagas SC,0,0,0,451,Boca Juniors,0,0,0
647,13,CONMEBOL Libertadores,2023,Group Stage - 1,1019277,2023-04-07T00:00:00+00:00,1235,Estadio de la Universidad Nacional San Agustín,Arequipa,2554,FBC Melgar,1,0,1,1182,Olimpia,1,0,1
648,13,CONMEBOL Libertadores,2023,Group Stage - 2,1019278,2023-04-18T22:00:00+00:00,244,Estádio José Pinheiro Borda,"Porto Alegre, Rio Grande do Sul",119,Internacional,0,1,1,2825,Metropolitanos FC,0,0,0
649,13,CONMEBOL Libertadores,2023,Group Stage - 2,1019279,2023-04-18T22:00:00+00:00,,Estádio do Maracanã,Rio de Janeiro,124,Fluminense,1,0,1,3711,The Strongest,0,0,0
650,13,CONMEBOL Libertadores,2023,Group Stage - 2,1019280,2023-04-19T00:00:00+00:00,11622,Estadio Defensores del Chaco,Asunción,1182,Olimpia,1,0,1,444,Patronato,0,0,0
651,13,CONMEBOL Libertadores,2023,Group Stage - 2,1019281,2023-04-19T00:00:00+00:00,46,Estadio Alberto José Armando,Ciudad de Buenos Aires,451,Boca Juniors,0,2,2,1462,Deportivo Pereira,0,1,1
652,13,CONMEBOL Libertadores,2023,Group Stage - 2,1019282,2023-04-19T00:00:00+00:00,10493,Arena da Baixada,"Curitiba, Paraná",134,Atletico Paranaense,2,0,2,1062,Atletico-MG,0,1,1
653,13,CONMEBOL Libertadores,2023,Group Stage - 2,1019283,2023-04-19T02:00:00+00:00,18580,Estadio Banco Guayaquil,Sangolquí,1153,Independiente del Valle,1,1,2,2358,Liverpool Montevideo,0,0,0
654,13,CONMEBOL Libertadores,2023,Group Stage - 2,1019284,2023-04-19T22:00:00+00:00,1639,Estadio Gran Parque Central,Montevideo,2356,Club Nacional,1,1,2,1128,Independiente Medellin,0,1,1
655,13,CONMEBOL Libertadores,2023,Group Stage - 2,1019285,2023-04-20T01:00:00+00:00,319,Estadio Monumental David Arellano,Santiago de Chile,2315,Colo Colo,1,0,1,2811,Monagas SC,0,0,0
656,13,CONMEBOL Libertadores,2023,Group Stage - 2,1019286,2023-04-20T00:00:00+00:00,19570,Estadio Mâs Monumental,"Capital Federal, Ciudad de Buenos Aires",435,River Plate,2,2,4,2546,Sporting Cristal,2,0,2
657,13,CONMEBOL Libertadores,2023,Group Stage - 2,1019287,2023-04-20T00:30:00+00:00,,Estadio Jornalista Mário Filho,"Rio de Janeiro, Rio de Janeiro",127,Flamengo,2,0,2,2337,Nublense,0,0,0
658,13,CONMEBOL Libertadores,2023,Group Stage - 2,1019288,2023-04-20T00:30:00+00:00,11531,Neo Química Arena,"São Paulo, São Paulo",131,Corinthians,0,0,0,458,Argentinos JRS,1,0,1
659,13,CONMEBOL Libertadores,2023,Group Stage - 2,1019289,2023-04-20T02:00:00+00:00,466,Estadio Monumental Banco Pichincha,Guayaquil,1152,Barcelona SC,1,1,2,3702,Bolívar,0,1,1
660,13,CONMEBOL Libertadores,2023,Group Stage - 2,1019290,2023-04-20T22:00:00+00:00,99,Estadio Presidente Juan Domingo Perón,"Avellaneda, Provincia de Buenos Aires",436,Racing Club,2,1,3,1156,Aucas,0,2,2
661,13,CONMEBOL Libertadores,2023,Group Stage - 2,1019292,2023-04-21T00:00:00+00:00,,Estádio Cicero Pompeu de Toledo,Sao Paulo,121,Palmeiras,0,2,2,1176,Cerro Porteno,1,0,1
662,13,CONMEBOL Libertadores,2023,Group Stage - 2,1019291,2023-04-21T00:00:00+00:00,366,Estadio Metropolitano Roberto Meléndez,Barranquilla,1137,Atletico Nacional,2,1,3,2554,FBC Melgar,0,1,1
663,13,CONMEBOL Libertadores,2023,Group Stage - 2,1019293,2023-04-21T02:00:00+00:00,11622,Estadio Defensores del Chaco,Asunción,1179,Libertad Asuncion,0,1,1,2553,Alianza Lima,0,2,2
664,13,CONMEBOL Libertadores,2023,Group Stage - 3,1019294,2023-05-02T22:00:00+00:00,1624,Estadio Centenario,Montevideo,2358,Liverpool Montevideo,0,2,2,458,Argentinos JRS,1,1,2
665,13,CONMEBOL Libertadores,2023,Group Stage - 3,1019295,2023-05-02T22:00:00+00:00,346,Estadio Municipal Alcaldesa Ester Roa Rebolledo,Concepción,2337,Nublense,0,2,2,1156,Aucas,1,0,1
666,13,CONMEBOL Libertadores,2023,Group Stage - 3,1019296,2023-05-03T00:00:00+00:00,,Estadio Jornalista Mário Filho,"Rio de Janeiro, Rio de Janeiro",124,Fluminense,1,4,5,435,River Plate,1,0,1
667,13,CONMEBOL Libertadores,2023,Group Stage - 3,1019297,2023-05-03T00:00:00+00:00,380,Estadio Atanasio Girardot,Medellín,1137,Atletico Nacional,1,1,2,1182,Olimpia,0,2,2
668,13,CONMEBOL Libertadores,2023,Group Stage - 3,1019298,2023-05-03T00:00:00+00:00,11531,Neo Química Arena,"São Paulo, São Paulo",131,Corinthians,1,0,1,1153,Independiente del Valle,1,1,2
669,13,CONMEBOL Libertadores,2023,Group Stage - 3,1019299,2023-05-03T02:00:00+00:00,1228,Estadio Nacional de Lima,Lima,2546,Sporting Cristal,0,1,1,3711,The Strongest,0,0,0
670,13,CONMEBOL Libertadores,2023,Group Stage - 3,1019300,2023-05-03T22:00:00+00:00,244,Estádio José Pinheiro Borda,"Porto Alegre, Rio Grande do Sul",119,Internacional,1,1,2,2356,Club Nacional,1,1,2
671,13,CONMEBOL Libertadores,2023,Group Stage - 3,1019301,2023-05-03T22:00:00+00:00,1214,Estadio General Pablo Rojas,Asunción,1176,Cerro Porteno,0,0,0,3702,Bolívar,3,1,4
672,13,CONMEBOL Libertadores,2023,Group Stage - 3,1019302,2023-05-04T00:00:00+00:00,319,Estadio Monumental David Arellano,Santiago de Chile,2315,Colo Colo,0,0,0,451,Boca Juniors,1,1,2
673,13,CONMEBOL Libertadores,2023,Group Stage - 3,1019303,2023-05-04T00:30:00+00:00,206,Estádio Raimundo Sampaio,"Belo Horizonte, Minas Gerais",1062,Atletico-MG,0,2,2,2553,Alianza Lima,0,0,0
674,13,CONMEBOL Libertadores,2023,Group Stage - 3,1019304,2023-05-04T00:30:00+00:00,466,Estadio Monumental Banco Pichincha,Guayaquil,1152,Barcelona SC,0,0,0,121,Palmeiras,1,1,2
675,13,CONMEBOL Libertadores,2023,Group Stage - 3,1019305,2023-05-04T02:00:00+00:00,380,Estadio Atanasio Girardot,Medellín,1128,Independiente Medellin,4,0,4,2825,Metropolitanos FC,1,1,2
676,13,CONMEBOL Libertadores,2023,Group Stage - 3,1019306,2023-05-04T22:00:00+00:00,96,Estadio Presbítero Bartolomé Grella,"Paraná, Provincia de Entre Ríos",444,Patronato,1,3,4,2554,FBC Melgar,0,1,1
677,13,CONMEBOL Libertadores,2023,Group Stage - 3,1019307,2023-05-04T22:00:00+00:00,99,Estadio Presidente Juan Domingo Perón,"Avellaneda, Provincia de Buenos Aires",436,Racing Club,0,1,1,127,Flamengo,1,0,1
678,13,CONMEBOL Libertadores,2023,Group Stage - 3,1019308,2023-05-05T00:00:00+00:00,11622,Estadio Defensores del Chaco,Asunción,1179,Libertad Asuncion,1,0,1,134,Atletico Paranaense,0,2,2
679,13,CONMEBOL Libertadores,2023,Group Stage - 3,1019309,2023-05-05T02:00:00+00:00,378,Estadio Hernán Ramírez Villegas,Pereira,1462,Deportivo Pereira,2,0,2,2811,Monagas SC,0,1,1
680,13,CONMEBOL Libertadores,2023,Group Stage - 4,1019310,2023-05-23T22:00:00+00:00,1660,Estadio Monumental de Maturín,Maturín,2811,Monagas SC,0,1,1,2315,Colo Colo,0,1,1
681,13,CONMEBOL Libertadores,2023,Group Stage - 4,1019311,2023-05-23T22:00:00+00:00,234,Estádio Governador Magalhães Pinto,"Belo Horizonte, Minas Gerais",1062,Atletico-MG,0,2,2,134,Atletico Paranaense,0,1,1
682,13,CONMEBOL Libertadores,2023,Group Stage - 4,1019312,2023-05-24T00:00:00+00:00,198,Estadio Hernando Siles,La Paz,3702,Bolívar,0,1,1,1152,Barcelona SC,0,0,0
683,13,CONMEBOL Libertadores,2023,Group Stage - 4,1019313,2023-05-24T00:00:00+00:00,19380,Estadio Cooprogreso Gonzalo Pozo Ripalda,Quito,1156,Aucas,0,1,1,436,Racing Club,1,1,2
684,13,CONMEBOL Libertadores,2023,Group Stage - 4,1019314,2023-05-24T00:00:00+00:00,380,Estadio Atanasio Girardot,Medellín,1128,Independiente Medellin,1,1,2,2356,Club Nacional,1,0,1
685,13,CONMEBOL Libertadores,2023,Group Stage - 4,1019315,2023-05-24T02:00:00+00:00,1230,Estadio Alejandro Villanueva,Lima,2553,Alianza Lima,0,1,1,1179,Libertad Asuncion,1,1,2
686,13,CONMEBOL Libertadores,2023,Group Stage - 4,1019316,2023-05-24T22:00:00+00:00,1624,Estadio Centenario,Montevideo,2358,Liverpool Montevideo,0,1,1,1153,Independiente del Valle,0,0,0
687,13,CONMEBOL Libertadores,2023,Group Stage - 4,1019317,2023-05-25T22:00:00+00:00,57,Estadio Brigadier General Estanislao López,"Ciudad de Santa Fe, Provincia de Santa Fe",444,Patronato,0,0,0,1182,Olimpia,1,1,2
688,13,CONMEBOL Libertadores,2023,Group Stage - 4,1019318,2023-05-25T00:00:00+00:00,378,Estadio Hernán Ramírez Villegas,Pereira,1462,Deportivo Pereira,0,1,1,451,Boca Juniors,0,0,0
689,13,CONMEBOL Libertadores,2023,Group Stage - 4,1019319,2023-05-25T00:30:00+00:00,37,Estadio Diego Armando Maradona,"Capital Federal, Ciudad de Buenos Aires",458,Argentinos JRS,0,0,0,131,Corinthians,0,0,0
690,13,CONMEBOL Libertadores,2023,Group Stage - 4,1019320,2023-05-25T00:30:00+00:00,346,Estadio Municipal Alcaldesa Ester Roa Rebolledo,Concepción,2337,Nublense,0,1,1,127,Flamengo,1,0,1
691,13,CONMEBOL Libertadores,2023,Group Stage - 4,1019321,2023-05-25T02:00:00+00:00,1235,Estadio de la Universidad Nacional San Agustín,Arequipa,2554,FBC Melgar,0,0,0,1137,Atletico Nacional,0,1,1
692,13,CONMEBOL Libertadores,2023,Group Stage - 4,1019322,2023-05-25T22:00:00+00:00,198,Estadio Hernando Siles,La Paz,3711,The Strongest,1,0,1,124,Fluminense,0,0,0
693,13,CONMEBOL Libertadores,2023,Group Stage - 4,1019323,2023-05-26T00:00:00+00:00,1653,Estadio Olímpico de la UCV,Caracas,2825,Metropolitanos FC,0,1,1,119,Internacional,2,0,2
694,13,CONMEBOL Libertadores,2023,Group Stage - 4,1019324,2023-05-26T00:00:00+00:00,1228,Estadio Nacional de Lima,Lima,2546,Sporting Cristal,0,1,1,435,River Plate,0,1,1
695,13,CONMEBOL Libertadores,2023,Group Stage - 4,1019325,2023-05-24T22:00:00+00:00,1214,Estadio General Pablo Rojas,Asunción,1176,Cerro Porteno,0,0,0,121,Palmeiras,1,2,3
696,13,CONMEBOL Libertadores,2023,Group Stage - 5,1019326,2023-06-06T22:00:00+00:00,10493,Arena da Baixada,"Curitiba, Paraná",134,Atletico Paranaense,0,1,1,1179,Libertad Asuncion,0,0,0
697,13,CONMEBOL Libertadores,2023,Group Stage - 5,1019327,2023-06-06T22:00:00+00:00,1660,Estadio Monumental de Maturín,Maturín,2811,Monagas SC,1,0,1,1462,Deportivo Pereira,0,0,0
698,13,CONMEBOL Libertadores,2023,Group Stage - 5,1019328,2023-06-07T00:00:00+00:00,46,Estadio Alberto José Armando,Ciudad de Buenos Aires,451,Boca Juniors,0,1,1,2315,Colo Colo,0,0,0
699,13,CONMEBOL Libertadores,2023,Group Stage - 5,1019329,2023-06-07T00:00:00+00:00,1235,Estadio de la Universidad Nacional San Agustín,Arequipa,2554,FBC Melgar,4,1,5,444,Patronato,0,0,0
700,13,CONMEBOL Libertadores,2023,Group Stage - 5,1019330,2023-06-07T00:00:00+00:00,1230,Estadio Alejandro Villanueva,Lima,2553,Alianza Lima,0,0,0,1062,Atletico-MG,0,1,1
701,13,CONMEBOL Libertadores,2023,Group Stage - 5,1019331,2023-06-07T02:00:00+00:00,198,Estadio Hernando Siles,La Paz,3702,Bolívar,1,1,2,1176,Cerro Porteno,0,0,0
702,13,CONMEBOL Libertadores,2023,Group Stage - 5,1019332,2023-06-07T22:00:00+00:00,37,Estadio Diego Armando Maradona,"Capital Federal, Ciudad de Buenos Aires",458,Argentinos JRS,0,2,2,2358,Liverpool Montevideo,0,1,1
703,13,CONMEBOL Libertadores,2023,Group Stage - 5,1019333,2023-06-07T22:00:00+00:00,1639,Estadio Gran Parque Central,Montevideo,2356,Club Nacional,0,1,1,119,Internacional,0,1,1
704,13,CONMEBOL Libertadores,2023,Group Stage - 5,1019334,2023-06-08T00:30:00+00:00,19570,Estadio Mâs Monumental,"Capital Federal, Ciudad de Buenos Aires",435,River Plate,0,2,2,124,Fluminense,0,0,0
705,13,CONMEBOL Libertadores,2023,Group Stage - 5,1019335,2023-06-08T00:30:00+00:00,258,Allianz Parque,"São Paulo, São Paulo",121,Palmeiras,0,4,4,1152,Barcelona SC,2,0,2
706,13,CONMEBOL Libertadores,2023,Group Stage - 5,1019336,2023-06-08T00:00:00+00:00,19380,Estadio Cooprogreso Gonzalo Pozo Ripalda,Quito,1156,Aucas,0,0,0,2337,Nublense,0,0,0
707,13,CONMEBOL Libertadores,2023,Group Stage - 5,1019337,2023-06-08T02:00:00+00:00,198,Estadio Hernando Siles,La Paz,3711,The Strongest,1,0,1,2546,Sporting Cristal,1,1,2
708,13,CONMEBOL Libertadores,2023,Group Stage - 5,1019338,2023-06-07T22:00:00+00:00,18580,Estadio Banco Guayaquil,Sangolquí,1153,Independiente del Valle,2,1,3,131,Corinthians,0,0,0
709,13,CONMEBOL Libertadores,2023,Group Stage - 5,1019339,2023-06-08T22:00:00+00:00,1653,Estadio Olímpico de la UCV,Caracas,2825,Metropolitanos FC,0,0,0,1128,Independiente Medellin,0,1,1
710,13,CONMEBOL Libertadores,2023,Group Stage - 5,1019340,2023-06-09T00:00:00+00:00,,Estádio do Maracanã,Rio de Janeiro,127,Flamengo,1,1,2,436,Racing Club,0,1,1
711,13,CONMEBOL Libertadores,2023,Group Stage - 5,1019341,2023-06-09T00:00:00+00:00,11622,Estadio Defensores del Chaco,Asunción,1182,Olimpia,1,2,3,1137,Atletico Nacional,0,0,0
712,13,CONMEBOL Libertadores,2023,Group Stage - 6,1019342,2023-06-27T22:00:00+00:00,,Arena da Baixada,Curitiba,134,Atletico Paranaense,1,2,3,2553,Alianza Lima,0,0,0
713,13,CONMEBOL Libertadores,2023,Group Stage - 6,1019343,2023-06-27T22:00:00+00:00,11622,Estadio Defensores del Chaco,Asunción,1179,Libertad Asuncion,0,1,1,1062,Atletico-MG,0,1,1
714,13,CONMEBOL Libertadores,2023,Group Stage - 6,1019344,2023-06-28T00:00:00+00:00,19570,Estadio Mâs Monumental,"Capital Federal, Ciudad de Buenos Aires",435,River Plate,1,1,2,3711,The Strongest,0,0,0
715,13,CONMEBOL Libertadores,2023,Group Stage - 6,1019345,2023-06-28T00:00:00+00:00,,Estadio Jornalista Mário Filho,"Rio de Janeiro, Rio de Janeiro",124,Fluminense,1,0,1,2546,Sporting Cristal,1,0,1
716,13,CONMEBOL Libertadores,2023,Group Stage - 6,1019346,2023-06-28T00:00:00+00:00,1221,Estadio Manuel Ferreira,Asunción,1182,Olimpia,4,0,4,2554,FBC Melgar,0,1,1
717,13,CONMEBOL Libertadores,2023,Group Stage - 6,1019347,2023-06-28T00:00:00+00:00,380,Estadio Atanasio Girardot,Medellín,1137,Atletico Nacional,0,0,0,444,Patronato,0,1,1
718,13,CONMEBOL Libertadores,2023,Group Stage - 6,1019348,2023-06-28T22:00:00+00:00,1639,Estadio Gran Parque Central,Montevideo,2356,Club Nacional,1,0,1,2825,Metropolitanos FC,0,0,0
719,13,CONMEBOL Libertadores,2023,Group Stage - 6,1019349,2023-06-28T22:00:00+00:00,244,Estádio José Pinheiro Borda,"Porto Alegre, Rio Grande do Sul",119,Internacional,3,0,3,1128,Independiente Medellin,0,1,1
720,13,CONMEBOL Libertadores,2023,Group Stage - 6,1019351,2023-06-29T00:30:00+00:00,,Estadio Jornalista Mário Filho,"Rio de Janeiro, Rio de Janeiro",127,Flamengo,3,1,4,1156,Aucas,0,0,0
721,13,CONMEBOL Libertadores,2023,Group Stage - 6,1019352,2023-06-29T00:30:00+00:00,11531,Neo Química Arena,"São Paulo, São Paulo",131,Corinthians,1,2,3,2358,Liverpool Montevideo,0,0,0
722,13,CONMEBOL Libertadores,2023,Group Stage - 6,1019350,2023-06-29T00:30:00+00:00,99,Estadio Presidente Juan Domingo Perón,"Avellaneda, Provincia de Buenos Aires",436,Racing Club,0,4,4,2337,Nublense,0,0,0
723,13,CONMEBOL Libertadores,2023,Group Stage - 6,1019353,2023-06-29T00:30:00+00:00,18580,Estadio Banco Guayaquil,Sangolquí,1153,Independiente del Valle,1,2,3,458,Argentinos JRS,1,1,2
724,13,CONMEBOL Libertadores,2023,Group Stage - 6,1019354,2023-06-29T22:00:00+00:00,46,Estadio Alberto José Armando,Ciudad de Buenos Aires,451,Boca Juniors,1,3,4,2811,Monagas SC,0,0,0
725,13,CONMEBOL Libertadores,2023,Group Stage - 6,1019355,2023-06-29T22:00:00+00:00,319,Estadio Monumental David Arellano,Santiago de Chile,2315,Colo Colo,0,0,0,1462,Deportivo Pereira,0,0,0
726,13,CONMEBOL Libertadores,2023,Group Stage - 6,1019356,2023-06-30T00:00:00+00:00,258,Allianz Parque,"São Paulo, São Paulo",121,Palmeiras,2,2,4,3702,Bolívar,0,0,0
727,13,CONMEBOL Libertadores,2023,Group Stage - 6,1019357,2023-06-30T00:00:00+00:00,466,Estadio Monumental Banco Pichincha,Guayaquil,1152,Barcelona SC,0,2,2,1176,Cerro Porteno,2,0,2
728,13,CONMEBOL Libertadores,2023,Round of 16,1052177,2023-08-04T00:00:00+00:00,380,Estadio Atanasio Girardot,Medellín,1137,Atletico Nacional,1,3,4,436,Racing Club,0,2,2
729,13,CONMEBOL Libertadores,2023,Round of 16,1052178,2023-08-11T00:00:00+00:00,99,Estadio Presidente Juan Domingo Perón,"Avellaneda, Provincia de Buenos Aires",436,Racing Club,1,2,3,1137,Atletico Nacional,0,0,0
730,13,CONMEBOL Libertadores,2023,Round of 16,1052179,2023-08-03T00:00:00+00:00,1639,Estadio Gran Parque Central,Montevideo,2356,Club Nacional,0,0,0,451,Boca Juniors,0,0,0
731,13,CONMEBOL Libertadores,2023,Round of 16,1052181,2023-08-03T00:00:00+00:00,378,Estadio Hernán Ramírez Villegas,Pereira,1462,Deportivo Pereira,0,1,1,1153,Independiente del Valle,0,0,0
732,13,CONMEBOL Libertadores,2023,Round of 16,1052182,2023-08-10T00:00:00+00:00,465,Estadio Olímpico Atahualpa,Quito,1153,Independiente del Valle,1,0,1,1462,Deportivo Pereira,0,1,1
733,13,CONMEBOL Libertadores,2023,Round of 16,1052183,2023-08-03T00:30:00+00:00,234,Estádio Governador Magalhães Pinto,"Belo Horizonte, Minas Gerais",1062,Atletico-MG,0,0,0,121,Palmeiras,1,0,1
734,13,CONMEBOL Libertadores,2023,Round of 16,1052184,2023-08-10T00:30:00+00:00,258,Allianz Parque,"São Paulo, São Paulo",121,Palmeiras,0,0,0,1062,Atletico-MG,0,0,0
735,13,CONMEBOL Libertadores,2023,Round of 16,1052185,2023-08-02T00:00:00+00:00,198,Estadio Hernando Siles,La Paz,3702,Bolívar,2,1,3,134,Atletico Paranaense,1,0,1
736,13,CONMEBOL Libertadores,2023,Round of 16,1052187,2023-08-02T00:00:00+00:00,19570,Estadio Mâs Monumental,"Capital Federal, Ciudad de Buenos Aires",435,River Plate,0,2,2,119,Internacional,1,0,1
737,13,CONMEBOL Libertadores,2023,Round of 16,1052189,2023-08-01T22:00:00+00:00,37,Estadio Diego Armando Maradona,"Capital Federal, Ciudad de Buenos Aires",458,Argentinos JRS,1,0,1,124,Fluminense,0,1,1
738,13,CONMEBOL Libertadores,2023,Round of 16,1052190,2023-08-08T22:00:00+00:00,,Estádio do Maracanã,Rio de Janeiro,124,Fluminense,0,2,2,458,Argentinos JRS,0,0,0
739,13,CONMEBOL Libertadores,2023,Round of 16,1052191,2023-08-04T00:00:00+00:00,,Estádio do Maracanã,Rio de Janeiro,127,Flamengo,0,1,1,1182,Olimpia,0,0,0
740,13,CONMEBOL Libertadores,2023,Round of 16,1052192,2023-08-11T00:00:00+00:00,11622,Estadio Defensores del Chaco,Asunción,1182,Olimpia,1,2,3,127,Flamengo,1,0,1
741,13,CONMEBOL Libertadores,2023,Quarter-finals,1115294,2023-08-22T22:00:00+00:00,198,Estadio Hernando Siles,La Paz,3702,Bolívar,0,0,0,119,Internacional,1,0,1
742,13,CONMEBOL Libertadores,2023,Quarter-finals,1115295,2023-08-29T22:00:00+00:00,244,Estádio José Pinheiro Borda,"Porto Alegre, Rio Grande do Sul",119,Internacional,1,1,2,3702,Bolívar,0,0,0
743,13,CONMEBOL Libertadores,2023,Quarter-finals,1115296,2023-08-24T00:30:00+00:00,378,Estadio Hernán Ramírez Villegas,Pereira,1462,Deportivo Pereira,0,0,0,121,Palmeiras,3,1,4
744,13,CONMEBOL Libertadores,2023,Quarter-finals,1115297,2023-08-31T00:30:00+00:00,258,Allianz Parque,"São Paulo, São Paulo",121,Palmeiras,0,0,0,1462,Deportivo Pereira,0,0,0
745,13,CONMEBOL Libertadores,2023,Quarter-finals,1115602,2023-08-25T00:30:00+00:00,,Estádio do Maracanã,Rio de Janeiro,124,Fluminense,1,1,2,1182,Olimpia,0,0,0
746,13,CONMEBOL Libertadores,2023,Quarter-finals,1115603,2023-09-01T00:30:00+00:00,11622,Estadio Defensores del Chaco,Asunción,1182,Olimpia,1,0,1,124,Fluminense,1,2,3
747,13,CONMEBOL Libertadores,2023,Quarter-finals,1115604,2023-08-24T00:30:00+00:00,46,Estadio Alberto José Armando,Ciudad de Buenos Aires,451,Boca Juniors,0,0,0,436,Racing Club,0,0,0
748,13,CONMEBOL Libertadores,2023,Semi-finals,1125015,2023-09-29T00:30:00+00:00,46,Estadio Alberto José Armando,Ciudad de Buenos Aires,451,Boca Juniors,0,0,0,121,Palmeiras,0,0,0
749,13,CONMEBOL Libertadores,2023,Semi-finals,1125289,2023-09-28T00:30:00+00:00,,Estádio do Maracanã,Rio de Janeiro,124,Fluminense,1,1,2,119,Internacional,1,1,2
750,13,CONMEBOL Libertadores,2023,Semi-finals,1125290,2023-10-05T00:30:00+00:00,244,Estádio José Pinheiro Borda,"Porto Alegre, Rio Grande do Sul",119,Internacional,1,0,1,124,Fluminense,0,2,2
751,13,CONMEBOL Libertadores,2024,2nd Round,1149590,2024-02-21T00:30:00+00:00,380,Estadio Atanasio Girardot,Medellín,1144,Rionegro Aguilas,0,0,0,794,RB Bragantino,0,0,0
752,13,CONMEBOL Libertadores,2024,2nd Round,1149592,2024-02-21T00:30:00+00:00,2487,Estadio Municipal El Alto,El Alto,3700,Always Ready,1,5,6,2546,Sporting Cristal,1,0,1
753,13,CONMEBOL Libertadores,2024,2nd Round,1149593,2024-02-28T00:30:00+00:00,1228,Estadio Nacional de Lima,Lima,2546,Sporting Cristal,1,2,3,3700,Always Ready,1,0,1
754,13,CONMEBOL Libertadores,2024,2nd Round,1149594,2024-02-23T00:30:00+00:00,80,Estadio Malvinas Argentinas,"Mendoza, Provincia de Mendoza",439,Godoy Cruz,0,0,0,2315,Colo Colo,0,1,1
755,13,CONMEBOL Libertadores,2024,2nd Round,1149595,2024-03-01T00:30:00+00:00,319,Estadio Monumental David Arellano,Santiago de Chile,2315,Colo Colo,0,0,0,439,Godoy Cruz,0,0,0
756,13,CONMEBOL Libertadores,2024,2nd Round,1149596,2024-02-22T22:00:00+00:00,11622,Estadio Defensores del Chaco,Asunción,1187,Sportivo Trinidense,1,0,1,1150,El Nacional,0,1,1
757,13,CONMEBOL Libertadores,2024,2nd Round,1149597,2024-02-29T22:00:00+00:00,471,Estadio Rodrigo Paz Delgado,Quito,1150,El Nacional,0,0,0,1187,Sportivo Trinidense,0,1,1
758,13,CONMEBOL Libertadores,2024,2nd Round,1149598,2024-02-20T22:00:00+00:00,2851,Estadio Nacional Brígido Iriarte,Caracas,2814,Portuguesa FC,1,0,1,2318,Palestino,2,0,2
759,13,CONMEBOL Libertadores,2024,2nd Round,1149599,2024-02-27T22:00:00+00:00,337,Estadio El Teniente,Rancagua,2318,Palestino,1,1,2,2814,Portuguesa FC,0,1,1
760,13,CONMEBOL Libertadores,2024,1st Round,1149600,2024-02-07T00:30:00+00:00,1654,Estadio Polideportivo Misael Delgado,Valencia,2827,Puerto Cabello,2,1,3,2350,Defensor Sporting,1,1,2
761,13,CONMEBOL Libertadores,2024,1st Round,1149602,2024-02-08T00:30:00+00:00,2438,Estadio Félix Capriles,Cochabamba,3637,Aurora,1,0,1,2554,FBC Melgar,0,0,0
762,13,CONMEBOL Libertadores,2024,1st Round,1149603,2024-02-15T00:30:00+00:00,1235,Estadio de la Universidad Nacional San Agustín,Arequipa,2554,FBC Melgar,1,0,1,3637,Aurora,1,0,1
763,13,CONMEBOL Libertadores,2024,1st Round,1149604,2024-02-09T00:30:00+00:00,19380,Estadio Cooprogreso Gonzalo Pozo Ripalda,Quito,1156,Aucas,0,1,1,1175,Nacional Asuncion,0,0,0
764,13,CONMEBOL Libertadores,2024,1st Round,1149605,2024-02-16T00:30:00+00:00,11622,Estadio Defensores del Chaco,Asunción,1175,Nacional Asuncion,2,1,3,1156,Aucas,0,0,0
765,13,CONMEBOL Libertadores,2024,2nd Round,1174580,2024-02-21T22:00:00+00:00,1654,Estadio Polideportivo Misael Delgado,Valencia,2827,Puerto Cabello,0,0,0,2356,Club Nacional,2,0,2
766,13,CONMEBOL Libertadores,2024,2nd Round,1174581,2024-02-28T22:00:00+00:00,1639,Estadio Gran Parque Central,Montevideo,2356,Club Nacional,0,2,2,2827,Puerto Cabello,0,0,0
767,13,CONMEBOL Libertadores,2024,2nd Round,1174582,2024-02-22T00:30:00+00:00,2438,Estadio Félix Capriles,Cochabamba,3637,Aurora,0,1,1,120,Botafogo,1,0,1
768,13,CONMEBOL Libertadores,2024,2nd Round,1174583,2024-02-29T00:30:00+00:00,218,Estádio Nilton Santos,Rio de Janeiro,120,Botafogo,3,3,6,3637,Aurora,0,0,0
769,13,CONMEBOL Libertadores,2024,2nd Round,1174742,2024-02-22T00:30:00+00:00,11622,Estadio Defensores del Chaco,Asunción,1175,Nacional Asuncion,0,1,1,1137,Atletico Nacional,0,0,0
770,13,CONMEBOL Libertadores,2024,2nd Round,1174743,2024-02-29T00:30:00+00:00,380,Estadio Atanasio Girardot,Medellín,1137,Atletico Nacional,0,0,0,1175,Nacional Asuncion,1,2,3
771,13,CONMEBOL Libertadores,2024,3rd Round,1178189,2024-03-07T00:30:00+00:00,218,Estádio Nilton Santos,Rio de Janeiro,120,Botafogo,1,1,2,794,RB Bragantino,1,0,1
772,13,CONMEBOL Libertadores,2024,3rd Round,1178190,2024-03-14T00:30:00+00:00,220,Estádio Nabi Abi Chedid,"Bragança Paulista, São Paulo",794,RB Bragantino,0,1,1,120,Botafogo,0,1,1
773,13,CONMEBOL Libertadores,2024,3rd Round,1178191,2024-03-06T00:30:00+00:00,11622,Estadio Defensores del Chaco,Asunción,1175,Nacional Asuncion,0,0,0,2318,Palestino,0,2,2
774,13,CONMEBOL Libertadores,2024,3rd Round,1178193,2024-03-08T00:30:00+00:00,2487,Estadio Municipal El Alto,El Alto,3700,Always Ready,1,0,1,2356,Club Nacional,0,0,0
775,13,CONMEBOL Libertadores,2024,3rd Round,1180019,2024-03-07T00:30:00+00:00,19515,Estadio Tigo La Huerta,Asunción,1187,Sportivo Trinidense,1,0,1,2315,Colo Colo,0,1,1
776,13,CONMEBOL Libertadores,2024,3rd Round,1180020,2024-03-14T00:30:00+00:00,319,Estadio Monumental David Arellano,Santiago de Chile,2315,Colo Colo,2,0,2,1187,Sportivo Trinidense,1,0,1
777,13,CONMEBOL Libertadores,2024,Group Stage - 1,1187185,2024-04-02T22:00:00+00:00,322,Estadio Zorros del Desierto,Calama,2331,Cobresal,0,1,1,1152,Barcelona SC,0,1,1
778,13,CONMEBOL Libertadores,2024,Group Stage - 1,1187186,2024-04-02T22:00:00+00:00,383,Estadio Nemesio Camacho El Campín,"Bogotá, D.C.",1125,Millonarios,0,1,1,127,Flamengo,0,1,1
779,13,CONMEBOL Libertadores,2024,Group Stage - 1,1187187,2024-04-03T00:00:00+00:00,198,Estadio Hernando Siles,La Paz,3711,The Strongest,1,1,2,130,Gremio,0,0,0
780,13,CONMEBOL Libertadores,2024,Group Stage - 1,1187188,2024-04-03T00:30:00+00:00,1649,Estadio Polideportivo de Pueblo Nuevo,San Cristóbal,2807,Deportivo Tachira FC,0,0,0,435,River Plate,0,2,2
781,13,CONMEBOL Libertadores,2024,Group Stage - 1,1187189,2024-04-03T02:00:00+00:00,1242,Estadio Monumental,Lima,2540,Universitario,0,2,2,1158,LDU de Quito,1,0,1
782,13,CONMEBOL Libertadores,2024,Group Stage - 1,1187190,2024-04-03T22:00:00+00:00,1639,Estadio Gran Parque Central,Montevideo,2356,Club Nacional,1,1,2,1179,Libertad Asuncion,0,0,0
783,13,CONMEBOL Libertadores,2024,Group Stage - 1,1187191,2024-04-03T22:00:00+00:00,218,Estádio Nilton Santos,Rio de Janeiro,120,Botafogo,1,0,1,1135,Junior,3,0,3
784,13,CONMEBOL Libertadores,2024,Group Stage - 1,1187192,2024-04-03T22:00:00+00:00,320,Estadio CAP,Talcahuano,2328,Huachipato,0,1,1,450,Estudiantes L.P.,1,0,1
785,13,CONMEBOL Libertadores,2024,Group Stage - 1,1187193,2024-04-04T00:00:00+00:00,319,Estadio Monumental David Arellano,Santiago de Chile,2315,Colo Colo,0,1,1,1176,Cerro Porteno,0,0,0
786,13,CONMEBOL Libertadores,2024,Group Stage - 1,1187194,2024-04-04T00:30:00+00:00,103,Estadio Pedro Bidegaín,"Capital Federal, Ciudad de Buenos Aires",460,San Lorenzo,1,0,1,121,Palmeiras,0,1,1
787,13,CONMEBOL Libertadores,2024,Group Stage - 1,1187195,2024-04-04T00:30:00+00:00,1230,Estadio Alejandro Villanueva,Lima,2553,Alianza Lima,1,0,1,124,Fluminense,0,1,1
788,13,CONMEBOL Libertadores,2024,Group Stage - 1,1187196,2024-04-04T22:00:00+00:00,1653,Estadio Olímpico de la UCV,Caracas,2808,Caracas FC,0,1,1,1062,Atletico-MG,3,1,4
789,13,CONMEBOL Libertadores,2024,Group Stage - 1,1187197,2024-04-04T22:00:00+00:00,19391,Estadio Gigante de Arroyito,"Rosario, Provincia de Santa Fe",437,Rosario Central,1,0,1,2348,Penarol,0,0,0
790,13,CONMEBOL Libertadores,2024,Group Stage - 1,1187199,2024-04-05T00:00:00+00:00,110,Estadio Mario Alberto Kempes,"Ciudad de Córdoba, Provincia de Córdoba",456,Talleres Cordoba,1,1,2,126,Sao Paulo,0,1,1
791,13,CONMEBOL Libertadores,2024,Group Stage - 1,1187198,2024-04-05T00:00:00+00:00,1624,Estadio Centenario,Montevideo,2358,Liverpool Montevideo,0,1,1,1153,Independiente del Valle,1,0,1
792,13,CONMEBOL Libertadores,2024,Group Stage - 1,1187200,2024-04-05T00:00:00+00:00,337,Estadio El Teniente,Rancagua,2318,Palestino,0,0,0,3702,Bolívar,2,2,4
793,13,CONMEBOL Libertadores,2024,Group Stage - 2,1187201,2024-04-09T22:00:00+00:00,,Estadio Jorge Luis Hirschi,"La Plata, Provincia de Buenos Aires",450,Estudiantes L.P.,0,2,2,3711,The Strongest,1,0,1
794,13,CONMEBOL Libertadores,2024,Group Stage - 2,1187202,2024-04-09T22:00:00+00:00,241,Arena do Grêmio,"Porto Alegre, Rio Grande do Sul",130,Gremio,0,0,0,2328,Huachipato,2,0,2
795,13,CONMEBOL Libertadores,2024,Group Stage - 2,1187203,2024-04-10T00:00:00+00:00,19515,Estadio Tigo La Huerta,Asunción,1179,Libertad Asuncion,2,1,3,2807,Deportivo Tachira FC,0,0,0
796,13,CONMEBOL Libertadores,2024,Group Stage - 2,1187204,2024-04-10T00:00:00+00:00,,Estadio Jornalista Mário Filho,"Rio de Janeiro, Rio de Janeiro",124,Fluminense,1,1,2,2315,Colo Colo,1,0,1
797,13,CONMEBOL Libertadores,2024,Group Stage - 2,1187205,2024-04-10T02:00:00+00:00,366,Estadio Metropolitano Roberto Meléndez,Barranquilla,1135,Junior,1,0,1,2540,Universitario,1,0,1
798,13,CONMEBOL Libertadores,2024,Group Stage - 2,1187206,2024-04-10T22:00:00+00:00,18580,Estadio Banco Guayaquil,Sangolquí,1153,Independiente del Valle,2,0,2,460,San Lorenzo,0,0,0
799,13,CONMEBOL Libertadores,2024,Group Stage - 2,1187207,2024-04-10T22:00:00+00:00,,Estadio ueno La Nueva Olla,Asunción,1176,Cerro Porteno,0,1,1,2553,Alianza Lima,0,0,0
800,13,CONMEBOL Libertadores,2024,Group Stage - 2,1187208,2024-04-10T22:00:00+00:00,21427,Arena MRV,"Belo Horizonte, Minas Gerais",1062,Atletico-MG,1,1,2,437,Rosario Central,0,1,1
801,13,CONMEBOL Libertadores,2024,Group Stage - 2,1187209,2024-04-11T00:00:00+00:00,1640,Estadio Campeón del Siglo,Montevideo,2348,Penarol,4,1,5,2808,Caracas FC,0,0,0
802,13,CONMEBOL Libertadores,2024,Group Stage - 2,1187210,2024-04-11T00:30:00+00:00,,Estadio Jornalista Mário Filho,"Rio de Janeiro, Rio de Janeiro",127,Flamengo,1,1,2,2318,Palestino,0,0,0
803,13,CONMEBOL Libertadores,2024,Group Stage - 2,1187211,2024-04-11T00:30:00+00:00,20813,MorumBIS,"São Paulo, São Paulo",126,Sao Paulo,0,2,2,2331,Cobresal,0,0,0
804,13,CONMEBOL Libertadores,2024,Group Stage - 2,1187212,2024-04-11T02:00:00+00:00,466,Estadio Monumental Banco Pichincha,Guayaquil,1152,Barcelona SC,1,1,2,456,Talleres Cordoba,1,1,2
805,13,CONMEBOL Libertadores,2024,Group Stage - 2,1187213,2024-04-11T22:00:00+00:00,198,Estadio Hernando Siles,La Paz,3702,Bolívar,3,0,3,1125,Millonarios,1,1,2
806,13,CONMEBOL Libertadores,2024,Group Stage - 2,1187214,2024-04-11T22:00:00+00:00,471,Estadio Rodrigo Paz Delgado,Quito,1158,LDU de Quito,1,0,1,120,Botafogo,0,0,0
807,13,CONMEBOL Libertadores,2024,Group Stage - 2,1187215,2024-04-12T00:00:00+00:00,258,Allianz Parque,"São Paulo, São Paulo",121,Palmeiras,1,2,3,2358,Liverpool Montevideo,1,0,1
808,13,CONMEBOL Libertadores,2024,Group Stage - 2,1187216,2024-04-12T00:00:00+00:00,19570,Estadio Mâs Monumental,"Capital Federal, Ciudad de Buenos Aires",435,River Plate,1,1,2,2356,Club Nacional,0,0,0
809,13,CONMEBOL Libertadores,2024,Group Stage - 3,1187217,2024-04-23T22:00:00+00:00,,Estadio Jorge Luis Hirschi,"La Plata, Provincia de Buenos Aires",450,Estudiantes L.P.,0,0,0,130,Gremio,0,1,1
810,13,CONMEBOL Libertadores,2024,Group Stage - 3,1187218,2024-04-23T22:00:00+00:00,1653,Estadio Olímpico de la UCV,Caracas,2808,Caracas FC,1,0,1,437,Rosario Central,0,1,1
811,13,CONMEBOL Libertadores,2024,Group Stage - 3,1187219,2024-04-24T00:00:00+00:00,21427,Arena MRV,"Belo Horizonte, Minas Gerais",1062,Atletico-MG,2,1,3,2348,Penarol,0,2,2
812,13,CONMEBOL Libertadores,2024,Group Stage - 3,1187220,2024-04-24T00:00:00+00:00,1624,Estadio Centenario,Montevideo,2358,Liverpool Montevideo,0,1,1,460,San Lorenzo,0,0,0
813,13,CONMEBOL Libertadores,2024,Group Stage - 3,1187221,2024-04-24T00:30:00+00:00,319,Estadio Monumental David Arellano,Santiago de Chile,2315,Colo Colo,0,0,0,2553,Alianza Lima,0,0,0
814,13,CONMEBOL Libertadores,2024,Group Stage - 3,1187222,2024-04-24T02:00:00+00:00,366,Estadio Metropolitano Roberto Meléndez,Barranquilla,1135,Junior,1,0,1,1158,LDU de Quito,1,0,1
815,13,CONMEBOL Libertadores,2024,Group Stage - 3,1187223,2024-04-24T22:00:00+00:00,218,Estádio Nilton Santos,Rio de Janeiro,120,Botafogo,0,3,3,2540,Universitario,0,1,1
816,13,CONMEBOL Libertadores,2024,Group Stage - 3,1187224,2024-04-24T22:00:00+00:00,1639,Estadio Gran Parque Central,Montevideo,2356,Club Nacional,2,0,2,2807,Deportivo Tachira FC,1,0,1
817,13,CONMEBOL Libertadores,2024,Group Stage - 3,1187225,2024-04-24T22:00:00+00:00,320,Estadio CAP,Talcahuano,2328,Huachipato,0,0,0,3711,The Strongest,0,0,0
818,13,CONMEBOL Libertadores,2024,Group Stage - 3,1187226,2024-04-25T00:30:00+00:00,20705,Estadio ueno Defensores del Chaco,Asunción,1179,Libertad Asuncion,1,0,1,435,River Plate,1,1,2
819,13,CONMEBOL Libertadores,2024,Group Stage - 3,1187227,2024-04-25T00:30:00+00:00,198,Estadio Hernando Siles,La Paz,3702,Bolívar,1,1,2,127,Flamengo,1,0,1
820,13,CONMEBOL Libertadores,2024,Group Stage - 3,1187228,2024-04-25T00:30:00+00:00,18580,Estadio Banco Guayaquil,Sangolquí,1153,Independiente del Valle,2,0,2,121,Palmeiras,1,2,3
821,13,CONMEBOL Libertadores,2024,Group Stage - 3,1187229,2024-04-25T22:00:00+00:00,322,Estadio Zorros del Desierto,Calama,2331,Cobresal,0,0,0,456,Talleres Cordoba,2,0,2
822,13,CONMEBOL Libertadores,2024,Group Stage - 3,1187230,2024-04-25T22:00:00+00:00,,Estadio ueno La Nueva Olla,Asunción,1176,Cerro Porteno,0,0,0,124,Fluminense,0,0,0
823,13,CONMEBOL Libertadores,2024,Group Stage - 3,1187231,2024-04-26T00:00:00+00:00,466,Estadio Monumental Banco Pichincha,Guayaquil,1152,Barcelona SC,0,0,0,126,Sao Paulo,1,1,2
824,13,CONMEBOL Libertadores,2024,Group Stage - 3,1187232,2024-04-26T00:00:00+00:00,324,Estadio Bicentenario Francisco Sánchez Rumoroso,Coquimbo,2318,Palestino,2,1,3,1125,Millonarios,1,0,1
825,13,CONMEBOL Libertadores,2024,Group Stage - 4,1187233,2024-05-07T22:00:00+00:00,1653,Estadio Olímpico de la UCV,Caracas,2808,Caracas FC,0,0,0,2348,Penarol,1,0,1
826,13,CONMEBOL Libertadores,2024,Group Stage - 4,1187234,2024-05-07T22:00:00+00:00,19391,Estadio Gigante de Arroyito,"Rosario, Provincia de Santa Fe",437,Rosario Central,0,0,0,1062,Atletico-MG,0,1,1
827,13,CONMEBOL Libertadores,2024,Group Stage - 4,1187235,2024-05-08T00:00:00+00:00,1639,Estadio Gran Parque Central,Montevideo,2356,Club Nacional,0,2,2,435,River Plate,2,0,2
828,13,CONMEBOL Libertadores,2024,Group Stage - 4,1187236,2024-05-08T00:00:00+00:00,324,Estadio Bicentenario Francisco Sánchez Rumoroso,Coquimbo,2318,Palestino,0,1,1,127,Flamengo,0,0,0
829,13,CONMEBOL Libertadores,2024,Group Stage - 4,1187237,2024-05-08T00:00:00+00:00,1649,Estadio Polideportivo de Pueblo Nuevo,San Cristóbal,2807,Deportivo Tachira FC,1,0,1,1179,Libertad Asuncion,0,1,1
830,13,CONMEBOL Libertadores,2024,Group Stage - 4,1187238,2024-05-08T02:00:00+00:00,1242,Estadio Monumental,Lima,2540,Universitario,1,0,1,1135,Junior,1,0,1
831,13,CONMEBOL Libertadores,2024,Group Stage - 4,1187240,2024-05-08T22:00:00+00:00,110,Estadio Mario Alberto Kempes,"Ciudad de Córdoba, Provincia de Córdoba",456,Talleres Cordoba,2,1,3,1152,Barcelona SC,0,1,1
832,13,CONMEBOL Libertadores,2024,Group Stage - 4,1187241,2024-05-09T00:00:00+00:00,1230,Estadio Alejandro Villanueva,Lima,2553,Alianza Lima,0,1,1,1176,Cerro Porteno,1,0,1
833,13,CONMEBOL Libertadores,2024,Group Stage - 4,1187242,2024-05-09T00:30:00+00:00,218,Estádio Nilton Santos,Rio de Janeiro,120,Botafogo,1,1,2,1158,LDU de Quito,1,0,1
834,13,CONMEBOL Libertadores,2024,Group Stage - 4,1187243,2024-05-09T00:30:00+00:00,322,Estadio Zorros del Desierto,Calama,2331,Cobresal,1,0,1,126,Sao Paulo,1,2,3
835,13,CONMEBOL Libertadores,2024,Group Stage - 4,1187244,2024-05-09T02:00:00+00:00,383,Estadio Nemesio Camacho El Campín,"Bogotá, D.C.",1125,Millonarios,1,0,1,3702,Bolívar,0,1,1
836,13,CONMEBOL Libertadores,2024,Group Stage - 4,1187245,2024-05-09T22:00:00+00:00,103,Estadio Pedro Bidegaín,"Capital Federal, Ciudad de Buenos Aires",460,San Lorenzo,2,0,2,1153,Independiente del Valle,0,0,0
837,13,CONMEBOL Libertadores,2024,Group Stage - 4,1187246,2024-05-09T22:00:00+00:00,1624,Estadio Centenario,Montevideo,2358,Liverpool Montevideo,0,0,0,121,Palmeiras,1,4,5
838,13,CONMEBOL Libertadores,2024,Group Stage - 4,1187247,2024-05-10T00:00:00+00:00,319,Estadio Monumental David Arellano,Santiago de Chile,2315,Colo Colo,0,0,0,124,Fluminense,0,1,1
839,13,CONMEBOL Libertadores,2024,Group Stage - 4,1187248,2024-05-10T00:00:00+00:00,198,Estadio Hernando Siles,La Paz,3711,The Strongest,1,0,1,450,Estudiantes L.P.,0,0,0
840,13,CONMEBOL Libertadores,2024,Group Stage - 5,1187249,2024-05-14T22:00:00+00:00,110,Estadio Mario Alberto Kempes,"Ciudad de Córdoba, Provincia de Córdoba",456,Talleres Cordoba,0,1,1,2331,Cobresal,0,0,0
841,13,CONMEBOL Libertadores,2024,Group Stage - 5,1187250,2024-05-14T22:00:00+00:00,471,Estadio Rodrigo Paz Delgado,Quito,1158,LDU de Quito,0,0,0,1135,Junior,1,0,1
842,13,CONMEBOL Libertadores,2024,Group Stage - 5,1187251,2024-05-14T22:00:00+00:00,1640,Estadio Campeón del Siglo,Montevideo,2348,Penarol,0,2,2,1062,Atletico-MG,0,0,0
843,13,CONMEBOL Libertadores,2024,Group Stage - 5,1187252,2024-05-15T00:30:00+00:00,19570,Estadio Mâs Monumental,"Capital Federal, Ciudad de Buenos Aires",435,River Plate,1,1,2,1179,Libertad Asuncion,0,0,0
844,13,CONMEBOL Libertadores,2024,Group Stage - 5,1187253,2024-05-15T02:00:00+00:00,383,Estadio Nemesio Camacho El Campín,"Bogotá, D.C.",1125,Millonarios,1,0,1,2318,Palestino,0,1,1
845,13,CONMEBOL Libertadores,2024,Group Stage - 5,1187254,2024-05-15T22:00:00+00:00,198,Estadio Hernando Siles,La Paz,3711,The Strongest,1,3,4,2328,Huachipato,0,0,0
846,13,CONMEBOL Libertadores,2024,Group Stage - 5,1187255,2024-05-15T22:00:00+00:00,1649,Estadio Polideportivo de Pueblo Nuevo,San Cristóbal,2807,Deportivo Tachira FC,0,0,0,2356,Club Nacional,0,1,1
847,13,CONMEBOL Libertadores,2024,Group Stage - 5,1187257,2024-05-16T00:00:00+00:00,1230,Estadio Alejandro Villanueva,Lima,2553,Alianza Lima,1,0,1,2315,Colo Colo,0,1,1
848,13,CONMEBOL Libertadores,2024,Group Stage - 5,1187258,2024-05-16T00:30:00+00:00,,Estadio Jornalista Mário Filho,"Rio de Janeiro, Rio de Janeiro",127,Flamengo,3,1,4,3702,Bolívar,0,0,0
849,13,CONMEBOL Libertadores,2024,Group Stage - 5,1187259,2024-05-16T00:30:00+00:00,258,Allianz Parque,"São Paulo, São Paulo",121,Palmeiras,2,0,2,1153,Independiente del Valle,0,1,1
850,13,CONMEBOL Libertadores,2024,Group Stage - 5,1187261,2024-05-16T22:00:00+00:00,,Estadio Jornalista Mário Filho,"Rio de Janeiro, Rio de Janeiro",124,Fluminense,1,1,2,1176,Cerro Porteno,1,0,1
851,13,CONMEBOL Libertadores,2024,Group Stage - 5,1187260,2024-05-16T22:00:00+00:00,19391,Estadio Gigante de Arroyito,"Rosario, Provincia de Santa Fe",437,Rosario Central,2,2,4,2808,Caracas FC,0,1,1
852,13,CONMEBOL Libertadores,2024,Group Stage - 5,1187262,2024-05-17T00:00:00+00:00,103,Estadio Pedro Bidegaín,"Capital Federal, Ciudad de Buenos Aires",460,San Lorenzo,2,1,3,2358,Liverpool Montevideo,1,1,2
853,13,CONMEBOL Libertadores,2024,Group Stage - 5,1187263,2024-05-17T00:00:00+00:00,20813,MorumBIS,"São Paulo, São Paulo",126,Sao Paulo,0,0,0,1152,Barcelona SC,0,0,0
854,13,CONMEBOL Libertadores,2024,Group Stage - 5,1187264,2024-05-16T22:00:00+00:00,1242,Estadio Monumental,Lima,2540,Universitario,0,0,0,120,Botafogo,0,1,1
855,13,CONMEBOL Libertadores,2024,Group Stage - 6,1187265,2024-05-28T22:00:00+00:00,366,Estadio Metropolitano Roberto Meléndez,Barranquilla,1135,Junior,0,0,0,120,Botafogo,0,0,0
856,13,CONMEBOL Libertadores,2024,Group Stage - 6,1187266,2024-05-28T22:00:00+00:00,471,Estadio Rodrigo Paz Delgado,Quito,1158,LDU de Quito,1,1,2,2540,Universitario,0,0,0
857,13,CONMEBOL Libertadores,2024,Group Stage - 6,1187267,2024-05-28T22:00:00+00:00,21427,Arena MRV,"Belo Horizonte, Minas Gerais",1062,Atletico-MG,2,2,4,2808,Caracas FC,0,0,0
858,13,CONMEBOL Libertadores,2024,Group Stage - 6,1187268,2024-05-28T22:00:00+00:00,1640,Estadio Campeón del Siglo,Montevideo,2348,Penarol,1,1,2,437,Rosario Central,0,1,1
859,13,CONMEBOL Libertadores,2024,Group Stage - 6,1187269,2024-05-29T00:00:00+00:00,198,Estadio Hernando Siles,La Paz,3702,Bolívar,1,2,3,2318,Palestino,0,1,1
860,13,CONMEBOL Libertadores,2024,Group Stage - 6,1187270,2024-05-29T00:00:00+00:00,,Estadio Jornalista Mário Filho,"Rio de Janeiro, Rio de Janeiro",127,Flamengo,3,0,3,1125,Millonarios,0,0,0
861,13,CONMEBOL Libertadores,2024,Group Stage - 6,1187271,2024-05-29T22:00:00+00:00,,Estadio Jorge Luis Hirschi,"La Plata, Provincia de Buenos Aires",450,Estudiantes L.P.,1,2,3,2328,Huachipato,2,2,4
862,13,CONMEBOL Libertadores,2024,Group Stage - 6,1187272,2024-05-29T22:00:00+00:00,230,Estádio Major Antônio Couto Pereira,"Curitiba, Paraná",130,Gremio,1,3,4,3711,The Strongest,0,0,0
863,13,CONMEBOL Libertadores,2024,Group Stage - 6,1187273,2024-05-30T00:30:00+00:00,,Estadio ueno La Nueva Olla,Asunción,1176,Cerro Porteno,1,0,1,2315,Colo Colo,1,0,1
864,13,CONMEBOL Libertadores,2024,Group Stage - 6,1187274,2024-05-30T00:30:00+00:00,,Estadio Jornalista Mário Filho,"Rio de Janeiro, Rio de Janeiro",124,Fluminense,0,3,3,2553,Alianza Lima,1,1,2
865,13,CONMEBOL Libertadores,2024,Group Stage - 6,1187275,2024-05-30T00:30:00+00:00,20813,MorumBIS,"São Paulo, São Paulo",126,Sao Paulo,1,1,2,456,Talleres Cordoba,0,0,0
866,13,CONMEBOL Libertadores,2024,Group Stage - 6,1187276,2024-05-30T00:30:00+00:00,466,Estadio Monumental Banco Pichincha,Guayaquil,1152,Barcelona SC,2,0,2,2331,Cobresal,0,1,1
867,13,CONMEBOL Libertadores,2024,Group Stage - 6,1187277,2024-05-30T22:00:00+00:00,,Estadio Banco Guayaquil,Quito,1153,Independiente del Valle,1,1,2,2358,Liverpool Montevideo,1,0,1
868,13,CONMEBOL Libertadores,2024,Group Stage - 6,1187278,2024-05-30T22:00:00+00:00,258,Allianz Parque,"São Paulo, São Paulo",121,Palmeiras,0,0,0,460,San Lorenzo,0,0,0
869,13,CONMEBOL Libertadores,2024,Group Stage - 6,1187279,2024-05-31T00:00:00+00:00,19570,Estadio Mâs Monumental,"Capital Federal, Ciudad de Buenos Aires",435,River Plate,0,2,2,2807,Deportivo Tachira FC,0,0,0
870,13,CONMEBOL Libertadores,2024,Group Stage - 6,1187280,2024-05-31T00:00:00+00:00,19515,Estadio Tigo La Huerta,Asunción,1179,Libertad Asuncion,2,0,2,2356,Club Nacional,1,0,1
871,13,CONMEBOL Libertadores,2024,Group Stage - 4,1187239,2024-06-05T00:00:00+00:00,320,Estadio CAP,Talcahuano,2328,Huachipato,0,0,0,130,Gremio,1,0,1
872,13,CONMEBOL Libertadores,2024,Group Stage - 5,1187256,2024-06-08T22:00:00+00:00,230,Estádio Major Antônio Couto Pereira,"Curitiba, Paraná",130,Gremio,0,1,1,450,Estudiantes L.P.,0,1,1
873,13,CONMEBOL Libertadores,2024,Round of 16,1202193,2024-08-14T00:30:00+00:00,103,Estadio Pedro Bidegaín,"Capital Federal, Ciudad de Buenos Aires",460,San Lorenzo,1,0,1,1062,Atletico-MG,0,1,1
874,13,CONMEBOL Libertadores,2024,Round of 16,1202194,2024-08-21T00:30:00+00:00,21427,Arena MRV,"Belo Horizonte, Minas Gerais",1062,Atletico-MG,0,1,1,460,San Lorenzo,0,0,0
875,13,CONMEBOL Libertadores,2024,Round of 16,1202195,2024-08-15T22:00:00+00:00,1639,Estadio Gran Parque Central,Montevideo,2356,Club Nacional,0,0,0,126,Sao Paulo,0,0,0
876,13,CONMEBOL Libertadores,2024,Round of 16,1202196,2024-08-22T22:00:00+00:00,20813,MorumBIS,"São Paulo, São Paulo",126,Sao Paulo,1,1,2,2356,Club Nacional,0,0,0
877,13,CONMEBOL Libertadores,2024,Round of 16,1202197,2024-08-16T00:30:00+00:00,,Estadio Jornalista Mário Filho,"Rio de Janeiro, Rio de Janeiro",127,Flamengo,1,1,2,3702,Bolívar,0,0,0
878,13,CONMEBOL Libertadores,2024,Round of 16,1202198,2024-08-23T00:30:00+00:00,198,Estadio Hernando Siles,La Paz,3702,Bolívar,0,1,1,127,Flamengo,0,0,0
879,13,CONMEBOL Libertadores,2024,Round of 16,1202199,2024-08-14T00:30:00+00:00,319,Estadio Monumental David Arellano,Santiago de Chile,2315,Colo Colo,0,1,1,1135,Junior,0,0,0
880,13,CONMEBOL Libertadores,2024,Round of 16,1202200,2024-08-21T00:30:00+00:00,366,Estadio Metropolitano Roberto Meléndez,Barranquilla,1135,Junior,1,0,1,2315,Colo Colo,1,1,2
881,13,CONMEBOL Libertadores,2024,Round of 16,1202201,2024-08-15T00:30:00+00:00,110,Estadio Mario Alberto Kempes,"Ciudad de Córdoba, Provincia de Córdoba",456,Talleres Cordoba,0,0,0,435,River Plate,0,1,1
882,13,CONMEBOL Libertadores,2024,Round of 16,1202202,2024-08-22T00:30:00+00:00,19570,Estadio Mâs Monumental,"Capital Federal, Ciudad de Buenos Aires",435,River Plate,1,1,2,456,Talleres Cordoba,0,1,1
883,13,CONMEBOL Libertadores,2024,Round of 16,1202203,2024-08-15T00:30:00+00:00,218,Estádio Nilton Santos,Rio de Janeiro,120,Botafogo,2,0,2,121,Palmeiras,1,0,1
884,13,CONMEBOL Libertadores,2024,Round of 16,1202204,2024-08-22T00:30:00+00:00,258,Allianz Parque,"São Paulo, São Paulo",121,Palmeiras,0,2,2,120,Botafogo,0,2,2
885,13,CONMEBOL Libertadores,2024,Round of 16,1203722,2024-08-14T22:00:00+00:00,1640,Estadio Campeón del Siglo,Montevideo,2348,Penarol,3,1,4,3711,The Strongest,0,0,0
886,13,CONMEBOL Libertadores,2024,Round of 16,1203723,2024-08-21T22:00:00+00:00,198,Estadio Hernando Siles,La Paz,3711,The Strongest,1,0,1,2348,Penarol,0,0,0
887,13,CONMEBOL Libertadores,2024,Round of 16,1203724,2024-08-13T22:00:00+00:00,230,Estádio Major Antônio Couto Pereira,"Curitiba, Paraná",130,Gremio,0,2,2,124,Fluminense,0,1,1
888,13,CONMEBOL Libertadores,2024,Quarter-finals,1294399,2024-09-18T22:00:00+00:00,,Estadio Jornalista Mário Filho,"Rio de Janeiro, Rio de Janeiro",124,Fluminense,0,1,1,1062,Atletico-MG,0,0,0
889,13,CONMEBOL Libertadores,2024,Quarter-finals,1294401,2024-09-18T00:30:00+00:00,319,Estadio Monumental David Arellano,Santiago de Chile,2315,Colo Colo,0,1,1,435,River Plate,1,0,1
890,13,CONMEBOL Libertadores,2024,Quarter-finals,1295064,2024-09-19T00:30:00+00:00,218,Estádio Nilton Santos,Rio de Janeiro,120,Botafogo,0,0,0,126,Sao Paulo,0,0,0
891,13,CONMEBOL Libertadores,2024,Quarter-finals,1294400,2024-09-25T22:00:00+00:00,21427,Arena MRV,"Belo Horizonte, Minas Gerais",1062,Atletico-MG,0,2,2,124,Fluminense,0,0,0
892,13,CONMEBOL Libertadores,2024,Quarter-finals,1294402,2024-09-25T00:30:00+00:00,19570,Estadio Mâs Monumental,"Capital Federal, Ciudad de Buenos Aires",435,River Plate,1,0,1,2315,Colo Colo,0,0,0
893,13,CONMEBOL Libertadores,2024,Quarter-finals,1295066,2024-09-19T22:00:00+00:00,,Estadio Jornalista Mário Filho,"Rio de Janeiro, Rio de Janeiro",127,Flamengo,0,0,0,2348,Penarol,1,0,1
894,13,CONMEBOL Libertadores,2024,Quarter-finals,1295067,2024-09-26T22:00:00+00:00,1640,Estadio Campeón del Siglo,Montevideo,2348,Penarol,0,0,0,127,Flamengo,0,0,0
895,13,CONMEBOL Libertadores,2024,Semi-finals,1308770,2024-10-23T00:30:00+00:00,21427,Arena MRV,"Belo Horizonte, Minas Gerais",1062,Atletico-MG,1,2,3,435,River Plate,0,0,0
896,13,CONMEBOL Libertadores,2024,Semi-finals,1308771,2024-10-24T00:30:00+00:00,218,Estádio Nilton Santos,Rio de Janeiro,120,Botafogo,0,5,5,2348,Penarol,0,0,0
897,13,CONMEBOL Libertadores,2024,Semi-finals,1308772,2024-10-30T00:30:00+00:00,19570,Estadio Mâs Monumental,"Capital Federal, Ciudad de Buenos Aires",435,River Plate,0,0,0,1062,Atletico-MG,0,0,0
898,13,CONMEBOL Libertadores,2024,Semi-finals,1308773,2024-10-31T00:30:00+00:00,1624,Estadio Centenario,Montevideo,2348,Penarol,1,2,3,120,Botafogo,0,1,1
899,13,CONMEBOL Libertadores,2024,Final,1314251,2024-11-30T20:00:00+00:00,19570,Estadio Mâs Monumental,"Capital Federal, Ciudad de Buenos Aires",1062,Atletico-MG,0,1,1,120,Botafogo,2,1,3
900,13,CONMEBOL Libertadores,2025,2nd Round,1325641,2025-02-18T22:00:00+00:00,336,Estadio Tierra de Campeones,Iquique,2319,Deportes Iquique,1,1,2,1139,Santa Fe,1,0,1
901,13,CONMEBOL Libertadores,2025,2nd Round,1325643,2025-02-20T00:30:00+00:00,1653,Estadio Olímpico de la UCV,Caracas,2840,UCV,0,1,1,131,Corinthians,1,0,1
902,13,CONMEBOL Libertadores,2025,2nd Round,1325644,2025-02-27T00:30:00+00:00,11531,Neo Química Arena,"São Paulo, São Paulo",131,Corinthians,2,1,3,2840,UCV,2,0,2
903,13,CONMEBOL Libertadores,2025,2nd Round,1325645,2025-02-19T22:00:00+00:00,1624,Estadio Centenario,Montevideo,2361,Boston River,0,1,1,2337,Nublense,0,0,0
904,13,CONMEBOL Libertadores,2025,2nd Round,1325646,2025-02-26T22:00:00+00:00,333,Estadio Bicentenario Municipal Nelson Oyarzún,Chillán,2337,Nublense,1,0,1,2361,Boston River,0,1,1
905,13,CONMEBOL Libertadores,2025,1st Round,1325647,2025-02-06T00:30:00+00:00,1220,Estadio Arsenio Erico,Asunción,1175,Nacional Asuncion,1,0,1,2553,Alianza Lima,0,1,1
906,13,CONMEBOL Libertadores,2025,1st Round,1325648,2025-02-13T00:30:00+00:00,1230,Estadio Alejandro Villanueva,Lima,2553,Alianza Lima,1,2,3,1175,Nacional Asuncion,1,0,1
907,13,CONMEBOL Libertadores,2025,1st Round,1325649,2025-02-05T00:30:00+00:00,1660,Estadio Monumental de Maturín,Maturín,2811,Monagas SC,0,2,2,2350,Defensor Sporting,0,0,0
908,13,CONMEBOL Libertadores,2025,1st Round,1325650,2025-02-12T00:30:00+00:00,1624,Estadio Centenario,Montevideo,2350,Defensor Sporting,0,0,0,2811,Monagas SC,1,1,2
909,13,CONMEBOL Libertadores,2025,2nd Round,1327682,2025-02-19T00:30:00+00:00,198,Estadio Hernando Siles,La Paz,3711,The Strongest,1,0,1,118,Bahia,0,1,1
910,13,CONMEBOL Libertadores,2025,2nd Round,1327683,2025-02-26T00:30:00+00:00,,Casa de Apostas Arena Fonte Nova,"Salvador, Bahia",118,Bahia,1,2,3,3711,The Strongest,0,0,0
911,13,CONMEBOL Libertadores,2025,1st Round,1327684,2025-02-07T00:30:00+00:00,2488,Estadio Ramón Aguilera Costas,Santa Cruz de la Sierra,3701,Blooming,3,0,3,1150,El Nacional,1,1,2
912,13,CONMEBOL Libertadores,2025,2nd Round,1327868,2025-02-21T00:30:00+00:00,375,Estadio Manuel Murillo Toro,Ibagué,1142,Deportes Tolima,0,0,0,2554,FBC Melgar,1,0,1
913,13,CONMEBOL Libertadores,2025,2nd Round,1327869,2025-02-28T00:30:00+00:00,1235,Estadio de la Universidad Nacional San Agustín,Arequipa,2554,FBC Melgar,0,1,1,1142,Deportes Tolima,0,0,0
914,13,CONMEBOL Libertadores,2025,2nd Round,1350298,2025-02-20T22:00:00+00:00,1660,Estadio Monumental de Maturín,Maturín,2811,Monagas SC,0,0,0,1176,Cerro Porteno,3,1,4
915,13,CONMEBOL Libertadores,2025,2nd Round,1350299,2025-02-27T22:00:00+00:00,,Estadio ueno La Nueva Olla,Asunción,1176,Cerro Porteno,2,1,3,2811,Monagas SC,1,0,1
916,13,CONMEBOL Libertadores,2025,2nd Round,1350680,2025-02-19T00:30:00+00:00,1230,Estadio Alejandro Villanueva,Lima,2553,Alianza Lima,1,0,1,451,Boca Juniors,0,0,0
917,13,CONMEBOL Libertadores,2025,2nd Round,1350682,2025-02-20T00:30:00+00:00,465,Estadio Olímpico Atahualpa,Quito,1150,El Nacional,0,0,0,1152,Barcelona SC,0,1,1
918,13,CONMEBOL Libertadores,2025,2nd Round,1350683,2025-02-27T00:30:00+00:00,466,Estadio Monumental Banco Pichincha,Guayaquil,1152,Barcelona SC,0,1,1,1150,El Nacional,1,0,1
919,13,CONMEBOL Libertadores,2025,3rd Round,1355039,2025-03-04T22:00:00+00:00,336,Estadio Tierra de Campeones,Iquique,2319,Deportes Iquique,0,1,1,2553,Alianza Lima,2,0,2
920,13,CONMEBOL Libertadores,2025,3rd Round,1355040,2025-03-11T22:00:00+00:00,1230,Estadio Alejandro Villanueva,Lima,2553,Alianza Lima,1,0,1,2319,Deportes Iquique,0,1,1
921,13,CONMEBOL Libertadores,2025,3rd Round,1355041,2025-03-07T00:30:00+00:00,1624,Estadio Centenario,Montevideo,2361,Boston River,0,0,0,118,Bahia,0,0,0
922,13,CONMEBOL Libertadores,2025,3rd Round,1355042,2025-03-14T00:30:00+00:00,,Casa de Apostas Arena Fonte Nova,"Salvador, Bahia",118,Bahia,0,1,1,2361,Boston River,0,0,0
923,13,CONMEBOL Libertadores,2025,3rd Round,1355043,2025-03-06T00:30:00+00:00,466,Estadio Monumental Banco Pichincha,Guayaquil,1152,Barcelona SC,1,2,3,131,Corinthians,0,0,0
924,13,CONMEBOL Libertadores,2025,3rd Round,1355044,2025-03-13T00:30:00+00:00,11531,Neo Química Arena,"São Paulo, São Paulo",131,Corinthians,1,1,2,1152,Barcelona SC,0,0,0
925,13,CONMEBOL Libertadores,2025,3rd Round,1355636,2025-03-05T22:00:00+00:00,1235,Estadio de la Universidad Nacional San Agustín,Arequipa,2554,FBC Melgar,0,0,0,1176,Cerro Porteno,1,0,1
926,13,CONMEBOL Libertadores,2025,3rd Round,1355637,2025-03-12T22:00:00+00:00,,Estadio ueno La Nueva Olla,Asunción,1176,Cerro Porteno,1,3,4,2554,FBC Melgar,1,1,2
927,13,CONMEBOL Libertadores,2025,Group Stage - 1,1361856,2025-04-01T22:00:00+00:00,1654,Estadio Polideportivo Misael Delgado,Valencia,2810,Carabobo FC,0,0,0,450,Estudiantes L.P.,1,1,2
928,13,CONMEBOL Libertadores,2025,Group Stage - 1,1361857,2025-04-03T00:30:00+00:00,316,Estadio Nacional Julio Martínez Prádanos,Santiago de Chile,2323,Universidad de Chile,0,1,1,120,Botafogo,0,0,0
929,13,CONMEBOL Libertadores,2025,Group Stage - 1,1361858,2025-04-02T02:00:00+00:00,466,Estadio Monumental Banco Pichincha,Guayaquil,1152,Barcelona SC,1,0,1,1153,Independiente del Valle,0,0,0
930,13,CONMEBOL Libertadores,2025,Group Stage - 1,1361859,2025-04-03T00:30:00+00:00,1242,Estadio Monumental,Lima,2540,Universitario,0,0,0,435,River Plate,1,0,1
931,13,CONMEBOL Libertadores,2025,Group Stage - 1,1361862,2025-04-02T02:00:00+00:00,1230,Estadio Alejandro Villanueva,Lima,2553,Alianza Lima,0,0,0,1179,Libertad Asuncion,0,1,1
932,13,CONMEBOL Libertadores,2025,Group Stage - 1,1361863,2025-04-03T00:30:00+00:00,110,Estadio Mario Alberto Kempes,"Ciudad de Córdoba, Provincia de Córdoba",456,Talleres Cordoba,0,0,0,126,Sao Paulo,0,1,1
933,13,CONMEBOL Libertadores,2025,Group Stage - 1,1361864,2025-04-02T00:30:00+00:00,,Estadio Américo Montanini,Bucaramanga,1131,Bucaramanga,2,1,3,2315,Colo Colo,1,2,3
934,13,CONMEBOL Libertadores,2025,Group Stage - 1,1361865,2025-04-02T00:30:00+00:00,225,Estádio Governador Plácido Aderaldo Castelo,"Fortaleza, Ceará",154,Fortaleza EC,0,0,0,436,Racing Club,1,2,3
935,13,CONMEBOL Libertadores,2025,Group Stage - 1,1361866,2025-04-03T22:00:00+00:00,,Casa de Apostas Arena Fonte Nova,"Salvador, Bahia",118,Bahia,0,1,1,119,Internacional,0,1,1
936,13,CONMEBOL Libertadores,2025,Group Stage - 1,1361867,2025-04-03T02:00:00+00:00,380,Estadio Atanasio Girardot,Medellín,1137,Atletico Nacional,1,2,3,2356,Club Nacional,0,0,0
937,13,CONMEBOL Libertadores,2025,Group Stage - 1,1361868,2025-04-01T22:00:00+00:00,,Estadio ueno La Nueva Olla,Asunción,1176,Cerro Porteno,1,3,4,3702,Bolívar,1,1,2
938,13,CONMEBOL Libertadores,2025,Group Stage - 1,1361870,2025-04-02T22:00:00+00:00,2438,Estadio Félix Capriles,Cochabamba,17760,San Antonio Bulo Bulo,1,2,3,1182,Olimpia,0,2,2
939,13,CONMEBOL Libertadores,2025,Group Stage - 1,1361871,2025-04-02T22:00:00+00:00,115,Estadio José Amalfitani,"Capital Federal, Ciudad de Buenos Aires",438,Velez Sarsfield,0,2,2,2348,Penarol,0,1,1
940,13,CONMEBOL Libertadores,2025,Group Stage - 1,1361860,2025-04-03T22:00:00+00:00,,Estadio Único Madre de Ciudades,"Santiago del Estero, Prov. de Santiago del Estero",1065,Central Cordoba de Santiago,0,0,0,1158,LDU de Quito,0,0,0
941,13,CONMEBOL Libertadores,2025,Group Stage - 1,1361861,2025-04-04T00:30:00+00:00,1649,Estadio Polideportivo de Pueblo Nuevo,San Cristóbal,2807,Deportivo Tachira FC,0,0,0,127,Flamengo,0,1,1
942,13,CONMEBOL Libertadores,2025,Group Stage - 1,1361869,2025-04-03T22:00:00+00:00,1228,Estadio Nacional de Lima,Lima,2546,Sporting Cristal,0,2,2,121,Palmeiras,1,2,3
943,13,CONMEBOL Libertadores,2025,Group Stage - 2,1361872,2025-04-09T00:30:00+00:00,,Estadio Jorge Luis Hirschi,"La Plata, Provincia de Buenos Aires",450,Estudiantes L.P.,1,0,1,2323,Universidad de Chile,2,0,2
944,13,CONMEBOL Libertadores,2025,Group Stage - 2,1361873,2025-04-08T22:00:00+00:00,,Estádio Olímpico Nilton Santos,Rio de Janeiro,120,Botafogo,0,2,2,2810,Carabobo FC,0,0,0
945,13,CONMEBOL Libertadores,2025,Group Stage - 2,1361874,2025-04-09T02:00:00+00:00,,Estadio Banco Guayaquil,Quito,1153,Independiente del Valle,0,1,1,2540,Universitario,0,0,0
946,13,CONMEBOL Libertadores,2025,Group Stage - 2,1361875,2025-04-09T00:30:00+00:00,19570,Estadio Mâs Monumental,"Capital Federal, Ciudad de Buenos Aires",435,River Plate,0,0,0,1152,Barcelona SC,0,0,0
947,13,CONMEBOL Libertadores,2025,Group Stage - 2,1361876,2025-04-10T02:00:00+00:00,471,Estadio Rodrigo Paz Delgado,Quito,1158,LDU de Quito,0,2,2,2807,Deportivo Tachira FC,0,0,0
948,13,CONMEBOL Libertadores,2025,Group Stage - 2,1361877,2025-04-10T00:30:00+00:00,,Estadio Jornalista Mário Filho,"Rio de Janeiro, Rio de Janeiro",127,Flamengo,0,1,1,1065,Central Cordoba de Santiago,2,0,2
949,13,CONMEBOL Libertadores,2025,Group Stage - 2,1361878,2025-04-08T22:00:00+00:00,19515,Estadio Tigo La Huerta,Asunción,1179,Libertad Asuncion,1,1,2,456,Talleres Cordoba,0,0,0
950,13,CONMEBOL Libertadores,2025,Group Stage - 2,1361879,2025-04-11T00:30:00+00:00,20813,MorumBIS,"São Paulo, São Paulo",126,Sao Paulo,2,0,2,2553,Alianza Lima,0,2,2
951,13,CONMEBOL Libertadores,2025,Group Stage - 2,1361880,2025-04-11T00:00:00+00:00,319,Estadio Monumental David Arellano,Santiago de Chile,2315,Colo Colo,0,0,0,154,Fortaleza EC,0,3,3
952,13,CONMEBOL Libertadores,2025,Group Stage - 2,1361881,2025-04-10T22:00:00+00:00,99,Estadio Presidente Juan Domingo Perón,"Avellaneda, Provincia de Buenos Aires",436,Racing Club,0,1,1,1131,Bucaramanga,0,2,2
953,13,CONMEBOL Libertadores,2025,Group Stage - 2,1361882,2025-04-10T22:00:00+00:00,244,Estádio José Pinheiro Borda,"Porto Alegre, Rio Grande do Sul",119,Internacional,0,3,3,1137,Atletico Nacional,0,0,0
954,13,CONMEBOL Libertadores,2025,Group Stage - 2,1361883,2025-04-09T22:00:00+00:00,1639,Estadio Gran Parque Central,Montevideo,2356,Club Nacional,0,0,0,118,Bahia,0,1,1
955,13,CONMEBOL Libertadores,2025,Group Stage - 2,1361884,2025-04-10T00:30:00+00:00,198,Estadio Hernando Siles,La Paz,3702,Bolívar,2,1,3,2546,Sporting Cristal,0,0,0
956,13,CONMEBOL Libertadores,2025,Group Stage - 2,1361885,2025-04-10T00:30:00+00:00,258,Allianz Parque,"São Paulo, São Paulo",121,Palmeiras,1,0,1,1176,Cerro Porteno,0,0,0
957,13,CONMEBOL Libertadores,2025,Group Stage - 2,1361886,2025-04-09T22:00:00+00:00,20705,Estadio ueno Defensores del Chaco,Asunción,1182,Olimpia,0,0,0,438,Velez Sarsfield,1,3,4
958,13,CONMEBOL Libertadores,2025,Group Stage - 2,1361887,2025-04-09T00:00:00+00:00,1640,Estadio Campeón del Siglo,Montevideo,2348,Penarol,0,2,2,17760,San Antonio Bulo Bulo,0,0,0
959,13,CONMEBOL Libertadores,2025,Group Stage - 3,1361892,2025-04-22T22:00:00+00:00,471,Estadio Rodrigo Paz Delgado,Quito,1158,LDU de Quito,0,0,0,127,Flamengo,0,0,0
960,13,CONMEBOL Libertadores,2025,Group Stage - 3,1361888,2025-04-24T00:30:00+00:00,,Estadio Jorge Luis Hirschi,"La Plata, Provincia de Buenos Aires",450,Estudiantes L.P.,1,0,1,120,Botafogo,0,0,0
961,13,CONMEBOL Libertadores,2025,Group Stage - 3,1361889,2025-04-22T23:00:00+00:00,1654,Estadio Polideportivo Misael Delgado,Valencia,2810,Carabobo FC,1,0,1,2323,Universidad de Chile,1,0,1
962,13,CONMEBOL Libertadores,2025,Group Stage - 3,1361890,2025-04-24T00:30:00+00:00,,Estadio Banco Guayaquil,Quito,1153,Independiente del Valle,2,0,2,435,River Plate,0,2,2
963,13,CONMEBOL Libertadores,2025,Group Stage - 3,1361891,2025-04-23T02:00:00+00:00,466,Estadio Monumental Banco Pichincha,Guayaquil,1152,Barcelona SC,0,0,0,2540,Universitario,1,0,1
964,13,CONMEBOL Libertadores,2025,Group Stage - 3,1361893,2025-04-24T22:00:00+00:00,,Estadio Único Madre de Ciudades,"Santiago del Estero, Prov. de Santiago del Estero",1065,Central Cordoba de Santiago,2,0,2,2807,Deportivo Tachira FC,1,0,1
965,13,CONMEBOL Libertadores,2025,Group Stage - 3,1361894,2025-04-24T00:30:00+00:00,19515,Estadio Tigo La Huerta,Asunción,1179,Libertad Asuncion,0,0,0,126,Sao Paulo,0,2,2
966,13,CONMEBOL Libertadores,2025,Group Stage - 3,1361895,2025-04-22T22:00:00+00:00,1230,Estadio Alejandro Villanueva,Lima,2553,Alianza Lima,1,2,3,456,Talleres Cordoba,0,2,2
967,13,CONMEBOL Libertadores,2025,Group Stage - 3,1361896,2025-04-23T00:30:00+00:00,319,Estadio Monumental David Arellano,Santiago de Chile,2315,Colo Colo,1,0,1,436,Racing Club,0,1,1
968,13,CONMEBOL Libertadores,2025,Group Stage - 3,1361897,2025-04-24T02:00:00+00:00,,Estadio Américo Montanini,Bucaramanga,1131,Bucaramanga,0,1,1,154,Fortaleza EC,1,0,1
969,13,CONMEBOL Libertadores,2025,Group Stage - 3,1361898,2025-04-23T00:30:00+00:00,244,Estádio José Pinheiro Borda,"Porto Alegre, Rio Grande do Sul",119,Internacional,1,2,3,2356,Club Nacional,3,0,3
970,13,CONMEBOL Libertadores,2025,Group Stage - 3,1361899,2025-04-25T00:00:00+00:00,,Casa de Apostas Arena Fonte Nova,"Salvador, Bahia",118,Bahia,0,1,1,1137,Atletico Nacional,0,0,0
971,13,CONMEBOL Libertadores,2025,Group Stage - 3,1361900,2025-04-24T22:00:00+00:00,198,Estadio Hernando Siles,La Paz,3702,Bolívar,0,2,2,121,Palmeiras,2,1,3
972,13,CONMEBOL Libertadores,2025,Group Stage - 3,1361901,2025-04-25T00:30:00+00:00,,Estadio ueno La Nueva Olla,Asunción,1176,Cerro Porteno,2,0,2,2546,Sporting Cristal,1,1,2
973,13,CONMEBOL Libertadores,2025,Group Stage - 3,1361902,2025-04-23T22:00:00+00:00,21180,Estadio UENO Osvaldo Domínguez Dibb,Asunción,1182,Olimpia,0,0,0,2348,Penarol,0,0,0
974,13,CONMEBOL Libertadores,2025,Group Stage - 3,1361903,2025-04-23T22:00:00+00:00,2438,Estadio Félix Capriles,Cochabamba,17760,San Antonio Bulo Bulo,1,1,2,438,Velez Sarsfield,0,1,1
975,13,CONMEBOL Libertadores,2025,Group Stage - 4,1361959,2025-05-06T22:00:00+00:00,1654,Estadio Polideportivo Misael Delgado,Valencia,2810,Carabobo FC,0,1,1,120,Botafogo,1,1,2
976,13,CONMEBOL Libertadores,2025,Group Stage - 4,1361965,2025-05-06T22:00:00+00:00,1230,Estadio Alejandro Villanueva,Lima,2553,Alianza Lima,0,0,0,126,Sao Paulo,1,1,2
977,13,CONMEBOL Libertadores,2025,Group Stage - 4,1361966,2025-05-07T00:30:00+00:00,225,Estádio Governador Plácido Aderaldo Castelo,"Fortaleza, Ceará",154,Fortaleza EC,3,1,4,2315,Colo Colo,0,0,0
978,13,CONMEBOL Libertadores,2025,Group Stage - 4,1361967,2025-05-06T22:00:00+00:00,,Estadio Américo Montanini,Bucaramanga,1131,Bucaramanga,0,0,0,436,Racing Club,1,3,4
979,13,CONMEBOL Libertadores,2025,Group Stage - 4,1361973,2025-05-07T02:00:00+00:00,2438,Estadio Félix Capriles,Cochabamba,17760,San Antonio Bulo Bulo,0,0,0,2348,Penarol,0,3,3
980,13,CONMEBOL Libertadores,2025,Group Stage - 4,1361958,2025-05-08T00:00:00+00:00,316,Estadio Nacional Julio Martínez Prádanos,Santiago de Chile,2323,Universidad de Chile,0,0,0,450,Estudiantes L.P.,3,0,3
981,13,CONMEBOL Libertadores,2025,Group Stage - 4,1361960,2025-05-09T02:00:00+00:00,1242,Estadio Monumental,Lima,2540,Universitario,1,0,1,1153,Independiente del Valle,1,0,1
982,13,CONMEBOL Libertadores,2025,Group Stage - 4,1361961,2025-05-09T00:30:00+00:00,466,Estadio Monumental Banco Pichincha,Guayaquil,1152,Barcelona SC,1,1,2,435,River Plate,2,1,3
983,13,CONMEBOL Libertadores,2025,Group Stage - 4,1361962,2025-05-07T22:00:00+00:00,1649,Estadio Polideportivo de Pueblo Nuevo,San Cristóbal,2807,Deportivo Tachira FC,0,2,2,1158,LDU de Quito,2,1,3
984,13,CONMEBOL Libertadores,2025,Group Stage - 4,1361963,2025-05-08T00:30:00+00:00,,Estadio Único Madre de Ciudades,"Santiago del Estero, Prov. de Santiago del Estero",1065,Central Cordoba de Santiago,0,1,1,127,Flamengo,1,0,1
985,13,CONMEBOL Libertadores,2025,Group Stage - 4,1361964,2025-05-08T22:00:00+00:00,110,Estadio Mario Alberto Kempes,"Ciudad de Córdoba, Provincia de Córdoba",456,Talleres Cordoba,0,0,0,1179,Libertad Asuncion,0,0,0
986,13,CONMEBOL Libertadores,2025,Group Stage - 4,1361968,2025-05-09T00:30:00+00:00,380,Estadio Atanasio Girardot,Medellín,1137,Atletico Nacional,1,2,3,119,Internacional,0,1,1
987,13,CONMEBOL Libertadores,2025,Group Stage - 4,1361969,2025-05-07T22:00:00+00:00,,Casa de Apostas Arena Fonte Nova,"Salvador, Bahia",118,Bahia,0,1,1,2356,Club Nacional,0,3,3
988,13,CONMEBOL Libertadores,2025,Group Stage - 4,1361970,2025-05-08T02:00:00+00:00,1228,Estadio Nacional de Lima,Lima,2546,Sporting Cristal,1,1,2,3702,Bolívar,0,1,1
989,13,CONMEBOL Libertadores,2025,Group Stage - 4,1361971,2025-05-08T00:30:00+00:00,,Estadio ueno La Nueva Olla,Asunción,1176,Cerro Porteno,0,0,0,121,Palmeiras,1,1,2
990,13,CONMEBOL Libertadores,2025,Group Stage - 4,1361972,2025-05-08T22:00:00+00:00,115,Estadio José Amalfitani,"Capital Federal, Ciudad de Buenos Aires",438,Velez Sarsfield,1,0,1,1182,Olimpia,0,1,1
991,13,CONMEBOL Libertadores,2025,Group Stage - 5,1361974,2025-05-15T00:30:00+00:00,,Estádio Olímpico Nilton Santos,Rio de Janeiro,120,Botafogo,1,2,3,450,Estudiantes L.P.,0,2,2
992,13,CONMEBOL Libertadores,2025,Group Stage - 5,1361975,2025-05-14T00:30:00+00:00,316,Estadio Nacional Julio Martínez Prádanos,Santiago de Chile,2323,Universidad de Chile,1,3,4,2810,Carabobo FC,0,0,0
993,13,CONMEBOL Libertadores,2025,Group Stage - 5,1361979,2025-05-13T22:00:00+00:00,1649,Estadio Polideportivo de Pueblo Nuevo,San Cristóbal,2807,Deportivo Tachira FC,0,1,1,1065,Central Cordoba de Santiago,1,1,2
994,13,CONMEBOL Libertadores,2025,Group Stage - 5,1361980,2025-05-15T00:30:00+00:00,20813,MorumBIS,"São Paulo, São Paulo",126,Sao Paulo,0,1,1,1179,Libertad Asuncion,0,1,1
995,13,CONMEBOL Libertadores,2025,Group Stage - 5,1361983,2025-05-14T00:30:00+00:00,225,Estádio Governador Plácido Aderaldo Castelo,"Fortaleza, Ceará",154,Fortaleza EC,0,0,0,1131,Bucaramanga,0,0,0
996,13,CONMEBOL Libertadores,2025,Group Stage - 5,1361985,2025-05-14T22:00:00+00:00,380,Estadio Atanasio Girardot,Medellín,1137,Atletico Nacional,0,1,1,118,Bahia,0,0,0
997,13,CONMEBOL Libertadores,2025,Group Stage - 5,1361987,2025-05-14T00:30:00+00:00,1228,Estadio Nacional de Lima,Lima,2546,Sporting Cristal,0,0,0,1176,Cerro Porteno,1,0,1
998,13,CONMEBOL Libertadores,2025,Group Stage - 5,1361988,2025-05-14T22:00:00+00:00,1640,Estadio Campeón del Siglo,Montevideo,2348,Penarol,0,3,3,1182,Olimpia,2,0,2
999,13,CONMEBOL Libertadores,2025,Group Stage - 5,1361989,2025-05-14T22:00:00+00:00,115,Estadio José Amalfitani,"Capital Federal, Ciudad de Buenos Aires",438,Velez Sarsfield,0,3,3,17760,San Antonio Bulo Bulo,0,0,0
1000,13,CONMEBOL Libertadores,2025,Group Stage - 5,1361976,2025-05-16T00:30:00+00:00,19570,Estadio Mâs Monumental,"Capital Federal, Ciudad de Buenos Aires",435,River Plate,3,3,6,1153,Independiente del Valle,2,0,2
1001,13,CONMEBOL Libertadores,2025,Group Stage - 5,1361977,2025-05-15T02:00:00+00:00,1242,Estadio Monumental,Lima,2540,Universitario,1,0,1,1152,Barcelona SC,0,0,0
1002,13,CONMEBOL Libertadores,2025,Group Stage - 5,1361978,2025-05-16T00:30:00+00:00,,Estadio Jornalista Mário Filho,"Rio de Janeiro, Rio de Janeiro",127,Flamengo,1,1,2,1158,LDU de Quito,0,0,0
1003,13,CONMEBOL Libertadores,2025,Group Stage - 5,1361981,2025-05-15T22:00:00+00:00,110,Estadio Mario Alberto Kempes,"Ciudad de Córdoba, Provincia de Córdoba",456,Talleres Cordoba,2,0,2,2553,Alianza Lima,0,0,0
1004,13,CONMEBOL Libertadores,2025,Group Stage - 5,1361982,2025-05-15T00:30:00+00:00,99,Estadio Presidente Juan Domingo Perón,"Avellaneda, Provincia de Buenos Aires",436,Racing Club,2,2,4,2315,Colo Colo,0,0,0
1005,13,CONMEBOL Libertadores,2025,Group Stage - 5,1361984,2025-05-15T22:00:00+00:00,1639,Estadio Gran Parque Central,Montevideo,2356,Club Nacional,0,0,0,119,Internacional,1,1,2
1006,13,CONMEBOL Libertadores,2025,Group Stage - 5,1361986,2025-05-15T22:00:00+00:00,258,Allianz Parque,"São Paulo, São Paulo",121,Palmeiras,2,0,2,3702,Bolívar,0,0,0
1007,11,CONMEBOL Sudamericana,2019,1st Round,241059,2019-02-05T23:30:00+00:00,,Municipal Nicolas Chahuan,La Calera,2326,Union La Calera,0,0,0,132,Chapecoense-sc,0,0,0
1008,11,CONMEBOL Sudamericana,2019,1st Round,241060,2019-02-20T00:30:00+00:00,,Arena Condá,Chapeco,132,Chapecoense-sc,0,1,1,2326,Union La Calera,1,0,1
1009,11,CONMEBOL Sudamericana,2019,1st Round,241061,2019-02-06T23:30:00+00:00,,Estadio Olimpico Nilton Santos,Rio de Janeiro,120,Botafogo,0,1,1,442,Defensa Y Justicia,0,0,0
1010,11,CONMEBOL Sudamericana,2019,1st Round,241062,2019-02-21T00:30:00+00:00,,Estadio Norberto Tomaghello,Gobernador Julio A. Costa,442,Defensa Y Justicia,0,0,0,120,Botafogo,0,3,3
1011,11,CONMEBOL Sudamericana,2019,1st Round,241063,2019-02-07T21:15:00+00:00,,Arena Fonte Nova,Salvador,118,Bahia,0,0,0,2358,Liverpool Montevideo,0,1,1
1012,11,CONMEBOL Sudamericana,2019,1st Round,241064,2019-02-21T22:15:00+00:00,,Estadio Luis Franzini,Montevideo,2358,Liverpool Montevideo,0,0,0,118,Bahia,0,0,0
1013,11,CONMEBOL Sudamericana,2019,1st Round,241065,2019-02-07T23:30:00+00:00,,Estadio Juan Jose Vazquez,San Estanislao,1189,Deportivo Santani,1,0,1,1136,Once Caldas,0,1,1
1014,11,CONMEBOL Sudamericana,2019,1st Round,241066,2019-02-22T00:30:00+00:00,,Estadio Palogrande,Manizales,1136,Once Caldas,0,0,0,1189,Deportivo Santani,1,1,2
1015,11,CONMEBOL Sudamericana,2019,1st Round,241067,2019-02-12T21:15:00+00:00,,Estadio Luis Franzini,Montevideo,2351,CA River Plate,0,0,0,128,Santos,0,0,0
1016,11,CONMEBOL Sudamericana,2019,1st Round,241068,2019-02-26T22:15:00+00:00,,Urbano Caldeira,Santos,128,Santos,0,1,1,2351,CA River Plate,0,1,1
1017,11,CONMEBOL Sudamericana,2019,1st Round,241069,2019-02-12T23:30:00+00:00,,Estadio Bellavista,Ambato,1155,Macara,2,0,2,3704,Guabirá,1,0,1
1018,11,CONMEBOL Sudamericana,2019,1st Round,241070,2019-03-01T00:30:00+00:00,,Estadio Ramon Tahuichi Aguilera,Santa Cruz de la Sierra,3704,Guabirá,0,0,0,1155,Macara,0,3,3
1019,11,CONMEBOL Sudamericana,2019,1st Round,241071,2019-02-14T21:15:00+00:00,,Estadio Ramon Tahuichi Aguilera,Santa Cruz de la Sierra,3709,Royal Pari,2,0,2,2811,Monagas SC,1,0,1
1020,11,CONMEBOL Sudamericana,2019,1st Round,241073,2019-02-14T23:30:00+00:00,,Arena Corinthians,Sao Paulo,131,Corinthians,0,1,1,436,Racing Club,1,0,1
1021,11,CONMEBOL Sudamericana,2019,1st Round,241075,2019-02-27T00:30:00+00:00,,Estádio do Maracanã,Rio de Janeiro,124,Fluminense,0,0,0,2327,Antofagasta,0,0,0
1022,11,CONMEBOL Sudamericana,2019,1st Round,241077,2019-03-19T22:15:00+00:00,,Santa Laura,Santiago,2321,Union Espanola,0,1,1,1162,Mushuc Runa SC,0,1,1
1023,11,CONMEBOL Sudamericana,2019,1st Round,241079,2019-03-20T00:30:00+00:00,,Estadio Victor Agustín Ugarte,Potosi,3706,Nacional Potosí,0,0,0,2805,Zulia FC,0,1,1
1024,11,CONMEBOL Sudamericana,2019,1st Round,241081,2019-03-20T00:30:00+00:00,,Estadio Miguel Grau,Callao,2545,Deportivo Municipal,0,0,0,448,Colon Santa Fe,1,2,3
1025,11,CONMEBOL Sudamericana,2019,1st Round,241083,2019-03-21T00:30:00+00:00,,Estadio Erico Galeano,Capiata,1186,Independiente F.b.c.,0,0,0,1134,La Equidad,0,0,0
1026,11,CONMEBOL Sudamericana,2019,1st Round,241085,2019-03-21T00:30:00+00:00,,Estadio 15 de Abril,Santa Fe de la Vera Cruz,441,Union Santa Fe,1,1,2,1153,Independiente del Valle,0,0,0
1027,11,CONMEBOL Sudamericana,2019,2nd Round,241027,2019-05-21T22:15:00+00:00,,Olimpico Atahualpa,Quito,1157,Universidad Catolica,3,3,6,2554,FBC Melgar,0,0,0
1028,11,CONMEBOL Sudamericana,2019,2nd Round,241029,2019-05-21T22:15:00+00:00,,Estadio Centenario,Montevideo,2351,CA River Plate,0,0,0,448,Colon Santa Fe,0,0,0
1029,11,CONMEBOL Sudamericana,2019,2nd Round,241031,2019-05-21T22:15:00+00:00,,Estadio Ramon Tahuichi Aguilera,Santa Cruz de la Sierra,3709,Royal Pari,0,1,1,1155,Macara,0,0,0
1030,11,CONMEBOL Sudamericana,2019,2nd Round,241033,2019-05-22T00:30:00+00:00,,Estadio Alberto Grisales,Rionegro,1144,Rionegro Aguilas,1,2,3,453,Independiente,1,1,2
1031,11,CONMEBOL Sudamericana,2019,2nd Round,241035,2019-05-22T00:30:00+00:00,,Santa Laura,Santiago,2321,Union Espanola,0,0,0,2546,Sporting Cristal,1,2,3
1032,11,CONMEBOL Sudamericana,2019,2nd Round,241037,2019-05-22T00:30:00+00:00,,Municipal Nicolas Chahuan,La Calera,2326,Union La Calera,0,1,1,1062,Atletico-MG,0,0,0
1033,11,CONMEBOL Sudamericana,2019,1st Round,241076,2019-03-21T22:15:00+00:00,,Regional Calvo y Bascuñán,Antofagasta,2327,Antofagasta,1,0,1,124,Fluminense,1,1,2
1034,11,CONMEBOL Sudamericana,2019,1st Round,241082,2019-04-17T00:30:00+00:00,,Estadio Brigadier Estanislao Lopez,Santa Fe de la Vera Cruz,448,Colon Santa Fe,1,1,2,2545,Deportivo Municipal,0,0,0
1035,11,CONMEBOL Sudamericana,2019,1st Round,241087,2019-03-21T22:15:00+00:00,,Parque Alfredo Víctor Viera,Montevideo,2360,Wanderers,2,0,2,2555,Sport Huancayo,0,0,0
1036,11,CONMEBOL Sudamericana,2019,1st Round,241088,2019-04-19T00:30:00+00:00,,Estadio Huancayo,Huancayo,2555,Sport Huancayo,0,1,1,2360,Wanderers,0,1,1
1037,11,CONMEBOL Sudamericana,2019,1st Round,241089,2019-03-22T00:30:00+00:00,,Estadio Alberto Grisales,Rionegro,1144,Rionegro Aguilas,0,1,1,3707,Oriente Petrolero,1,0,1
1038,11,CONMEBOL Sudamericana,2019,1st Round,241091,2019-04-02T20:00:00+00:00,,Estadio Polideportivo Cachamay,Ciudad Guayana,2824,Mineros de Guyana,0,1,1,1177,SOL DE America,0,0,0
1039,11,CONMEBOL Sudamericana,2019,1st Round,241093,2019-04-03T00:30:00+00:00,,Olimpico Atahualpa,Quito,1157,Universidad Catolica,0,0,0,2315,Colo Colo,1,0,1
1040,11,CONMEBOL Sudamericana,2019,1st Round,241095,2019-04-04T00:30:00+00:00,,Estadio Héroes de San Ramón,Cajamarca,2539,UTC,1,0,1,2362,Cerro,1,0,1
1041,11,CONMEBOL Sudamericana,2019,1st Round,241096,2019-04-30T22:15:00+00:00,,Monumental Luis Tróccoli,Montevideo,2362,Cerro,2,1,3,2539,UTC,0,1,1
1042,11,CONMEBOL Sudamericana,2019,1st Round,241097,2019-04-04T00:30:00+00:00,,Libertadores de America,Buenos Aires,453,Independiente,2,2,4,2550,Deportivo Binacional,0,1,1
1043,11,CONMEBOL Sudamericana,2019,1st Round,241098,2019-05-02T00:30:00+00:00,,Estadio Guillermo Briceno Rosamedina,Juliaca,2550,Deportivo Binacional,0,1,1,453,Independiente,0,2,2
1044,11,CONMEBOL Sudamericana,2019,1st Round,241099,2019-04-04T22:15:00+00:00,,Diego Armando Maradona,Buenos Aires,458,Argentinos JRS,1,1,2,2818,Estudiantes de Merida FC,0,0,0
1045,11,CONMEBOL Sudamericana,2019,1st Round,241100,2019-05-08T20:00:00+00:00,,Estadio Metropolitano de Merida,Mérida,2818,Estudiantes de Merida FC,1,0,1,458,Argentinos JRS,0,0,0
1046,11,CONMEBOL Sudamericana,2019,1st Round,241101,2019-04-05T00:30:00+00:00,,Estadio Deportivo Cali,Santiago de Cali,1127,Deportivo Cali,1,0,1,1174,Club Guarani,0,0,0
1047,11,CONMEBOL Sudamericana,2019,2nd Round,241028,2019-05-28T22:15:00+00:00,,Estadio Monumental de la UNSA,Arequipa,2554,FBC Melgar,0,0,0,1157,Universidad Catolica,0,0,0
1048,11,CONMEBOL Sudamericana,2019,2nd Round,241030,2019-05-28T22:15:00+00:00,,Estadio Brigadier Estanislao Lopez,Santa Fe de la Vera Cruz,448,Colon Santa Fe,2,1,3,2351,CA River Plate,1,0,1
1049,11,CONMEBOL Sudamericana,2019,2nd Round,241032,2019-05-30T00:30:00+00:00,,Estadio Bellavista,Ambato,1155,Macara,2,1,3,3709,Royal Pari,1,1,2
1050,11,CONMEBOL Sudamericana,2019,2nd Round,241034,2019-05-28T22:15:00+00:00,,Libertadores de America,Buenos Aires,453,Independiente,0,2,2,1144,Rionegro Aguilas,0,0,0
1051,11,CONMEBOL Sudamericana,2019,2nd Round,241036,2019-05-29T00:30:00+00:00,,Estadio Alberto Gallardo,Lima,2546,Sporting Cristal,2,1,3,2321,Union Espanola,0,0,0
1052,11,CONMEBOL Sudamericana,2019,2nd Round,241039,2019-05-22T20:00:00+00:00,,Estadio José Pachencho Romero,Maracaibo,2805,Zulia FC,1,1,2,2318,Palestino,0,1,1
1053,11,CONMEBOL Sudamericana,2019,2nd Round,241040,2019-05-29T22:15:00+00:00,,Municipal de La Cisterna,La Cisterna,2318,Palestino,0,0,0,2805,Zulia FC,0,1,1
1054,11,CONMEBOL Sudamericana,2019,2nd Round,241041,2019-05-22T22:15:00+00:00,,Estadio Luis Alfonso Giagni,Asuncion,1177,SOL DE America,0,0,0,120,Botafogo,0,1,1
1055,11,CONMEBOL Sudamericana,2019,2nd Round,241042,2019-05-29T22:15:00+00:00,,Estadio Olimpico Nilton Santos,Rio de Janeiro,120,Botafogo,2,2,4,1177,SOL DE America,0,0,0
1056,11,CONMEBOL Sudamericana,2019,2nd Round,241043,2019-05-22T22:15:00+00:00,,Estadio Deportivo Cali,Santiago de Cali,1127,Deportivo Cali,0,1,1,2348,Penarol,0,1,1
1057,11,CONMEBOL Sudamericana,2019,2nd Round,241044,2019-05-29T22:15:00+00:00,,Campeón del Siglo,Montevideo,2348,Penarol,0,2,2,1127,Deportivo Cali,0,0,0
1058,11,CONMEBOL Sudamericana,2019,2nd Round,241045,2019-05-23T00:30:00+00:00,,Estadio Luis Franzini,Montevideo,2358,Liverpool Montevideo,0,1,1,2808,Caracas FC,0,0,0
1059,11,CONMEBOL Sudamericana,2019,2nd Round,241046,2019-05-28T20:00:00+00:00,,Estadio Olimpico de la UCV,Caracas,2808,Caracas FC,0,2,2,2358,Liverpool Montevideo,0,0,0
1060,11,CONMEBOL Sudamericana,2019,2nd Round,241047,2019-05-23T00:30:00+00:00,,Estadio Nemesio Camacho El Campin,Bogota,1134,La Equidad,1,1,2,1189,Deportivo Santani,0,0,0
1061,11,CONMEBOL Sudamericana,2019,2nd Round,241049,2019-05-23T22:15:00+00:00,,Arena Corinthians,Sao Paulo,131,Corinthians,0,2,2,2812,Deportivo Lara,0,0,0
1062,11,CONMEBOL Sudamericana,2019,2nd Round,241051,2019-05-23T22:15:00+00:00,,Parque Alfredo Víctor Viera,Montevideo,2360,Wanderers,0,0,0,2362,Cerro,0,0,0
1063,11,CONMEBOL Sudamericana,2019,2nd Round,241053,2019-05-24T00:30:00+00:00,,Estádio do Maracanã,Rio de Janeiro,124,Fluminense,4,0,4,1137,Atletico Nacional,1,0,1
1064,11,CONMEBOL Sudamericana,2019,2nd Round,241054,2019-05-30T00:30:00+00:00,,Estadio Atanasio Girardot,Medellin,1137,Atletico Nacional,1,0,1,124,Fluminense,0,0,0
1065,11,CONMEBOL Sudamericana,2019,2nd Round,241055,2019-05-24T00:30:00+00:00,,Diego Armando Maradona,Buenos Aires,458,Argentinos JRS,0,1,1,1142,Deportes Tolima,0,0,0
1066,11,CONMEBOL Sudamericana,2019,2nd Round,241057,2019-05-24T00:30:00+00:00,,Olimpico Atahualpa,Quito,1153,Independiente del Valle,4,1,5,2994,U. Catolica,0,0,0
1067,11,CONMEBOL Sudamericana,2019,8th Finals,241011,2019-07-10T00:30:00+00:00,,Estadio Ramon Tahuichi Aguilera,Santa Cruz de la Sierra,3709,Royal Pari,1,0,1,1134,La Equidad,0,2,2
1068,11,CONMEBOL Sudamericana,2019,8th Finals,241012,2019-07-17T00:30:00+00:00,,Estadio Nemesio Camacho El Campin,Bogota,1134,La Equidad,0,2,2,3709,Royal Pari,1,0,1
1069,11,CONMEBOL Sudamericana,2019,8th Finals,241013,2019-07-10T20:00:00+00:00,,Estadio Olimpico de la UCV,Caracas,2808,Caracas FC,0,0,0,1153,Independiente del Valle,0,0,0
1070,11,CONMEBOL Sudamericana,2019,8th Finals,241014,2019-07-18T00:30:00+00:00,,Olimpico Atahualpa,Quito,1153,Independiente del Valle,0,2,2,2808,Caracas FC,0,0,0
1071,11,CONMEBOL Sudamericana,2019,8th Finals,241015,2019-07-12T00:30:00+00:00,,Estadio Brigadier Estanislao Lopez,Santa Fe de la Vera Cruz,448,Colon Santa Fe,0,0,0,458,Argentinos JRS,1,0,1
1072,11,CONMEBOL Sudamericana,2019,8th Finals,241017,2019-07-23T20:00:00+00:00,,Estadio José Pachencho Romero,Maracaibo,2805,Zulia FC,0,1,1,2546,Sporting Cristal,0,0,0
1073,11,CONMEBOL Sudamericana,2019,8th Finals,241018,2019-07-30T22:15:00+00:00,,Estadio Alberto Gallardo,Lima,2546,Sporting Cristal,0,3,3,2805,Zulia FC,1,1,2
1074,11,CONMEBOL Sudamericana,2019,8th Finals,241019,2019-07-24T00:30:00+00:00,,Campeón del Siglo,Montevideo,2348,Penarol,0,1,1,124,Fluminense,1,1,2
1075,11,CONMEBOL Sudamericana,2019,8th Finals,241020,2019-07-31T00:30:00+00:00,,Estádio do Maracanã,Rio de Janeiro,124,Fluminense,2,1,3,2348,Penarol,0,1,1
1076,11,CONMEBOL Sudamericana,2019,8th Finals,241021,2019-07-25T00:30:00+00:00,,Estadio Olimpico Nilton Santos,Rio de Janeiro,120,Botafogo,0,0,0,1062,Atletico-MG,1,0,1
1077,11,CONMEBOL Sudamericana,2019,8th Finals,241022,2019-08-01T00:30:00+00:00,,Arena Independência,Belo Horizonte,1062,Atletico-MG,0,2,2,120,Botafogo,0,0,0
1078,11,CONMEBOL Sudamericana,2019,8th Finals,241023,2019-07-26T00:30:00+00:00,,"Arena Corinthians (São Paulo, São Paulo)",,131,Corinthians,1,1,2,2360,Wanderers,0,0,0
1079,11,CONMEBOL Sudamericana,2019,8th Finals,241024,2019-08-02T00:30:00+00:00,,Estadio Parque Alfredo Victor Viera,Montevideo,2360,Wanderers,0,1,1,131,Corinthians,0,2,2
1080,11,CONMEBOL Sudamericana,2019,8th Finals,241025,2019-07-26T00:30:00+00:00,,"Estadio Libertadores de América (Avellaneda, Provincia de Buenos Aires)",,453,Independiente,0,1,1,1157,Universidad Catolica,0,0,0
1081,11,CONMEBOL Sudamericana,2019,8th Finals,241026,2019-08-02T00:30:00+00:00,,Olimpico Atahualpa,Quito,1157,Universidad Catolica,1,2,3,453,Independiente,0,2,2
1082,11,CONMEBOL Sudamericana,2019,2nd Round,241048,2019-05-30T00:30:00+00:00,,Estadio Juan Jose Vazquez,San Estanislao,1189,Deportivo Santani,0,1,1,1134,La Equidad,0,2,2
1083,11,CONMEBOL Sudamericana,2019,2nd Round,241050,2019-05-30T20:00:00+00:00,,Estadio Metropolitano de Barquisimeto,Barquisimeto,2812,Deportivo Lara,0,0,0,131,Corinthians,1,1,2
1084,11,CONMEBOL Sudamericana,2019,2nd Round,241052,2019-05-30T22:15:00+00:00,,Estadio Luis Franzini,Montevideo,2362,Cerro,0,0,0,2360,Wanderers,1,0,1
1085,11,CONMEBOL Sudamericana,2019,2nd Round,241056,2019-05-30T22:15:00+00:00,,Estadio Manuel Murillo Toro,Ibague,1142,Deportes Tolima,0,0,0,458,Argentinos JRS,0,0,0
1086,11,CONMEBOL Sudamericana,2019,2nd Round,241058,2019-05-31T00:30:00+00:00,,San Carlos de Apoquindo,Santiago,2994,U. Catolica,2,1,3,1153,Independiente del Valle,1,1,2
1087,11,CONMEBOL Sudamericana,2019,Semi-finals,240999,2019-09-19T00:30:00+00:00,,Arena Corinthians,Sao Paulo,131,Corinthians,0,0,0,1153,Independiente del Valle,1,1,2
1088,11,CONMEBOL Sudamericana,2019,Semi-finals,241000,2019-09-26T00:30:00+00:00,,Olimpico Atahualpa,Quito,1153,Independiente del Valle,0,2,2,131,Corinthians,1,1,2
1089,11,CONMEBOL Sudamericana,2019,Semi-finals,241001,2019-09-20T00:30:00+00:00,,Estadio Brigadier Estanislao Lopez,Santa Fe de la Vera Cruz,448,Colon Santa Fe,0,2,2,1062,Atletico-MG,1,0,1
1090,11,CONMEBOL Sudamericana,2019,Quarter-finals,241003,2019-08-07T00:30:00+00:00,,Libertadores de America,Buenos Aires,453,Independiente,0,2,2,1153,Independiente del Valle,0,1,1
1091,11,CONMEBOL Sudamericana,2019,Quarter-finals,241004,2019-08-14T00:30:00+00:00,,Estadio Municipal Rumiñaui,Sangolqui,1153,Independiente del Valle,0,1,1,453,Independiente,0,0,0
1092,11,CONMEBOL Sudamericana,2019,Quarter-finals,241005,2019-08-08T20:00:00+00:00,,Estadio José Pachencho Romero,Maracaibo,2805,Zulia FC,0,1,1,448,Colon Santa Fe,0,0,0
1093,11,CONMEBOL Sudamericana,2019,Quarter-finals,241006,2019-08-16T00:30:00+00:00,,Estadio Brigadier Estanislao Lopez,Santa Fe de la Vera Cruz,448,Colon Santa Fe,0,4,4,2805,Zulia FC,0,0,0
1094,11,CONMEBOL Sudamericana,2019,Quarter-finals,241007,2019-08-21T00:30:00+00:00,,Arena Independência,Belo Horizonte,1062,Atletico-MG,1,1,2,1134,La Equidad,1,0,1
1095,11,CONMEBOL Sudamericana,2019,Quarter-finals,241008,2019-08-28T00:30:00+00:00,,Estadio Metropolitano de Techo,Bogota,1134,La Equidad,0,1,1,1062,Atletico-MG,1,2,3
1096,11,CONMEBOL Sudamericana,2019,Quarter-finals,241009,2019-08-23T00:30:00+00:00,,Arena Corinthians,Sao Paulo,131,Corinthians,0,0,0,124,Fluminense,0,0,0
1097,11,CONMEBOL Sudamericana,2019,Quarter-finals,241010,2019-08-30T00:30:00+00:00,,Estádio do Maracanã,Rio de Janeiro,124,Fluminense,0,1,1,131,Corinthians,0,1,1
1098,11,CONMEBOL Sudamericana,2019,Final,245836,2019-11-09T20:30:00+00:00,,La Nueva Olla Monumental,Asuncion,1153,Independiente del Valle,2,1,3,448,Colon Santa Fe,0,1,1
1099,11,CONMEBOL Sudamericana,2020,1st Round,293256,2020-02-04T22:15:00+00:00,324,Estadio Bicentenario Francisco Sánchez Rumoroso,Coquimbo,2330,Coquimbo Unido,0,3,3,2817,Aragua FC,0,0,0
1100,11,CONMEBOL Sudamericana,2020,1st Round,293259,2020-02-11T22:15:00+00:00,1242,Estadio Monumental,Lima,2564,Atletico Grau,0,1,1,2351,CA River Plate,2,0,2
1101,11,CONMEBOL Sudamericana,2020,1st Round,293261,2020-02-07T00:30:00+00:00,1933,Estadio 15 de Abril,"Ciudad de Santa Fe, Provincia de Santa Fe",441,Union Santa Fe,2,1,3,1062,Atletico-MG,0,0,0
1102,11,CONMEBOL Sudamericana,2020,1st Round,293264,2020-02-13T00:30:00+00:00,216,Arena Fonte Nova,"Salvador, Bahia",118,Bahia,2,1,3,1175,Nacional Asuncion,0,0,0
1103,11,CONMEBOL Sudamericana,2020,1st Round,293265,2020-02-05T22:15:00+00:00,1638,Parque Alfredo Víctor Viera,Montevideo,2357,Fenix,0,1,1,1150,El Nacional,0,0,0
1104,11,CONMEBOL Sudamericana,2020,1st Round,293267,2020-02-06T00:30:00+00:00,380,Estadio Atanasio Girardot,Medellín,1137,Atletico Nacional,3,0,3,445,Huracan,0,0,0
1105,11,CONMEBOL Sudamericana,2020,1st Round,293269,2020-02-12T00:30:00+00:00,1224,Estadio Luís Alfonso Giagni,Asunción,1177,SOL DE America,1,0,1,151,Goias,0,0,0
1106,11,CONMEBOL Sudamericana,2020,1st Round,293271,2020-02-05T22:15:00+00:00,1659,CTE Cachamay,Ciudad Guayana,2824,Mineros de Guyana,2,0,2,1183,Sportivo Luqueno,3,0,3
1107,11,CONMEBOL Sudamericana,2020,1st Round,293273,2020-02-05T00:30:00+00:00,115,Estadio José Amalfitani,"Capital Federal, Ciudad de Buenos Aires",438,Velez Sarsfield,0,1,1,1156,Aucas,0,0,0
1108,11,CONMEBOL Sudamericana,2020,1st Round,293275,2020-02-12T22:15:00+00:00,88,Estadio Ciudad de Lanús - Néstor Díaz Pérez,"Lanús, Provincia de Buenos Aires",446,Lanus,0,3,3,1157,Universidad Catolica,0,0,0
1109,11,CONMEBOL Sudamericana,2020,1st Round,293277,2020-02-12T00:30:00+00:00,376,Estadio Deportivo Cali,Palmira,1127,Deportivo Cali,2,0,2,1184,Club River Plate,0,1,1
1110,11,CONMEBOL Sudamericana,2020,1st Round,293278,2020-02-11T22:15:00+00:00,37,Estadio Diego Armando Maradona,"Capital Federal, Ciudad de Buenos Aires",458,Argentinos JRS,0,1,1,2555,Sport Huancayo,1,0,1
1111,11,CONMEBOL Sudamericana,2020,1st Round,293280,2020-02-05T00:30:00+00:00,,Estadio Jornalista Mário Filho,"Rio de Janeiro, Rio de Janeiro",124,Fluminense,0,1,1,2326,Union La Calera,0,1,1
1112,11,CONMEBOL Sudamericana,2020,1st Round,293283,2020-02-12T22:15:00+00:00,320,Estadio CAP,Talcahuano,2328,Huachipato,0,1,1,1126,Deportivo Pasto,0,0,0
1113,11,CONMEBOL Sudamericana,2020,1st Round,293289,2020-02-13T00:30:00+00:00,1664,Estadio Rafael Agustín Tovar,Barinas,2823,Llaneros de Guanare,0,0,0,2358,Liverpool Montevideo,2,0,2
1114,11,CONMEBOL Sudamericana,2020,1st Round,321811,2020-02-04T22:15:00+00:00,2490,Estadio Victor Agustín Ugarte,Potosí,3706,Nacional Potosí,0,0,0,2554,FBC Melgar,1,1,2
1115,11,CONMEBOL Sudamericana,2020,1st Round,321813,2020-02-06T00:30:00+00:00,279,Estádio Club de Regatas Vasco da Gama,"Rio de Janeiro, Rio de Janeiro",133,Vasco DA Gama,1,0,1,3707,Oriente Petrolero,0,0,0
1116,11,CONMEBOL Sudamericana,2020,1st Round,321815,2020-02-06T22:15:00+00:00,2488,Estadio Ramón Aguilera Costas,Santa Cruz de la Sierra,3701,Blooming,0,0,0,1148,Emelec,1,2,3
1117,11,CONMEBOL Sudamericana,2020,1st Round,321817,2020-02-07T00:30:00+00:00,383,Estadio Nemesio Camacho El Campín,"Bogotá, D.C.",1125,Millonarios,2,0,2,3700,Always Ready,0,0,0
1118,11,CONMEBOL Sudamericana,2020,1st Round,321820,2020-02-13T22:15:00+00:00,1664,Estadio Rafael Agustín Tovar,Barinas,2806,Zamora FC,0,1,1,2355,Plaza Colonia,0,0,0
1119,11,CONMEBOL Sudamericana,2020,1st Round,293257,2020-02-18T22:15:00+00:00,1653,Estadio Olímpico de la UCV,Caracas,2817,Aragua FC,1,0,1,2330,Coquimbo Unido,0,0,0
1120,11,CONMEBOL Sudamericana,2020,1st Round,293260,2020-02-25T22:15:00+00:00,1638,Parque Alfredo Víctor Viera,Montevideo,2351,CA River Plate,1,0,1,2564,Atletico Grau,0,0,0
1121,11,CONMEBOL Sudamericana,2020,1st Round,293262,2020-02-21T00:30:00+00:00,206,Estádio Raimundo Sampaio,"Belo Horizonte, Minas Gerais",1062,Atletico-MG,2,0,2,441,Union Santa Fe,0,0,0
1122,11,CONMEBOL Sudamericana,2020,1st Round,293263,2020-02-26T22:15:00+00:00,1224,Estadio Luís Alfonso Giagni,Asunción,1175,Nacional Asuncion,0,1,1,118,Bahia,3,0,3
1123,11,CONMEBOL Sudamericana,2020,1st Round,293266,2020-02-21T00:30:00+00:00,465,Estadio Olímpico Atahualpa,Quito,1150,El Nacional,0,2,2,2357,Fenix,1,1,2
1124,11,CONMEBOL Sudamericana,2020,1st Round,293268,2020-02-19T22:15:00+00:00,82,Estadio Tomás Adolfo Ducó,"Capital Federal, Ciudad de Buenos Aires",445,Huracan,1,0,1,1137,Atletico Nacional,1,0,1
1125,11,CONMEBOL Sudamericana,2020,1st Round,293270,2020-02-26T00:30:00+00:00,7311,Estádio Olímpico Pedro Ludovico Teixeira,"Goiânia, Goiás",151,Goias,0,0,0,1177,SOL DE America,1,0,1
1126,11,CONMEBOL Sudamericana,2020,1st Round,293272,2020-02-19T22:15:00+00:00,1224,Estadio Luís Alfonso Giagni,Asunción,1183,Sportivo Luqueno,1,1,2,2824,Mineros de Guyana,2,0,2
1127,11,CONMEBOL Sudamericana,2020,1st Round,293274,2020-02-19T00:30:00+00:00,476,Estadio Gonzalo Pozo Ripalda,Quito,1156,Aucas,0,2,2,438,Velez Sarsfield,0,1,1
1128,11,CONMEBOL Sudamericana,2020,1st Round,293276,2020-02-27T00:30:00+00:00,465,Estadio Olímpico Atahualpa,Quito,1157,Universidad Catolica,1,1,2,446,Lanus,0,0,0
1129,11,CONMEBOL Sudamericana,2020,1st Round,293279,2020-02-26T00:30:00+00:00,1239,Estadio Huancayo,Huancayo,2555,Sport Huancayo,0,0,0,458,Argentinos JRS,0,0,0
1130,11,CONMEBOL Sudamericana,2020,1st Round,293281,2020-02-18T22:15:00+00:00,343,Estadio Municipal Nicolás Chahuán Nazar,La Calera,2326,Union La Calera,0,0,0,124,Fluminense,0,0,0
1131,11,CONMEBOL Sudamericana,2020,1st Round,293282,2020-02-27T00:30:00+00:00,377,Estadio Departamental Libertad,San Juan de Pasto,1126,Deportivo Pasto,0,0,0,2328,Huachipato,0,1,1
1132,11,CONMEBOL Sudamericana,2020,1st Round,293284,2020-02-14T00:30:00+00:00,1235,Estadio de la Universidad Nacional San Agustín,Arequipa,10013,Cusco,0,2,2,2329,A. Italiano,0,0,0
1133,11,CONMEBOL Sudamericana,2020,1st Round,293286,2020-02-14T00:30:00+00:00,7131,Estadio Libertadores de América,"Avellaneda, Provincia de Buenos Aires",453,Independiente,0,1,1,154,Fortaleza EC,0,0,0
1134,11,CONMEBOL Sudamericana,2020,1st Round,293288,2020-02-26T22:15:00+00:00,1632,Estadio Luis Franzini,Montevideo,2358,Liverpool Montevideo,2,3,5,2823,Llaneros de Guanare,0,0,0
1135,11,CONMEBOL Sudamericana,2020,1st Round,321814,2020-02-20T00:30:00+00:00,2488,Estadio Ramón Aguilera Costas,Santa Cruz de la Sierra,3707,Oriente Petrolero,0,0,0,133,Vasco DA Gama,0,0,0
1136,11,CONMEBOL Sudamericana,2020,1st Round,321816,2020-02-20T22:15:00+00:00,469,Estadio Banco del Pacífico,Guayaquil,1148,Emelec,1,1,2,3701,Blooming,0,0,0
1137,11,CONMEBOL Sudamericana,2020,1st Round,321818,2020-02-20T22:15:00+00:00,198,Estadio Hernando Siles,La Paz,3700,Always Ready,0,1,1,1125,Millonarios,0,0,0
1138,11,CONMEBOL Sudamericana,2020,1st Round,321819,2020-02-26T00:30:00+00:00,1224,Estadio Luís Alfonso Giagni,Asunción,1184,Club River Plate,0,1,1,1127,Deportivo Cali,1,2,3
1139,11,CONMEBOL Sudamericana,2020,1st Round,293258,2020-02-27T22:15:00+00:00,,Estadio Profesor Alberto Suppici,Colonia del Sacramento,2355,Plaza Colonia,2,1,3,2806,Zamora FC,0,0,0
1140,11,CONMEBOL Sudamericana,2020,1st Round,293285,2020-02-28T00:30:00+00:00,316,Estadio Nacional Julio Martínez Prádanos,Santiago de Chile,2329,A. Italiano,2,1,3,10013,Cusco,0,0,0
1141,11,CONMEBOL Sudamericana,2020,1st Round,293287,2020-02-28T00:30:00+00:00,225,Estádio Governador Plácido Aderaldo Castelo,"Fortaleza, Ceará",154,Fortaleza EC,1,1,2,453,Independiente,0,1,1
1142,11,CONMEBOL Sudamericana,2020,2nd Round,644302,2020-10-27T22:15:00+00:00,1228,Estadio Nacional de Lima,Lima,2555,Sport Huancayo,0,1,1,2358,Liverpool Montevideo,0,1,1
1143,11,CONMEBOL Sudamericana,2020,2nd Round,644303,2020-10-27T22:15:00+00:00,345,Estadio San Carlos de Apoquindo,Santiago de Chile,2329,A. Italiano,1,1,2,3702,Bolívar,1,0,1
1144,11,CONMEBOL Sudamericana,2020,2nd Round,644304,2020-10-28T00:30:00+00:00,343,Estadio Municipal Nicolás Chahuán Nazar,La Calera,2326,Union La Calera,0,0,0,1142,Deportes Tolima,0,0,0
1145,11,CONMEBOL Sudamericana,2020,2nd Round,644305,2020-10-28T22:15:00+00:00,88,Estadio Ciudad de Lanús - Néstor Díaz Pérez,"Lanús, Provincia de Buenos Aires",446,Lanus,0,3,3,126,Sao Paulo,1,1,2
1146,11,CONMEBOL Sudamericana,2020,2nd Round,644306,2020-10-28T22:15:00+00:00,1224,Estadio Luís Alfonso Giagni,Asunción,1183,Sportivo Luqueno,1,0,1,442,Defensa Y Justicia,1,1,2
1147,11,CONMEBOL Sudamericana,2020,2nd Round,644307,2020-10-28T22:15:00+00:00,380,Estadio Atanasio Girardot,Medellín,1137,Atletico Nacional,1,0,1,2351,CA River Plate,0,1,1
1148,11,CONMEBOL Sudamericana,2020,2nd Round,644308,2020-10-28T22:15:00+00:00,1638,Parque Alfredo Víctor Viera,Montevideo,2357,Fenix,0,3,3,2328,Huachipato,0,1,1
1149,11,CONMEBOL Sudamericana,2020,2nd Round,644309,2020-10-29T00:30:00+00:00,383,Estadio Nemesio Camacho El Campín,"Bogotá, D.C.",1125,Millonarios,0,1,1,1127,Deportivo Cali,0,2,2
1150,11,CONMEBOL Sudamericana,2020,2nd Round,644310,2020-10-29T00:30:00+00:00,279,Estádio Club de Regatas Vasco da Gama,"Rio de Janeiro, Rio de Janeiro",133,Vasco DA Gama,0,1,1,2808,Caracas FC,0,0,0
1151,11,CONMEBOL Sudamericana,2020,2nd Round,644311,2020-10-29T00:30:00+00:00,115,Estadio José Amalfitani,"Capital Federal, Ciudad de Buenos Aires",438,Velez Sarsfield,0,0,0,2348,Penarol,0,0,0
1152,11,CONMEBOL Sudamericana,2020,2nd Round,644312,2020-10-29T22:15:00+00:00,1933,Estadio 15 de Abril,"Ciudad de Santa Fe, Provincia de Santa Fe",441,Union Santa Fe,0,0,0,1148,Emelec,1,0,1
1153,11,CONMEBOL Sudamericana,2020,2nd Round,644313,2020-10-29T22:15:00+00:00,1224,Estadio Luís Alfonso Giagni,Asunción,1177,SOL DE America,0,0,0,2994,U. Catolica,0,0,0
1154,11,CONMEBOL Sudamericana,2020,2nd Round,644314,2020-10-29T22:15:00+00:00,324,Estadio Bicentenario Francisco Sánchez Rumoroso,Coquimbo,2330,Coquimbo Unido,0,3,3,2818,Estudiantes de Merida FC,0,0,0
1155,11,CONMEBOL Sudamericana,2020,2nd Round,644315,2020-10-30T00:30:00+00:00,7131,Estadio Libertadores de América,"Avellaneda, Provincia de Buenos Aires",453,Independiente,1,0,1,455,Atletico Tucuman,0,0,0
1156,11,CONMEBOL Sudamericana,2020,2nd Round,644316,2020-10-30T00:30:00+00:00,,Estadio Profesor Alberto Suppici,Colonia del Sacramento,2355,Plaza Colonia,0,0,0,1135,Junior,0,1,1
1157,11,CONMEBOL Sudamericana,2020,2nd Round,644317,2020-10-30T00:30:00+00:00,1228,Estadio Nacional de Lima,Lima,2554,FBC Melgar,0,1,1,118,Bahia,0,0,0
1158,11,CONMEBOL Sudamericana,2020,2nd Round,644318,2020-11-03T22:15:00+00:00,1632,Estadio Luis Franzini,Montevideo,2358,Liverpool Montevideo,0,1,1,2555,Sport Huancayo,1,1,2
1159,11,CONMEBOL Sudamericana,2020,2nd Round,644319,2020-11-03T22:15:00+00:00,198,Estadio Hernando Siles,La Paz,3702,Bolívar,1,2,3,2329,A. Italiano,0,0,0
1160,11,CONMEBOL Sudamericana,2020,2nd Round,644320,2020-11-04T00:30:00+00:00,375,Estadio Manuel Murillo Toro,Ibagué,1142,Deportes Tolima,1,0,1,2326,Union La Calera,1,0,1
1161,11,CONMEBOL Sudamericana,2020,2nd Round,644321,2020-11-04T22:15:00+00:00,,Estádio Cícero Pompeu de Toledo,"São Paulo, São Paulo",126,Sao Paulo,1,3,4,446,Lanus,2,1,3
1162,11,CONMEBOL Sudamericana,2020,2nd Round,644322,2020-11-04T22:15:00+00:00,59,Estadio Norberto Tito Tomaghello,"Florencio Varela, Provincia de Buenos Aires",442,Defensa Y Justicia,0,1,1,1183,Sportivo Luqueno,1,0,1
1163,11,CONMEBOL Sudamericana,2020,2nd Round,644323,2020-11-04T22:15:00+00:00,1638,Parque Alfredo Víctor Viera,Montevideo,2351,CA River Plate,2,1,3,1137,Atletico Nacional,1,0,1
1164,11,CONMEBOL Sudamericana,2020,2nd Round,644324,2020-11-04T22:15:00+00:00,320,Estadio CAP,Talcahuano,2328,Huachipato,0,1,1,2357,Fenix,0,1,1
1165,11,CONMEBOL Sudamericana,2020,2nd Round,644326,2020-11-05T00:30:00+00:00,1653,Estadio Olímpico de la UCV,Caracas,2808,Caracas FC,0,0,0,133,Vasco DA Gama,0,0,0
1166,11,CONMEBOL Sudamericana,2020,2nd Round,644327,2020-11-05T00:30:00+00:00,1640,Estadio Campeón del Siglo,Montevideo,2348,Penarol,0,1,1,438,Velez Sarsfield,0,1,1
1167,11,CONMEBOL Sudamericana,2020,2nd Round,644328,2020-11-05T22:15:00+00:00,469,Estadio Banco del Pacífico,Guayaquil,1148,Emelec,0,1,1,441,Union Santa Fe,1,1,2
1168,11,CONMEBOL Sudamericana,2020,2nd Round,644329,2020-11-05T22:15:00+00:00,1657,Estadio Olímpico Metropolitano de Mérida,Mérida,2818,Estudiantes de Merida FC,0,0,0,2330,Coquimbo Unido,1,1,2
1169,11,CONMEBOL Sudamericana,2020,2nd Round,644330,2020-11-06T00:30:00+00:00,42,Estadio Monumental Presidente José Fierro,"San Miguel de Tucumán, Provincia de Tucumán",455,Atletico Tucuman,1,0,1,453,Independiente,1,0,1
1170,11,CONMEBOL Sudamericana,2020,2nd Round,644331,2020-11-06T00:30:00+00:00,345,Estadio San Carlos de Apoquindo,Santiago de Chile,2994,U. Catolica,0,2,2,1177,SOL DE America,0,1,1
1171,11,CONMEBOL Sudamericana,2020,2nd Round,644332,2020-11-06T00:30:00+00:00,366,Estadio Metropolitano Roberto Meléndez,Barranquilla,1135,Junior,0,0,0,2355,Plaza Colonia,0,0,0
1172,11,CONMEBOL Sudamericana,2020,2nd Round,644333,2020-11-06T00:30:00+00:00,216,Arena Fonte Nova,"Salvador, Bahia",118,Bahia,4,0,4,2554,FBC Melgar,0,0,0
1173,11,CONMEBOL Sudamericana,2020,8th Finals,645635,2020-11-25T22:15:00+00:00,198,Estadio Hernando Siles,La Paz,3702,Bolívar,1,1,2,446,Lanus,1,0,1
1174,11,CONMEBOL Sudamericana,2020,8th Finals,645636,2020-11-25T00:30:00+00:00,115,Estadio José Amalfitani,"Capital Federal, Ciudad de Buenos Aires",438,Velez Sarsfield,0,2,2,1127,Deportivo Cali,0,0,0
1175,11,CONMEBOL Sudamericana,2020,8th Finals,645890,2020-11-26T00:30:00+00:00,324,Estadio Bicentenario Francisco Sánchez Rumoroso,Coquimbo,2330,Coquimbo Unido,0,0,0,2555,Sport Huancayo,0,0,0
1176,11,CONMEBOL Sudamericana,2020,8th Finals,645892,2020-11-26T00:30:00+00:00,1638,Parque Alfredo Víctor Viera,Montevideo,2357,Fenix,1,0,1,453,Independiente,3,1,4
1177,11,CONMEBOL Sudamericana,2020,8th Finals,645894,2020-11-26T22:15:00+00:00,1638,Parque Alfredo Víctor Viera,Montevideo,2351,CA River Plate,1,0,1,2994,U. Catolica,1,1,2
1178,11,CONMEBOL Sudamericana,2020,8th Finals,645896,2020-11-24T22:15:00+00:00,216,Arena Fonte Nova,"Salvador, Bahia",118,Bahia,0,1,1,441,Union Santa Fe,0,0,0
1179,11,CONMEBOL Sudamericana,2020,8th Finals,645637,2020-11-27T00:30:00+00:00,59,Estadio Norberto Tito Tomaghello,"Florencio Varela, Provincia de Buenos Aires",442,Defensa Y Justicia,0,1,1,133,Vasco DA Gama,0,1,1
1180,11,CONMEBOL Sudamericana,2020,8th Finals,645638,2020-12-04T00:30:00+00:00,279,Estádio Club de Regatas Vasco da Gama,"Rio de Janeiro, Rio de Janeiro",133,Vasco DA Gama,0,0,0,442,Defensa Y Justicia,0,1,1
1181,11,CONMEBOL Sudamericana,2020,8th Finals,645639,2020-12-02T22:15:00+00:00,88,Estadio Ciudad de Lanús - Néstor Díaz Pérez,"Lanús, Provincia de Buenos Aires",446,Lanus,2,4,6,3702,Bolívar,1,1,2
1182,11,CONMEBOL Sudamericana,2020,8th Finals,645640,2020-12-02T00:30:00+00:00,376,Estadio Deportivo Cali,Palmira,1127,Deportivo Cali,1,0,1,438,Velez Sarsfield,2,3,5
1183,11,CONMEBOL Sudamericana,2020,8th Finals,645891,2020-12-03T00:30:00+00:00,1228,Estadio Nacional de Lima,Lima,2555,Sport Huancayo,0,0,0,2330,Coquimbo Unido,1,1,2
1184,11,CONMEBOL Sudamericana,2020,8th Finals,645893,2020-12-03T00:30:00+00:00,7131,Estadio Libertadores de América,"Avellaneda, Provincia de Buenos Aires",453,Independiente,1,0,1,2357,Fenix,0,0,0
1185,11,CONMEBOL Sudamericana,2020,8th Finals,645895,2020-12-04T00:30:00+00:00,345,Estadio San Carlos de Apoquindo,Santiago de Chile,2994,U. Catolica,0,0,0,2351,CA River Plate,0,1,1
1186,11,CONMEBOL Sudamericana,2020,8th Finals,645897,2020-12-01T22:15:00+00:00,1933,Estadio 15 de Abril,"Ciudad de Santa Fe, Provincia de Santa Fe",441,Union Santa Fe,0,0,0,118,Bahia,0,0,0
1187,11,CONMEBOL Sudamericana,2020,8th Finals,645898,2020-11-27T00:30:00+00:00,366,Estadio Metropolitano Roberto Meléndez,Barranquilla,1135,Junior,1,1,2,2326,Union La Calera,0,1,1
1188,11,CONMEBOL Sudamericana,2020,Quarter-finals,650125,2020-12-09T00:30:00+00:00,115,Estadio José Amalfitani,"Capital Federal, Ciudad de Buenos Aires",438,Velez Sarsfield,0,1,1,2994,U. Catolica,1,1,2
1189,11,CONMEBOL Sudamericana,2020,Quarter-finals,650126,2020-12-16T00:30:00+00:00,345,Estadio San Carlos de Apoquindo,Santiago de Chile,2994,U. Catolica,0,1,1,438,Velez Sarsfield,1,2,3
1190,11,CONMEBOL Sudamericana,2020,Quarter-finals,650127,2020-12-09T22:15:00+00:00,216,Arena Fonte Nova,"Salvador, Bahia",118,Bahia,1,1,2,442,Defensa Y Justicia,2,1,3
1191,11,CONMEBOL Sudamericana,2020,Quarter-finals,650128,2020-12-16T22:15:00+00:00,59,Estadio Norberto Tito Tomaghello,"Florencio Varela, Provincia de Buenos Aires",442,Defensa Y Justicia,0,1,1,118,Bahia,0,0,0
1192,11,CONMEBOL Sudamericana,2020,Quarter-finals,650129,2020-12-10T00:30:00+00:00,366,Estadio Metropolitano Roberto Meléndez,Barranquilla,1135,Junior,1,0,1,2330,Coquimbo Unido,0,2,2
1193,11,CONMEBOL Sudamericana,2020,Quarter-finals,650130,2020-12-17T00:30:00+00:00,324,Estadio Bicentenario Francisco Sánchez Rumoroso,Coquimbo,2330,Coquimbo Unido,0,0,0,1135,Junior,1,0,1
1194,11,CONMEBOL Sudamericana,2020,Quarter-finals,650131,2020-12-10T22:15:00+00:00,88,Estadio Ciudad de Lanús - Néstor Díaz Pérez,"Lanús, Provincia de Buenos Aires",446,Lanus,0,0,0,453,Independiente,0,0,0
1195,11,CONMEBOL Sudamericana,2020,Quarter-finals,650132,2020-12-17T22:15:00+00:00,7131,Estadio Libertadores de América,"Avellaneda, Provincia de Buenos Aires",453,Independiente,0,1,1,446,Lanus,3,0,3
1196,11,CONMEBOL Sudamericana,2020,Semi-finals,653218,2021-01-07T00:30:00+00:00,115,Estadio José Amalfitani,"Capital Federal, Ciudad de Buenos Aires",438,Velez Sarsfield,0,0,0,446,Lanus,1,0,1
1197,11,CONMEBOL Sudamericana,2020,Semi-finals,653219,2021-01-14T00:30:00+00:00,88,Estadio Ciudad de Lanús - Néstor Díaz Pérez,"Lanús, Provincia de Buenos Aires",446,Lanus,1,2,3,438,Velez Sarsfield,0,0,0
1198,11,CONMEBOL Sudamericana,2020,Semi-finals,653220,2021-01-12T22:15:00+00:00,1221,Estadio Manuel Ferreira,Asunción,2330,Coquimbo Unido,0,0,0,442,Defensa Y Justicia,0,0,0
1199,11,CONMEBOL Sudamericana,2020,Semi-finals,653221,2021-01-16T23:30:00+00:00,59,Estadio Norberto Tito Tomaghello,"Florencio Varela, Provincia de Buenos Aires",442,Defensa Y Justicia,4,0,4,2330,Coquimbo Unido,1,1,2
1200,11,CONMEBOL Sudamericana,2020,Final,657639,2021-01-23T20:00:00+00:00,110,Estadio Mario Alberto Kempes,"Ciudad de Córdoba, Provincia de Córdoba",446,Lanus,0,0,0,442,Defensa Y Justicia,1,2,3
1201,11,CONMEBOL Sudamericana,2021,1st Round,674866,2021-03-18T00:30:00+00:00,1242,Estadio Monumental,Lima,2539,UTC,0,0,0,2555,Sport Huancayo,0,1,1
1202,11,CONMEBOL Sudamericana,2021,1st Round,674868,2021-03-17T22:15:00+00:00,2489,Estadio Gilberto Parada,Montero,3704,Guabirá,1,3,4,3706,Nacional Potosí,1,0,1
1203,11,CONMEBOL Sudamericana,2021,1st Round,674870,2021-03-16T22:15:00+00:00,474,Estadio Bellavista de Ambato,Ambato,1155,Macara,1,1,2,1148,Emelec,2,0,2
1204,11,CONMEBOL Sudamericana,2021,1st Round,674871,2021-04-06T22:15:00+00:00,469,Estadio Banco del Pacífico,Guayaquil,1148,Emelec,1,1,2,1155,Macara,0,0,0
1205,11,CONMEBOL Sudamericana,2021,1st Round,674872,2021-03-18T22:15:00+00:00,11622,Estadio Defensores del Chaco,Asunción,2138,Guairena FC,0,1,1,1184,Club River Plate,0,2,2
1206,11,CONMEBOL Sudamericana,2021,1st Round,674874,2021-03-18T00:30:00+00:00,1653,Estadio Olímpico de la UCV,Caracas,2817,Aragua FC,0,0,0,2824,Mineros de Guyana,0,1,1
1207,11,CONMEBOL Sudamericana,2021,1st Round,674875,2021-04-07T22:15:00+00:00,1653,Estadio Olímpico de la UCV,Caracas,2824,Mineros de Guyana,1,0,1,2817,Aragua FC,2,0,2
1208,11,CONMEBOL Sudamericana,2021,1st Round,674876,2021-03-19T00:30:00+00:00,383,Estadio Nemesio Camacho El Campín,"Bogotá, D.C.",1134,La Equidad,1,0,1,1126,Deportivo Pasto,1,1,2
1209,11,CONMEBOL Sudamericana,2021,1st Round,674878,2021-03-16T22:15:00+00:00,1224,Estadio Luís Alfonso Giagni,Asunción,3832,12 de Octubre,0,0,0,1175,Nacional Asuncion,0,0,0
1210,11,CONMEBOL Sudamericana,2021,1st Round,674880,2021-03-19T00:30:00+00:00,1242,Estadio Monumental,Lima,2551,Carlos A. Mannucci,0,1,1,2554,FBC Melgar,2,0,2
1211,11,CONMEBOL Sudamericana,2021,1st Round,674882,2021-03-18T22:15:00+00:00,1653,Estadio Olímpico de la UCV,Caracas,2825,Metropolitanos FC,1,1,2,2827,Puerto Cabello,0,0,0
1212,11,CONMEBOL Sudamericana,2021,1st Round,674884,2021-03-18T00:30:00+00:00,2438,Estadio Félix Capriles,Cochabamba,3705,Jorge Wilstermann,2,0,2,10011,Atlético Palmaflor,0,1,1
1213,11,CONMEBOL Sudamericana,2021,1st Round,674886,2021-03-17T00:30:00+00:00,375,Estadio Manuel Murillo Toro,Ibagué,1142,Deportes Tolima,2,1,3,1127,Deportivo Cali,0,0,0
1214,11,CONMEBOL Sudamericana,2021,1st Round,674887,2021-04-07T00:30:00+00:00,376,Estadio Deportivo Cali,Palmira,1127,Deportivo Cali,0,0,0,1142,Deportes Tolima,0,0,0
1215,11,CONMEBOL Sudamericana,2021,1st Round,674888,2021-03-18T22:15:00+00:00,476,Estadio Gonzalo Pozo Ripalda,Quito,1156,Aucas,1,1,2,1159,Guayaquil City FC,1,0,1
1216,11,CONMEBOL Sudamericana,2021,1st Round,683012,2021-03-17T00:30:00+00:00,318,Estadio Regional Calvo y Bascuñán,Antofagasta,2327,Antofagasta,0,0,0,2328,Huachipato,0,1,1
1217,11,CONMEBOL Sudamericana,2021,1st Round,683013,2021-04-07T00:30:00+00:00,320,Estadio CAP,Talcahuano,2328,Huachipato,1,2,3,2327,Antofagasta,0,0,0
1218,11,CONMEBOL Sudamericana,2021,1st Round,683014,2021-03-19T00:30:00+00:00,323,Estadio El Cobre,"El Salvador, Diego de Almagro",2331,Cobresal,0,0,0,2318,Palestino,0,0,0
1219,11,CONMEBOL Sudamericana,2021,1st Round,692868,2021-04-07T00:30:00+00:00,1638,Parque Alfredo Víctor Viera,Montevideo,2369,Cerro Largo,0,2,2,2348,Penarol,1,1,2
1220,11,CONMEBOL Sudamericana,2021,1st Round,692870,2021-04-07T22:15:00+00:00,1624,Estadio Centenario,Montevideo,2365,Atletico Torque,0,0,0,2357,Fenix,0,0,0
1221,11,CONMEBOL Sudamericana,2021,1st Round,674867,2021-04-08T00:30:00+00:00,1228,Estadio Nacional de Lima,Lima,2555,Sport Huancayo,2,2,4,2539,UTC,0,0,0
1222,11,CONMEBOL Sudamericana,2021,1st Round,674869,2021-04-07T22:15:00+00:00,2490,Estadio Victor Agustín Ugarte,Potosí,3706,Nacional Potosí,0,1,1,3704,Guabirá,1,1,2
1223,11,CONMEBOL Sudamericana,2021,1st Round,674873,2021-04-08T22:15:00+00:00,11622,Estadio Defensores del Chaco,Asunción,1184,Club River Plate,3,1,4,2138,Guairena FC,1,1,2
1224,11,CONMEBOL Sudamericana,2021,1st Round,674877,2021-04-09T00:30:00+00:00,377,Estadio Departamental Libertad,San Juan de Pasto,1126,Deportivo Pasto,0,0,0,1134,La Equidad,2,0,2
1225,11,CONMEBOL Sudamericana,2021,1st Round,674881,2021-04-09T00:30:00+00:00,1228,Estadio Nacional de Lima,Lima,2554,FBC Melgar,2,1,3,2551,Carlos A. Mannucci,1,1,2
1226,11,CONMEBOL Sudamericana,2021,1st Round,674883,2021-04-08T22:15:00+00:00,1654,Estadio Polideportivo Misael Delgado,Valencia,2827,Puerto Cabello,0,0,0,2825,Metropolitanos FC,1,0,1
1227,11,CONMEBOL Sudamericana,2021,1st Round,674885,2021-04-08T00:30:00+00:00,2438,Estadio Félix Capriles,Cochabamba,10011,Atlético Palmaflor,1,0,1,3705,Jorge Wilstermann,1,1,2
1228,11,CONMEBOL Sudamericana,2021,1st Round,674889,2021-04-08T22:15:00+00:00,1702,Estadio Christian Benítez Betancourt,Guayaquil,1159,Guayaquil City FC,0,0,0,1156,Aucas,3,0,3
1229,11,CONMEBOL Sudamericana,2021,1st Round,683015,2021-04-09T00:30:00+00:00,345,Estadio San Carlos de Apoquindo,Santiago de Chile,2318,Palestino,1,1,2,2331,Cobresal,1,0,1
1230,11,CONMEBOL Sudamericana,2021,1st Round,692869,2021-04-14T00:30:00+00:00,1640,Estadio Campeón del Siglo,Montevideo,2348,Penarol,3,1,4,2369,Cerro Largo,1,0,1
1231,11,CONMEBOL Sudamericana,2021,1st Round,692871,2021-04-14T22:15:00+00:00,1638,Parque Alfredo Víctor Viera,Montevideo,2357,Fenix,0,0,0,2365,Atletico Torque,1,1,2
1232,11,CONMEBOL Sudamericana,2021,Group Stage - 1,697086,2021-04-22T19:00:00+00:00,110,Estadio Mario Alberto Kempes,"Ciudad de Córdoba, Provincia de Córdoba",456,Talleres Cordoba,1,0,1,1148,Emelec,0,2,2
1233,11,CONMEBOL Sudamericana,2021,Group Stage - 1,697087,2021-04-20T22:15:00+00:00,211,Estádio Antônio Accioly,"Goiânia, Goiás",144,Atletico Goianiense,0,0,0,457,Newells Old Boys,0,0,0
1234,11,CONMEBOL Sudamericana,2021,Group Stage - 1,697088,2021-04-21T00:30:00+00:00,1224,Estadio Luís Alfonso Giagni,Asunción,3832,12 de Octubre,0,1,1,437,Rosario Central,0,0,0
1235,11,CONMEBOL Sudamericana,2021,Group Stage - 1,697089,2021-04-22T00:30:00+00:00,2489,Estadio Gilberto Parada,Montero,3704,Guabirá,0,1,1,453,Independiente,2,1,3
1236,11,CONMEBOL Sudamericana,2021,Group Stage - 1,697090,2021-04-21T22:15:00+00:00,225,Estádio Governador Plácido Aderaldo Castelo,"Fortaleza, Ceará",129,Ceara,2,1,3,3705,Jorge Wilstermann,0,1,1
1237,11,CONMEBOL Sudamericana,2021,Group Stage - 1,697091,2021-04-20T22:15:00+00:00,1653,Estadio Olímpico de la UCV,Caracas,2825,Metropolitanos FC,2,0,2,2554,FBC Melgar,1,2,3
1238,11,CONMEBOL Sudamericana,2021,Group Stage - 1,697092,2021-04-21T00:30:00+00:00,476,Estadio Gonzalo Pozo Ripalda,Quito,1156,Aucas,0,0,0,134,Atletico Paranaense,1,0,1
1239,11,CONMEBOL Sudamericana,2021,Group Stage - 1,698685,2021-04-21T22:15:00+00:00,103,Estadio Pedro Bidegaín,"Capital Federal, Ciudad de Buenos Aires",460,San Lorenzo,0,0,0,2328,Huachipato,1,0,1
1240,11,CONMEBOL Sudamericana,2021,Group Stage - 1,698686,2021-04-22T00:30:00+00:00,1638,Parque Alfredo Víctor Viera,Montevideo,2365,Atletico Torque,0,1,1,118,Bahia,1,0,1
1241,11,CONMEBOL Sudamericana,2021,Group Stage - 1,697084,2021-04-22T22:15:00+00:00,1653,Estadio Olímpico de la UCV,Caracas,2817,Aragua FC,0,0,0,446,Lanus,0,1,1
1242,11,CONMEBOL Sudamericana,2021,Group Stage - 1,697085,2021-04-22T22:15:00+00:00,220,Estádio Nabi Abi Chedid,"Bragança Paulista, São Paulo",794,Bragantino,2,0,2,1142,Deportes Tolima,0,1,1
1243,11,CONMEBOL Sudamericana,2021,Group Stage - 1,697093,2021-04-23T00:30:00+00:00,11622,Estadio Defensores del Chaco,Asunción,1184,Club River Plate,0,0,0,131,Corinthians,0,0,0
1244,11,CONMEBOL Sudamericana,2021,Group Stage - 2,697094,2021-04-28T00:30:00+00:00,334,Estadio Sausalito,Viña del Mar,2328,Huachipato,0,0,0,3832,12 de Octubre,0,0,0
1245,11,CONMEBOL Sudamericana,2021,Group Stage - 2,697095,2021-04-27T22:15:00+00:00,11287,Estádio Governador Roberto Santos,"Salvador de Bahia, Bahia",118,Bahia,2,3,5,3704,Guabirá,0,0,0
1246,11,CONMEBOL Sudamericana,2021,Group Stage - 2,697096,2021-04-28T00:30:00+00:00,38,Estadio Julio Humberto Grondona,"Avellaneda, Provincia de Buenos Aires",459,Arsenal Sarandi,0,0,0,129,Ceara,0,0,0
1247,11,CONMEBOL Sudamericana,2021,Group Stage - 2,697097,2021-04-28T22:15:00+00:00,10493,Arena da Baixada,"Curitiba, Paraná",134,Atletico Paranaense,0,1,1,2825,Metropolitanos FC,0,0,0
1248,11,CONMEBOL Sudamericana,2021,Group Stage - 2,697098,2021-04-29T00:30:00+00:00,1228,Estadio Nacional de Lima,Lima,2554,FBC Melgar,1,1,2,1156,Aucas,0,0,0
1249,11,CONMEBOL Sudamericana,2021,Group Stage - 2,697099,2021-04-29T22:15:00+00:00,1228,Estadio Nacional de Lima,Lima,2555,Sport Huancayo,1,0,1,1184,Club River Plate,2,0,2
1250,11,CONMEBOL Sudamericana,2021,Group Stage - 2,697101,2021-04-29T00:30:00+00:00,469,Estadio Banco del Pacífico,Guayaquil,1148,Emelec,0,3,3,794,Bragantino,0,0,0
1251,11,CONMEBOL Sudamericana,2021,Group Stage - 2,697102,2021-04-29T00:30:00+00:00,375,Estadio Manuel Murillo Toro,Ibagué,1142,Deportes Tolima,0,1,1,456,Talleres Cordoba,1,0,1
1252,11,CONMEBOL Sudamericana,2021,Group Stage - 1,698136,2021-04-23T00:30:00+00:00,1640,Estadio Campeón del Siglo,Montevideo,2348,Penarol,3,2,5,2555,Sport Huancayo,1,0,1
1253,11,CONMEBOL Sudamericana,2021,Group Stage - 2,698137,2021-04-29T22:15:00+00:00,11531,Neo Química Arena,"São Paulo, São Paulo",131,Corinthians,0,0,0,2348,Penarol,1,1,2
1254,11,CONMEBOL Sudamericana,2021,Group Stage - 1,698687,2021-04-22T22:15:00+00:00,241,Arena do Grêmio,"Porto Alegre, Rio Grande do Sul",130,Gremio,1,1,2,1134,La Equidad,0,1,1
1255,11,CONMEBOL Sudamericana,2021,Group Stage - 1,698688,2021-04-23T00:30:00+00:00,1219,Estadio Dr. Nicolás Leoz,Asunción,1179,Libertad Asuncion,0,2,2,2318,Palestino,0,0,0
1256,11,CONMEBOL Sudamericana,2021,Group Stage - 2,698689,2021-04-29T00:30:00+00:00,101,Estadio Dr. Lisandro de la Torre,"Rosario, Provincia de Santa Fe",437,Rosario Central,1,1,2,460,San Lorenzo,0,0,0
1257,11,CONMEBOL Sudamericana,2021,Group Stage - 2,698690,2021-04-28T22:15:00+00:00,7131,Estadio Libertadores de América,"Avellaneda, Provincia de Buenos Aires",453,Independiente,0,3,3,2365,Atletico Torque,0,1,1
1258,11,CONMEBOL Sudamericana,2021,Group Stage - 2,698692,2021-04-30T00:30:00+00:00,88,Estadio Ciudad de Lanús - Néstor Díaz Pérez,"Lanús, Provincia de Buenos Aires",446,Lanus,0,1,1,130,Gremio,1,1,2
1259,11,CONMEBOL Sudamericana,2021,Group Stage - 1,699237,2021-04-22T22:15:00+00:00,198,Estadio Hernando Siles,La Paz,3702,Bolívar,1,1,2,459,Arsenal Sarandi,0,1,1
1260,11,CONMEBOL Sudamericana,2021,Group Stage - 2,699238,2021-04-29T22:15:00+00:00,2438,Estadio Félix Capriles,Cochabamba,3705,Jorge Wilstermann,0,0,0,3702,Bolívar,0,0,0
1261,11,CONMEBOL Sudamericana,2021,Group Stage - 2,697100,2021-04-30T00:30:00+00:00,337,Estadio El Teniente,Rancagua,2318,Palestino,0,0,0,144,Atletico Goianiense,1,0,1
1262,11,CONMEBOL Sudamericana,2021,Group Stage - 2,697103,2021-04-30T00:30:00+00:00,378,Estadio Hernán Ramírez Villegas,Pereira,1134,La Equidad,1,1,2,2817,Aragua FC,0,1,1
1263,11,CONMEBOL Sudamericana,2021,Group Stage - 3,697104,2021-05-05T22:15:00+00:00,334,Estadio Sausalito,Viña del Mar,2328,Huachipato,1,0,1,437,Rosario Central,0,1,1
1264,11,CONMEBOL Sudamericana,2021,Group Stage - 3,697105,2021-05-04T22:15:00+00:00,11287,Estádio Governador Roberto Santos,"Salvador de Bahia, Bahia",118,Bahia,0,2,2,453,Independiente,1,1,2
1265,11,CONMEBOL Sudamericana,2021,Group Stage - 3,697106,2021-05-06T22:15:00+00:00,38,Estadio Julio Humberto Grondona,"Avellaneda, Provincia de Buenos Aires",459,Arsenal Sarandi,1,2,3,3705,Jorge Wilstermann,0,0,0
1266,11,CONMEBOL Sudamericana,2021,Group Stage - 3,697107,2021-05-04T22:15:00+00:00,1653,Estadio Olímpico de la UCV,Caracas,2825,Metropolitanos FC,1,2,3,1156,Aucas,0,2,2
1267,11,CONMEBOL Sudamericana,2021,Group Stage - 3,697108,2021-05-05T00:30:00+00:00,1228,Estadio Nacional de Lima,Lima,2554,FBC Melgar,0,1,1,134,Atletico Paranaense,0,0,0
1268,11,CONMEBOL Sudamericana,2021,Group Stage - 3,697109,2021-05-07T00:30:00+00:00,1228,Estadio Nacional de Lima,Lima,2555,Sport Huancayo,0,0,0,131,Corinthians,2,1,3
1269,11,CONMEBOL Sudamericana,2021,Group Stage - 3,697110,2021-05-05T02:00:00+00:00,337,Estadio El Teniente,Rancagua,2318,Palestino,0,0,0,457,Newells Old Boys,0,1,1
1270,11,CONMEBOL Sudamericana,2021,Group Stage - 3,697111,2021-05-08T00:00:00+00:00,1242,Estadio Monumental,Lima,1142,Deportes Tolima,1,0,1,1148,Emelec,1,0,1
1271,11,CONMEBOL Sudamericana,2021,Group Stage - 3,697112,2021-05-06T00:30:00+00:00,220,Estádio Nabi Abi Chedid,"Bragança Paulista, São Paulo",794,Bragantino,0,0,0,456,Talleres Cordoba,0,1,1
1272,11,CONMEBOL Sudamericana,2021,Group Stage - 3,697113,2021-05-07T02:00:00+00:00,11622,Estadio Defensores del Chaco,Asunción,1134,La Equidad,0,0,0,446,Lanus,1,0,1
1273,11,CONMEBOL Sudamericana,2021,Group Stage - 4,697121,2021-05-11T22:15:00+00:00,220,Estádio Nabi Abi Chedid,"Bragança Paulista, São Paulo",794,Bragantino,1,1,2,1148,Emelec,0,0,0
1274,11,CONMEBOL Sudamericana,2021,Group Stage - 3,698138,2021-05-07T00:30:00+00:00,1640,Estadio Campeón del Siglo,Montevideo,2348,Penarol,1,2,3,1184,Club River Plate,0,0,0
1275,11,CONMEBOL Sudamericana,2021,Group Stage - 2,698691,2021-04-30T00:30:00+00:00,93,Estadio Marcelo Alberto Bielsa,"Rosario, Provincia de Santa Fe",457,Newells Old Boys,0,1,1,1179,Libertad Asuncion,1,2,3
1276,11,CONMEBOL Sudamericana,2021,Group Stage - 3,698693,2021-05-05T22:15:00+00:00,1638,Parque Alfredo Víctor Viera,Montevideo,2365,Atletico Torque,1,3,4,3704,Guabirá,0,0,0
1277,11,CONMEBOL Sudamericana,2021,Group Stage - 3,698694,2021-05-06T22:15:00+00:00,11622,Estadio Defensores del Chaco,Asunción,1179,Libertad Asuncion,0,1,1,144,Atletico Goianiense,1,1,2
1278,11,CONMEBOL Sudamericana,2021,Group Stage - 3,698695,2021-05-06T22:15:00+00:00,241,Arena do Grêmio,"Porto Alegre, Rio Grande do Sul",130,Gremio,6,2,8,2817,Aragua FC,0,0,0
1279,11,CONMEBOL Sudamericana,2021,Group Stage - 3,698696,2021-05-07T00:30:00+00:00,103,Estadio Pedro Bidegaín,"Capital Federal, Ciudad de Buenos Aires",460,San Lorenzo,1,0,1,3832,12 de Octubre,1,0,1
1280,11,CONMEBOL Sudamericana,2021,Group Stage - 3,699239,2021-05-05T22:15:00+00:00,198,Estadio Hernando Siles,La Paz,3702,Bolívar,0,0,0,129,Ceara,0,0,0
1281,11,CONMEBOL Sudamericana,2021,Group Stage - 4,697114,2021-05-12T22:15:00+00:00,1224,Estadio Luís Alfonso Giagni,Asunción,3832,12 de Octubre,0,1,1,2328,Huachipato,1,1,2
1282,11,CONMEBOL Sudamericana,2021,Group Stage - 4,697115,2021-05-13T22:15:00+00:00,2489,Estadio Gilberto Parada,Montero,3704,Guabirá,0,0,0,118,Bahia,0,1,1
1283,11,CONMEBOL Sudamericana,2021,Group Stage - 4,697116,2021-05-12T22:15:00+00:00,225,Estádio Governador Plácido Aderaldo Castelo,"Fortaleza, Ceará",129,Ceara,0,0,0,459,Arsenal Sarandi,0,0,0
1284,11,CONMEBOL Sudamericana,2021,Group Stage - 4,697117,2021-05-14T00:30:00+00:00,476,Estadio Gonzalo Pozo Ripalda,Quito,1156,Aucas,0,2,2,2554,FBC Melgar,1,0,1
1285,11,CONMEBOL Sudamericana,2021,Group Stage - 4,697118,2021-05-11T22:15:00+00:00,1653,Estadio Olímpico de la UCV,Caracas,2825,Metropolitanos FC,0,0,0,134,Atletico Paranaense,0,1,1
1286,11,CONMEBOL Sudamericana,2021,Group Stage - 4,697119,2021-05-14T00:30:00+00:00,11622,Estadio Defensores del Chaco,Asunción,1184,Club River Plate,1,1,2,2555,Sport Huancayo,1,0,1
1287,11,CONMEBOL Sudamericana,2021,Group Stage - 4,697120,2021-05-13T00:30:00+00:00,211,Estádio Antônio Accioly,"Goiânia, Goiás",144,Atletico Goianiense,0,0,0,2318,Palestino,0,0,0
1288,11,CONMEBOL Sudamericana,2021,Group Stage - 4,697122,2021-05-12T00:30:00+00:00,110,Estadio Mario Alberto Kempes,"Ciudad de Córdoba, Provincia de Córdoba",456,Talleres Cordoba,0,0,0,1142,Deportes Tolima,0,0,0
1289,11,CONMEBOL Sudamericana,2021,Group Stage - 4,697123,2021-05-13T22:15:00+00:00,1653,Estadio Olímpico de la UCV,Caracas,2817,Aragua FC,1,0,1,1134,La Equidad,1,1,2
1290,11,CONMEBOL Sudamericana,2021,Group Stage - 5,697125,2021-05-18T22:15:00+00:00,7131,Estadio Libertadores de América,"Avellaneda, Provincia de Buenos Aires",453,Independiente,0,1,1,118,Bahia,0,0,0
1291,11,CONMEBOL Sudamericana,2021,Group Stage - 5,697131,2021-05-19T00:30:00+00:00,110,Estadio Mario Alberto Kempes,"Ciudad de Córdoba, Provincia de Córdoba",456,Talleres Cordoba,0,0,0,794,Bragantino,1,0,1
1292,11,CONMEBOL Sudamericana,2021,Group Stage - 5,697132,2021-05-19T22:15:00+00:00,469,Estadio Banco del Pacífico,Guayaquil,1148,Emelec,0,2,2,1142,Deportes Tolima,0,0,0
1293,11,CONMEBOL Sudamericana,2021,Group Stage - 4,698139,2021-05-14T00:30:00+00:00,1640,Estadio Campeón del Siglo,Montevideo,2348,Penarol,2,2,4,131,Corinthians,0,0,0
1294,11,CONMEBOL Sudamericana,2021,Group Stage - 5,698140,2021-05-18T22:15:00+00:00,11622,Estadio Defensores del Chaco,Asunción,1184,Club River Plate,1,1,2,2348,Penarol,0,1,1
1295,11,CONMEBOL Sudamericana,2021,Group Stage - 4,698697,2021-05-12T00:30:00+00:00,1638,Parque Alfredo Víctor Viera,Montevideo,2365,Atletico Torque,1,0,1,453,Independiente,0,1,1
1296,11,CONMEBOL Sudamericana,2021,Group Stage - 4,698698,2021-05-13T00:30:00+00:00,103,Estadio Pedro Bidegaín,"Capital Federal, Ciudad de Buenos Aires",460,San Lorenzo,1,0,1,437,Rosario Central,0,2,2
1297,11,CONMEBOL Sudamericana,2021,Group Stage - 4,698699,2021-05-13T22:15:00+00:00,241,Arena do Grêmio,"Porto Alegre, Rio Grande do Sul",130,Gremio,2,1,3,446,Lanus,1,0,1
1298,11,CONMEBOL Sudamericana,2021,Group Stage - 4,698700,2021-05-14T00:30:00+00:00,1219,Estadio Dr. Nicolás Leoz,Asunción,1179,Libertad Asuncion,1,0,1,457,Newells Old Boys,0,0,0
1299,11,CONMEBOL Sudamericana,2021,Group Stage - 5,698702,2021-05-19T22:15:00+00:00,211,Estádio Antônio Accioly,"Goiânia, Goiás",144,Atletico Goianiense,0,0,0,1179,Libertad Asuncion,0,0,0
1300,11,CONMEBOL Sudamericana,2021,Group Stage - 4,699240,2021-05-13T00:30:00+00:00,198,Estadio Hernando Siles,La Paz,3702,Bolívar,2,0,2,3705,Jorge Wilstermann,1,1,2
1301,11,CONMEBOL Sudamericana,2021,Group Stage - 5,697124,2021-05-20T00:30:00+00:00,43,Estadio Florencio Solá,"Lomas de Zamora, Provincia de Buenos Aires",437,Rosario Central,4,1,5,2328,Huachipato,0,0,0
1302,11,CONMEBOL Sudamericana,2021,Group Stage - 5,697126,2021-05-19T22:15:00+00:00,2438,Estadio Félix Capriles,Cochabamba,3705,Jorge Wilstermann,1,0,1,459,Arsenal Sarandi,0,2,2
1303,11,CONMEBOL Sudamericana,2021,Group Stage - 5,697127,2021-05-20T00:30:00+00:00,476,Estadio Gonzalo Pozo Ripalda,Quito,1156,Aucas,1,2,3,2825,Metropolitanos FC,0,0,0
1304,11,CONMEBOL Sudamericana,2021,Group Stage - 5,697128,2021-05-20T00:30:00+00:00,10493,Arena da Baixada,"Curitiba, Paraná",134,Atletico Paranaense,1,0,1,2554,FBC Melgar,0,0,0
1305,11,CONMEBOL Sudamericana,2021,Group Stage - 5,697129,2021-05-21T00:30:00+00:00,11531,Neo Química Arena,"São Paulo, São Paulo",131,Corinthians,2,3,5,2555,Sport Huancayo,0,0,0
1306,11,CONMEBOL Sudamericana,2021,Group Stage - 5,697130,2021-05-20T22:15:00+00:00,93,Estadio Marcelo Alberto Bielsa,"Rosario, Provincia de Santa Fe",457,Newells Old Boys,1,2,3,2318,Palestino,0,1,1
1307,11,CONMEBOL Sudamericana,2021,Group Stage - 5,697133,2021-05-21T00:30:00+00:00,88,Estadio Ciudad de Lanús - Néstor Díaz Pérez,"Lanús, Provincia de Buenos Aires",446,Lanus,1,3,4,1134,La Equidad,0,1,1
1308,11,CONMEBOL Sudamericana,2021,Group Stage - 6,697134,2021-05-27T00:30:00+00:00,43,Estadio Florencio Solá,"Lomas de Zamora, Provincia de Buenos Aires",437,Rosario Central,0,0,0,3832,12 de Octubre,0,0,0
1309,11,CONMEBOL Sudamericana,2021,Group Stage - 6,697135,2021-05-26T22:15:00+00:00,7131,Estadio Libertadores de América,"Avellaneda, Provincia de Buenos Aires",453,Independiente,0,1,1,3704,Guabirá,0,0,0
1310,11,CONMEBOL Sudamericana,2021,Group Stage - 6,697139,2021-05-27T00:30:00+00:00,11531,Neo Química Arena,"São Paulo, São Paulo",131,Corinthians,3,1,4,1184,Club River Plate,0,0,0
1311,11,CONMEBOL Sudamericana,2021,Group Stage - 6,697140,2021-05-25T22:15:00+00:00,93,Estadio Marcelo Alberto Bielsa,"Rosario, Provincia de Santa Fe",457,Newells Old Boys,0,1,1,144,Atletico Goianiense,0,1,1
1312,11,CONMEBOL Sudamericana,2021,Group Stage - 6,697141,2021-05-26T00:30:00+00:00,469,Estadio Banco del Pacífico,Guayaquil,1148,Emelec,0,1,1,456,Talleres Cordoba,3,1,4
1313,11,CONMEBOL Sudamericana,2021,Group Stage - 6,697142,2021-05-26T00:30:00+00:00,1649,Estadio Polideportivo de Pueblo Nuevo,San Cristóbal,1142,Deportes Tolima,1,0,1,794,Bragantino,1,1,2
1314,11,CONMEBOL Sudamericana,2021,Group Stage - 6,698701,2021-05-26T22:15:00+00:00,11287,Estádio Governador Roberto Santos,"Salvador de Bahia, Bahia",118,Bahia,1,1,2,2365,Atletico Torque,2,2,4
1315,11,CONMEBOL Sudamericana,2021,Group Stage - 5,698703,2021-05-20T22:15:00+00:00,1224,Estadio Luís Alfonso Giagni,Asunción,3832,12 de Octubre,0,0,0,460,San Lorenzo,1,1,2
1316,11,CONMEBOL Sudamericana,2021,Group Stage - 5,698704,2021-05-21T00:30:00+00:00,2489,Estadio Gilberto Parada,Montero,3704,Guabirá,0,0,0,2365,Atletico Torque,2,2,4
1317,11,CONMEBOL Sudamericana,2021,Group Stage - 5,698705,2021-05-21T00:30:00+00:00,1653,Estadio Olímpico de la UCV,Caracas,2817,Aragua FC,0,2,2,130,Gremio,2,4,6
1318,11,CONMEBOL Sudamericana,2021,Group Stage - 6,698706,2021-05-25T22:15:00+00:00,337,Estadio El Teniente,Rancagua,2318,Palestino,1,0,1,1179,Libertad Asuncion,0,2,2
1319,11,CONMEBOL Sudamericana,2021,Group Stage - 6,698707,2021-05-27T00:30:00+00:00,334,Estadio Sausalito,Viña del Mar,2328,Huachipato,0,0,0,460,San Lorenzo,2,1,3
1320,11,CONMEBOL Sudamericana,2021,Group Stage - 5,699241,2021-05-20T22:15:00+00:00,225,Estádio Governador Plácido Aderaldo Castelo,"Fortaleza, Ceará",129,Ceara,1,1,2,3702,Bolívar,0,0,0
1321,11,CONMEBOL Sudamericana,2021,Group Stage - 6,697136,2021-05-27T22:15:00+00:00,2438,Estadio Félix Capriles,Cochabamba,3705,Jorge Wilstermann,0,1,1,129,Ceara,0,0,0
1322,11,CONMEBOL Sudamericana,2021,Group Stage - 6,697137,2021-05-28T00:30:00+00:00,1242,Estadio Monumental,Lima,2554,FBC Melgar,0,0,0,2825,Metropolitanos FC,0,0,0
1323,11,CONMEBOL Sudamericana,2021,Group Stage - 6,697138,2021-05-28T00:30:00+00:00,10493,Arena da Baixada,"Curitiba, Paraná",134,Atletico Paranaense,2,2,4,1156,Aucas,0,0,0
1324,11,CONMEBOL Sudamericana,2021,Group Stage - 6,697143,2021-05-28T00:30:00+00:00,88,Estadio Ciudad de Lanús - Néstor Díaz Pérez,"Lanús, Provincia de Buenos Aires",446,Lanus,0,0,0,2817,Aragua FC,0,0,0
1325,11,CONMEBOL Sudamericana,2021,Group Stage - 6,698141,2021-05-27T00:30:00+00:00,1242,Estadio Monumental,Lima,2555,Sport Huancayo,0,0,0,2348,Penarol,0,0,0
1326,11,CONMEBOL Sudamericana,2021,Group Stage - 6,698708,2021-05-28T00:30:00+00:00,474,Estadio Bellavista de Ambato,Ambato,1134,La Equidad,0,0,0,130,Gremio,0,0,0
1327,11,CONMEBOL Sudamericana,2021,Group Stage - 6,699242,2021-05-27T22:15:00+00:00,38,Estadio Julio Humberto Grondona,"Avellaneda, Provincia de Buenos Aires",459,Arsenal Sarandi,2,1,3,3702,Bolívar,0,1,1
1328,11,CONMEBOL Sudamericana,2021,Round of 16,706464,2021-07-13T22:15:00+00:00,471,Estadio Rodrigo Paz Delgado,Quito,1158,LDU de Quito,0,0,0,130,Gremio,1,0,1
1329,11,CONMEBOL Sudamericana,2021,Round of 16,706465,2021-07-20T22:15:00+00:00,241,Arena do Grêmio,"Porto Alegre, Rio Grande do Sul",130,Gremio,1,0,1,1158,LDU de Quito,1,1,2
1330,11,CONMEBOL Sudamericana,2021,Round of 16,706466,2021-07-14T00:30:00+00:00,378,Estadio Hernán Ramírez Villegas,Pereira,1138,America de Cali,0,0,0,134,Atletico Paranaense,0,1,1
1331,11,CONMEBOL Sudamericana,2021,Round of 16,706467,2021-07-21T00:30:00+00:00,10493,Arena da Baixada,"Curitiba, Paraná",134,Atletico Paranaense,1,3,4,1138,America de Cali,0,1,1
1332,11,CONMEBOL Sudamericana,2021,Round of 16,706468,2021-07-14T22:15:00+00:00,1228,Estadio Nacional de Lima,Lima,2546,Sporting Cristal,0,2,2,459,Arsenal Sarandi,0,1,1
1333,11,CONMEBOL Sudamericana,2021,Round of 16,706469,2021-07-21T22:15:00+00:00,38,Estadio Julio Humberto Grondona,"Avellaneda, Provincia de Buenos Aires",459,Arsenal Sarandi,0,1,1,2546,Sporting Cristal,0,1,1
1334,11,CONMEBOL Sudamericana,2021,Round of 16,706470,2021-07-15T00:30:00+00:00,,Estadio Banco Guayaquil,Sangolquí,1153,Independiente del Valle,0,0,0,794,Bragantino,1,1,2
1335,11,CONMEBOL Sudamericana,2021,Round of 16,706471,2021-07-22T00:30:00+00:00,220,Estádio Nabi Abi Chedid,"Bragança Paulista, São Paulo",794,Bragantino,0,1,1,1153,Independiente del Valle,1,0,1
1336,11,CONMEBOL Sudamericana,2021,Round of 16,706472,2021-07-15T00:30:00+00:00,366,Estadio Metropolitano Roberto Meléndez,Barranquilla,1135,Junior,3,0,3,1179,Libertad Asuncion,2,2,4
1337,11,CONMEBOL Sudamericana,2021,Round of 16,706473,2021-07-22T00:30:00+00:00,11622,Estadio Defensores del Chaco,Asunción,1179,Libertad Asuncion,0,0,0,1135,Junior,0,1,1
1338,11,CONMEBOL Sudamericana,2021,Round of 16,706474,2021-07-15T22:15:00+00:00,10494,Estádio Urbano Caldeira,"Santos, São Paulo",128,Santos,0,1,1,453,Independiente,0,0,0
1339,11,CONMEBOL Sudamericana,2021,Round of 16,706476,2021-07-16T00:30:00+00:00,1639,Estadio Gran Parque Central,Montevideo,2356,Club Nacional,0,1,1,2348,Penarol,1,1,2
1340,11,CONMEBOL Sudamericana,2021,Round of 16,706478,2021-07-16T00:30:00+00:00,1649,Estadio Polideportivo de Pueblo Nuevo,San Cristóbal,2807,Deportivo Tachira FC,0,2,2,437,Rosario Central,1,1,2
1341,11,CONMEBOL Sudamericana,2021,Round of 16,706475,2021-07-22T22:15:00+00:00,7131,Estadio Libertadores de América,"Avellaneda, Provincia de Buenos Aires",453,Independiente,0,1,1,128,Santos,1,0,1
1342,11,CONMEBOL Sudamericana,2021,Round of 16,706477,2021-07-23T00:30:00+00:00,1640,Estadio Campeón del Siglo,Montevideo,2348,Penarol,0,0,0,2356,Club Nacional,0,1,1
1343,11,CONMEBOL Sudamericana,2021,Round of 16,706479,2021-07-23T00:30:00+00:00,101,Estadio Dr. Lisandro de la Torre,"Rosario, Provincia de Santa Fe",437,Rosario Central,1,0,1,2807,Deportivo Tachira FC,0,0,0
1344,11,CONMEBOL Sudamericana,2021,Quarter-finals,740326,2021-08-12T22:15:00+00:00,471,Estadio Rodrigo Paz Delgado,Quito,1158,LDU de Quito,0,1,1,134,Atletico Paranaense,0,0,0
1345,11,CONMEBOL Sudamericana,2021,Quarter-finals,740327,2021-08-19T22:15:00+00:00,10493,Arena da Baixada,"Curitiba, Paraná",134,Atletico Paranaense,2,2,4,1158,LDU de Quito,2,0,2
1346,11,CONMEBOL Sudamericana,2021,Quarter-finals,741612,2021-08-11T22:15:00+00:00,1228,Estadio Nacional de Lima,Lima,2546,Sporting Cristal,0,1,1,2348,Penarol,2,1,3
1347,11,CONMEBOL Sudamericana,2021,Quarter-finals,741613,2021-08-18T22:15:00+00:00,1640,Estadio Campeón del Siglo,Montevideo,2348,Penarol,1,0,1,2546,Sporting Cristal,0,0,0
1348,11,CONMEBOL Sudamericana,2021,Quarter-finals,741614,2021-08-10T22:15:00+00:00,101,Estadio Dr. Lisandro de la Torre,"Rosario, Provincia de Santa Fe",437,Rosario Central,1,2,3,794,Bragantino,3,1,4
1349,11,CONMEBOL Sudamericana,2021,Quarter-finals,741615,2021-08-17T22:15:00+00:00,220,Estádio Nabi Abi Chedid,"Bragança Paulista, São Paulo",794,Bragantino,0,1,1,437,Rosario Central,0,0,0
1350,11,CONMEBOL Sudamericana,2021,Quarter-finals,741616,2021-08-13T00:30:00+00:00,10494,Estádio Urbano Caldeira,"Santos, São Paulo",128,Santos,1,1,2,1179,Libertad Asuncion,0,1,1
1351,11,CONMEBOL Sudamericana,2021,Quarter-finals,741617,2021-08-20T00:30:00+00:00,11622,Estadio Defensores del Chaco,Asunción,1179,Libertad Asuncion,1,0,1,128,Santos,0,0,0
1352,11,CONMEBOL Sudamericana,2021,Semi-finals,774974,2021-09-24T00:30:00+00:00,1640,Estadio Campeón del Siglo,Montevideo,2348,Penarol,1,0,1,134,Atletico Paranaense,1,1,2
1353,11,CONMEBOL Sudamericana,2021,Semi-finals,774975,2021-10-01T00:30:00+00:00,10493,Arena da Baixada,"Curitiba, Paraná",134,Atletico Paranaense,1,1,2,2348,Penarol,0,0,0
1354,11,CONMEBOL Sudamericana,2021,Semi-finals,774976,2021-09-22T22:15:00+00:00,220,Estádio Nabi Abi Chedid,"Bragança Paulista, São Paulo",794,RB Bragantino,1,1,2,1179,Libertad Asuncion,0,0,0
1355,11,CONMEBOL Sudamericana,2021,Semi-finals,774977,2021-09-29T22:15:00+00:00,11622,Estadio Defensores del Chaco,Asunción,1179,Libertad Asuncion,0,1,1,794,RB Bragantino,1,2,3
1356,11,CONMEBOL Sudamericana,2021,Final,801513,2021-11-20T20:00:00+00:00,1624,Estadio Centenario,Montevideo,134,Atletico Paranaense,1,0,1,794,RB Bragantino,0,0,0
1357,11,CONMEBOL Sudamericana,2022,1st Round,819354,2022-03-08T22:15:00+00:00,2488,Estadio Ramón Aguilera Costas,Santa Cruz de la Sierra,3709,Royal Pari,1,1,2,3707,Oriente Petrolero,1,2,3
1358,11,CONMEBOL Sudamericana,2022,1st Round,819355,2022-03-15T22:15:00+00:00,2488,Estadio Ramón Aguilera Costas,Santa Cruz de la Sierra,3707,Oriente Petrolero,0,3,3,3709,Royal Pari,0,0,0
1359,11,CONMEBOL Sudamericana,2022,1st Round,819356,2022-03-08T22:15:00+00:00,1657,Estadio Olímpico Metropolitano de Mérida,Mérida,2818,Estudiantes de Merida FC,0,0,0,2825,Metropolitanos FC,1,1,2
1360,11,CONMEBOL Sudamericana,2022,1st Round,819357,2022-03-15T22:15:00+00:00,1653,Estadio Olímpico de la UCV,Caracas,2825,Metropolitanos FC,1,3,4,2818,Estudiantes de Merida FC,0,0,0
1361,11,CONMEBOL Sudamericana,2022,1st Round,819358,2022-03-09T00:30:00+00:00,333,Estadio Bicentenario Municipal Nelson Oyarzún,Chillán,2337,Nublense,0,0,0,2326,Union La Calera,0,0,0
1362,11,CONMEBOL Sudamericana,2022,1st Round,819359,2022-03-16T00:30:00+00:00,334,Estadio Sausalito,Viña del Mar,2326,Union La Calera,1,1,2,2337,Nublense,0,1,1
1363,11,CONMEBOL Sudamericana,2022,1st Round,819360,2022-03-09T00:30:00+00:00,1233,Estadio Inca Garcilaso de la Vega,Cusco,2562,Cienciano,0,1,1,2554,FBC Melgar,1,0,1
1364,11,CONMEBOL Sudamericana,2022,1st Round,819362,2022-03-08T22:15:00+00:00,11622,Estadio Defensores del Chaco,Asunción,1177,SOL DE America,0,0,0,1181,General Caballero,1,2,3
1365,11,CONMEBOL Sudamericana,2022,1st Round,819363,2022-03-15T22:15:00+00:00,11622,Estadio Defensores del Chaco,Asunción,1181,General Caballero,1,1,2,1177,SOL DE America,1,0,1
1366,11,CONMEBOL Sudamericana,2022,1st Round,819364,2022-03-09T22:15:00+00:00,1624,Estadio Centenario,Montevideo,2358,Liverpool Montevideo,0,0,0,2351,CA River Plate,1,0,1
1367,11,CONMEBOL Sudamericana,2022,1st Round,819366,2022-03-10T00:30:00+00:00,380,Estadio Atanasio Girardot,Medellín,1128,Independiente Medellin,1,1,2,1138,America de Cali,0,1,1
1368,11,CONMEBOL Sudamericana,2022,1st Round,819368,2022-03-10T00:30:00+00:00,474,Estadio Bellavista de Ambato,Ambato,1162,Mushuc Runa SC,0,0,0,1158,LDU de Quito,0,2,2
1369,11,CONMEBOL Sudamericana,2022,1st Round,819370,2022-03-10T00:30:00+00:00,1239,Estadio Huancayo,Huancayo,2542,Ayacucho FC,1,1,2,2544,Sport Boys,0,0,0
1370,11,CONMEBOL Sudamericana,2022,1st Round,819372,2022-03-10T22:15:00+00:00,342,Estadio Santa Laura-Universidad SEK,Santiago de Chile,2321,Union Espanola,1,0,1,2327,Antofagasta,2,0,2
1371,11,CONMEBOL Sudamericana,2022,1st Round,819374,2022-03-10T22:15:00+00:00,11622,Estadio Defensores del Chaco,Asunción,1175,Nacional Asuncion,0,0,0,2138,Guairena FC,0,1,1
1372,11,CONMEBOL Sudamericana,2022,1st Round,819376,2022-03-10T22:15:00+00:00,1664,Estadio Rafael Agustín Tovar,Barinas,2854,CD Hermanos Colmenarez,1,1,2,2813,Real Esppor Club,0,0,0
1373,11,CONMEBOL Sudamericana,2022,1st Round,819378,2022-03-11T00:30:00+00:00,2438,Estadio Félix Capriles,Cochabamba,3705,Jorge Wilstermann,2,2,4,3704,Guabirá,0,0,0
1374,11,CONMEBOL Sudamericana,2022,1st Round,819380,2022-03-11T00:30:00+00:00,383,Estadio Nemesio Camacho El Campín,"Bogotá, D.C.",1134,La Equidad,0,0,0,1135,Junior,0,0,0
1375,11,CONMEBOL Sudamericana,2022,1st Round,819382,2022-03-11T00:30:00+00:00,467,Estadio Jocay,Manta,1149,Delfin SC,0,1,1,10111,9 de Octubre,1,0,1
1376,11,CONMEBOL Sudamericana,2022,1st Round,819384,2022-03-11T00:30:00+00:00,1638,Parque Alfredo Víctor Viera,Montevideo,2360,Wanderers,0,2,2,2369,Cerro Largo,0,1,1
1377,11,CONMEBOL Sudamericana,2022,1st Round,819361,2022-03-16T00:30:00+00:00,1235,Estadio de la Universidad Nacional San Agustín,Arequipa,2554,FBC Melgar,1,0,1,2562,Cienciano,0,0,0
1378,11,CONMEBOL Sudamericana,2022,1st Round,819365,2022-03-16T22:15:00+00:00,1624,Estadio Centenario,Montevideo,2351,CA River Plate,0,2,2,2358,Liverpool Montevideo,0,0,0
1379,11,CONMEBOL Sudamericana,2022,1st Round,819369,2022-03-17T00:30:00+00:00,471,Estadio Rodrigo Paz Delgado,Quito,1158,LDU de Quito,1,0,1,1162,Mushuc Runa SC,0,1,1
1380,11,CONMEBOL Sudamericana,2022,1st Round,819371,2022-03-17T00:30:00+00:00,1228,Estadio Nacional de Lima,Lima,2544,Sport Boys,2,1,3,2542,Ayacucho FC,0,2,2
1381,11,CONMEBOL Sudamericana,2022,1st Round,819375,2022-03-17T22:15:00+00:00,11622,Estadio Defensores del Chaco,Asunción,2138,Guairena FC,0,0,0,1175,Nacional Asuncion,0,0,0
1382,11,CONMEBOL Sudamericana,2022,1st Round,819377,2022-03-17T22:15:00+00:00,1653,Estadio Olímpico de la UCV,Caracas,2813,Real Esppor Club,2,1,3,2854,CD Hermanos Colmenarez,0,0,0
1383,11,CONMEBOL Sudamericana,2022,1st Round,819379,2022-03-18T00:30:00+00:00,2489,Estadio Gilberto Parada,Montero,3704,Guabirá,1,2,3,3705,Jorge Wilstermann,0,0,0
1384,11,CONMEBOL Sudamericana,2022,1st Round,819381,2022-03-18T00:30:00+00:00,366,Estadio Metropolitano Roberto Meléndez,Barranquilla,1135,Junior,2,1,3,1134,La Equidad,1,0,1
1385,11,CONMEBOL Sudamericana,2022,1st Round,819383,2022-03-18T00:30:00+00:00,1702,Estadio Christian Benítez Betancourt,Guayaquil,10111,9 de Octubre,2,0,2,1149,Delfin SC,0,0,0
1386,11,CONMEBOL Sudamericana,2022,1st Round,819385,2022-03-18T00:30:00+00:00,1624,Estadio Centenario,Montevideo,2369,Cerro Largo,0,0,0,2360,Wanderers,0,1,1
1387,11,CONMEBOL Sudamericana,2022,Group Stage - 1,853847,2022-04-05T22:15:00+00:00,465,Estadio Olímpico Atahualpa,Quito,1157,Universidad Catolica,0,0,0,2326,Union La Calera,0,0,0
1388,11,CONMEBOL Sudamericana,2022,Group Stage - 1,853848,2022-04-05T22:15:00+00:00,43,Estadio Florencio Solá,"Lomas de Zamora, Provincia de Buenos Aires",449,Banfield,1,0,1,128,Santos,0,0,0
1389,11,CONMEBOL Sudamericana,2022,Group Stage - 1,853849,2022-04-05T22:15:00+00:00,225,Estádio Governador Plácido Aderaldo Castelo,"Fortaleza, Ceará",129,Ceara,0,2,2,453,Independiente,1,0,1
1390,11,CONMEBOL Sudamericana,2022,Group Stage - 1,853850,2022-04-06T00:30:00+00:00,334,Estadio Sausalito,Viña del Mar,2325,Everton de Vina,0,1,1,3705,Jorge Wilstermann,1,0,1
1391,11,CONMEBOL Sudamericana,2022,Group Stage - 1,853851,2022-04-06T00:30:00+00:00,211,Estádio Antônio Accioly,"Goiânia, Goiás",144,Atletico Goianiense,0,4,4,1158,LDU de Quito,0,0,0
1392,11,CONMEBOL Sudamericana,2022,Group Stage - 1,853852,2022-04-06T22:15:00+00:00,11622,Estadio Defensores del Chaco,Asunción,1181,General Caballero,1,0,1,2813,Real Esppor Club,0,1,1
1393,11,CONMEBOL Sudamericana,2022,Group Stage - 1,853853,2022-04-06T22:15:00+00:00,,Estadio Jornalista Mário Filho,"Rio de Janeiro, Rio de Janeiro",124,Fluminense,2,1,3,3707,Oriente Petrolero,0,0,0
1394,11,CONMEBOL Sudamericana,2022,Group Stage - 1,853854,2022-04-06T22:15:00+00:00,1933,Estadio 15 de Abril,"Ciudad de Santa Fe, Provincia de Santa Fe",441,Union Santa Fe,1,0,1,1135,Junior,1,0,1
1395,11,CONMEBOL Sudamericana,2022,Group Stage - 1,853855,2022-04-07T00:30:00+00:00,467,Estadio Jocay,Manta,10111,9 de Octubre,0,2,2,119,Internacional,2,0,2
1396,11,CONMEBOL Sudamericana,2022,Group Stage - 1,853856,2022-04-07T00:30:00+00:00,318,Estadio Regional Calvo y Bascuñán,Antofagasta,2327,Antofagasta,0,1,1,442,Defensa Y Justicia,2,1,3
1397,11,CONMEBOL Sudamericana,2022,Group Stage - 1,853857,2022-04-07T22:15:00+00:00,235,Arena Pantanal,"Cuiabá, Mato Grosso",1193,Cuiaba,0,2,2,2554,FBC Melgar,0,0,0
1398,11,CONMEBOL Sudamericana,2022,Group Stage - 1,853858,2022-04-07T22:15:00+00:00,1624,Estadio Centenario,Montevideo,2351,CA River Plate,0,0,0,436,Racing Club,0,1,1
1399,11,CONMEBOL Sudamericana,2022,Group Stage - 1,853859,2022-04-08T00:30:00+00:00,466,Estadio Monumental Banco Pichincha,Guayaquil,1152,Barcelona SC,3,1,4,2360,Wanderers,1,1,2
1400,11,CONMEBOL Sudamericana,2022,Group Stage - 1,853860,2022-04-08T00:30:00+00:00,1653,Estadio Olímpico de la UCV,Caracas,2825,Metropolitanos FC,0,0,0,446,Lanus,0,0,0
1401,11,CONMEBOL Sudamericana,2022,Group Stage - 1,853861,2022-04-08T00:30:00+00:00,1228,Estadio Nacional de Lima,Lima,2542,Ayacucho FC,2,0,2,126,Sao Paulo,2,1,3
1402,11,CONMEBOL Sudamericana,2022,Group Stage - 1,853862,2022-04-08T00:30:00+00:00,11622,Estadio Defensores del Chaco,Asunción,2138,Guairena FC,1,2,3,1128,Independiente Medellin,2,1,3
1403,11,CONMEBOL Sudamericana,2022,Group Stage - 2,853863,2022-04-12T22:15:00+00:00,1653,Estadio Olímpico de la UCV,Caracas,2813,Real Esppor Club,0,0,0,129,Ceara,2,0,2
1404,11,CONMEBOL Sudamericana,2022,Group Stage - 2,853864,2022-04-12T22:15:00+00:00,2488,Estadio Ramón Aguilera Costas,Santa Cruz de la Sierra,3707,Oriente Petrolero,0,1,1,441,Union Santa Fe,1,2,3
1405,11,CONMEBOL Sudamericana,2022,Group Stage - 2,853865,2022-04-13T00:30:00+00:00,59,Estadio Norberto Tito Tomaghello,"Florencio Varela, Provincia de Buenos Aires",442,Defensa Y Justicia,0,0,0,144,Atletico Goianiense,1,0,1
1406,11,CONMEBOL Sudamericana,2022,Group Stage - 2,853866,2022-04-13T00:30:00+00:00,471,Estadio Rodrigo Paz Delgado,Quito,1158,LDU de Quito,0,4,4,2327,Antofagasta,0,0,0
1407,11,CONMEBOL Sudamericana,2022,Group Stage - 2,853867,2022-04-13T00:30:00+00:00,7131,Estadio Libertadores de América,"Avellaneda, Provincia de Buenos Aires",453,Independiente,0,2,2,1181,General Caballero,0,0,0
1408,11,CONMEBOL Sudamericana,2022,Group Stage - 2,853868,2022-04-13T22:15:00+00:00,1235,Estadio de la Universidad Nacional San Agustín,Arequipa,2554,FBC Melgar,1,1,2,2351,CA River Plate,0,0,0
1409,11,CONMEBOL Sudamericana,2022,Group Stage - 2,853869,2022-04-13T22:15:00+00:00,10494,Estádio Urbano Caldeira,"Santos, São Paulo",128,Santos,1,2,3,1157,Universidad Catolica,2,0,2
1410,11,CONMEBOL Sudamericana,2022,Group Stage - 2,853870,2022-04-13T22:15:00+00:00,99,Estadio Presidente Juan Domingo Perón,"Avellaneda, Provincia de Buenos Aires",436,Racing Club,1,1,2,1193,Cuiaba,0,0,0
1411,11,CONMEBOL Sudamericana,2022,Group Stage - 2,853871,2022-04-14T00:30:00+00:00,2438,Estadio Félix Capriles,Cochabamba,3705,Jorge Wilstermann,0,0,0,2542,Ayacucho FC,1,1,2
1412,11,CONMEBOL Sudamericana,2022,Group Stage - 2,853872,2022-04-14T00:30:00+00:00,366,Estadio Metropolitano Roberto Meléndez,Barranquilla,1135,Junior,2,1,3,124,Fluminense,0,0,0
1413,11,CONMEBOL Sudamericana,2022,Group Stage - 2,853873,2022-04-14T22:15:00+00:00,1624,Estadio Centenario,Montevideo,2360,Wanderers,1,0,1,2825,Metropolitanos FC,1,0,1
1414,11,CONMEBOL Sudamericana,2022,Group Stage - 2,853874,2022-04-14T22:15:00+00:00,334,Estadio Sausalito,Viña del Mar,2326,Union La Calera,1,0,1,449,Banfield,0,0,0
1415,11,CONMEBOL Sudamericana,2022,Group Stage - 2,853875,2022-04-14T22:15:00+00:00,,Estádio Cícero Pompeu de Toledo,"São Paulo, São Paulo",126,Sao Paulo,1,1,2,2325,Everton de Vina,0,0,0
1416,11,CONMEBOL Sudamericana,2022,Group Stage - 2,853878,2022-04-15T00:30:00+00:00,244,Estádio José Pinheiro Borda,"Porto Alegre, Rio Grande do Sul",119,Internacional,0,1,1,2138,Guairena FC,1,0,1
1417,11,CONMEBOL Sudamericana,2022,Group Stage - 2,853876,2022-04-15T00:30:00+00:00,88,Estadio Ciudad de Lanús - Néstor Díaz Pérez,"Lanús, Provincia de Buenos Aires",446,Lanus,1,2,3,1152,Barcelona SC,0,1,1
1418,11,CONMEBOL Sudamericana,2022,Group Stage - 2,853877,2022-04-15T00:30:00+00:00,380,Estadio Atanasio Girardot,Medellín,1128,Independiente Medellin,1,1,2,10111,9 de Octubre,1,0,1
1419,11,CONMEBOL Sudamericana,2022,Group Stage - 3,853879,2022-04-26T22:15:00+00:00,1653,Estadio Olímpico de la UCV,Caracas,2813,Real Esppor Club,0,0,0,453,Independiente,0,2,2
1420,11,CONMEBOL Sudamericana,2022,Group Stage - 3,853880,2022-04-26T22:15:00+00:00,1221,Estadio Manuel Ferreira,Asunción,1181,General Caballero,0,0,0,129,Ceara,0,2,2
1421,11,CONMEBOL Sudamericana,2022,Group Stage - 3,853881,2022-04-27T00:30:00+00:00,334,Estadio Sausalito,Viña del Mar,2325,Everton de Vina,0,2,2,2542,Ayacucho FC,0,1,1
1422,11,CONMEBOL Sudamericana,2022,Group Stage - 3,853882,2022-04-27T00:30:00+00:00,378,Estadio Hernán Ramírez Villegas,Pereira,1128,Independiente Medellin,0,0,0,119,Internacional,0,1,1
1423,11,CONMEBOL Sudamericana,2022,Group Stage - 3,853883,2022-04-27T00:30:00+00:00,,Estadio Jornalista Mário Filho,"Rio de Janeiro, Rio de Janeiro",124,Fluminense,0,0,0,441,Union Santa Fe,0,0,0
1424,11,CONMEBOL Sudamericana,2022,Group Stage - 3,853884,2022-04-27T22:15:00+00:00,1235,Estadio de la Universidad Nacional San Agustín,Arequipa,2554,FBC Melgar,1,2,3,436,Racing Club,0,1,1
1425,11,CONMEBOL Sudamericana,2022,Group Stage - 3,853885,2022-04-27T22:15:00+00:00,235,Arena Pantanal,"Cuiabá, Mato Grosso",1193,Cuiaba,0,1,1,2351,CA River Plate,2,0,2
1426,11,CONMEBOL Sudamericana,2022,Group Stage - 3,853886,2022-04-27T22:15:00+00:00,11622,Estadio Defensores del Chaco,Asunción,2138,Guairena FC,0,1,1,10111,9 de Octubre,0,0,0
1427,11,CONMEBOL Sudamericana,2022,Group Stage - 3,853887,2022-04-28T00:30:00+00:00,465,Estadio Olímpico Atahualpa,Quito,1157,Universidad Catolica,0,2,2,449,Banfield,0,0,0
1428,11,CONMEBOL Sudamericana,2022,Group Stage - 3,853888,2022-04-28T00:30:00+00:00,318,Estadio Regional Calvo y Bascuñán,Antofagasta,2327,Antofagasta,0,2,2,144,Atletico Goianiense,1,0,1
1429,11,CONMEBOL Sudamericana,2022,Group Stage - 3,853889,2022-04-28T22:15:00+00:00,2438,Estadio Félix Capriles,Cochabamba,3705,Jorge Wilstermann,1,0,1,126,Sao Paulo,1,2,3
1430,11,CONMEBOL Sudamericana,2022,Group Stage - 3,853890,2022-04-28T22:15:00+00:00,59,Estadio Norberto Tito Tomaghello,"Florencio Varela, Provincia de Buenos Aires",442,Defensa Y Justicia,0,1,1,1158,LDU de Quito,0,2,2
1431,11,CONMEBOL Sudamericana,2022,Group Stage - 3,853891,2022-04-29T00:30:00+00:00,1624,Estadio Centenario,Montevideo,2360,Wanderers,0,0,0,446,Lanus,0,1,1
1432,11,CONMEBOL Sudamericana,2022,Group Stage - 3,853892,2022-04-29T00:30:00+00:00,466,Estadio Monumental Banco Pichincha,Guayaquil,1152,Barcelona SC,1,0,1,2825,Metropolitanos FC,0,0,0
1433,11,CONMEBOL Sudamericana,2022,Group Stage - 3,853893,2022-04-29T00:30:00+00:00,334,Estadio Sausalito,Viña del Mar,2326,Union La Calera,1,0,1,128,Santos,1,0,1
1434,11,CONMEBOL Sudamericana,2022,Group Stage - 3,853894,2022-04-29T00:30:00+00:00,2488,Estadio Ramón Aguilera Costas,Santa Cruz de la Sierra,3707,Oriente Petrolero,0,1,1,1135,Junior,1,2,3
1435,11,CONMEBOL Sudamericana,2022,Group Stage - 4,853895,2022-05-03T22:15:00+00:00,1624,Estadio Centenario,Montevideo,2351,CA River Plate,0,1,1,2554,FBC Melgar,1,1,2
1436,11,CONMEBOL Sudamericana,2022,Group Stage - 4,853896,2022-05-03T22:15:00+00:00,235,Arena Pantanal,"Cuiabá, Mato Grosso",1193,Cuiaba,1,0,1,436,Racing Club,0,2,2
1437,11,CONMEBOL Sudamericana,2022,Group Stage - 4,853897,2022-05-04T00:30:00+00:00,467,Estadio Jocay,Manta,10111,9 de Octubre,1,2,3,1128,Independiente Medellin,1,1,2
1438,11,CONMEBOL Sudamericana,2022,Group Stage - 4,853898,2022-05-04T00:30:00+00:00,225,Estádio Governador Plácido Aderaldo Castelo,"Fortaleza, Ceará",129,Ceara,0,3,3,2813,Real Esppor Club,0,0,0
1439,11,CONMEBOL Sudamericana,2022,Group Stage - 4,853899,2022-05-04T00:30:00+00:00,11622,Estadio Defensores del Chaco,Asunción,1181,General Caballero,0,0,0,453,Independiente,1,3,4
1440,11,CONMEBOL Sudamericana,2022,Group Stage - 4,853900,2022-05-04T22:15:00+00:00,1653,Estadio Olímpico de la UCV,Caracas,2825,Metropolitanos FC,0,0,0,2360,Wanderers,1,0,1
1441,11,CONMEBOL Sudamericana,2022,Group Stage - 4,853901,2022-05-04T22:15:00+00:00,211,Estádio Antônio Accioly,"Goiânia, Goiás",144,Atletico Goianiense,1,2,3,442,Defensa Y Justicia,0,2,2
1442,11,CONMEBOL Sudamericana,2022,Group Stage - 4,853902,2022-05-04T22:15:00+00:00,318,Estadio Regional Calvo y Bascuñán,Antofagasta,2327,Antofagasta,1,0,1,1158,LDU de Quito,0,2,2
1443,11,CONMEBOL Sudamericana,2022,Group Stage - 4,853903,2022-05-05T00:30:00+00:00,466,Estadio Monumental Banco Pichincha,Guayaquil,1152,Barcelona SC,1,0,1,446,Lanus,0,1,1
1444,11,CONMEBOL Sudamericana,2022,Group Stage - 4,853904,2022-05-05T00:30:00+00:00,,Estadio Jornalista Mário Filho,"Rio de Janeiro, Rio de Janeiro",124,Fluminense,1,1,2,1135,Junior,0,1,1
1445,11,CONMEBOL Sudamericana,2022,Group Stage - 4,853905,2022-05-05T22:15:00+00:00,334,Estadio Sausalito,Viña del Mar,2325,Everton de Vina,0,0,0,126,Sao Paulo,0,0,0
1446,11,CONMEBOL Sudamericana,2022,Group Stage - 4,853906,2022-05-05T22:15:00+00:00,11622,Estadio Defensores del Chaco,Asunción,2138,Guairena FC,1,0,1,119,Internacional,0,1,1
1447,11,CONMEBOL Sudamericana,2022,Group Stage - 4,853907,2022-05-05T22:15:00+00:00,1933,Estadio 15 de Abril,"Ciudad de Santa Fe, Provincia de Santa Fe",441,Union Santa Fe,1,1,2,3707,Oriente Petrolero,0,0,0
1448,11,CONMEBOL Sudamericana,2022,Group Stage - 4,853908,2022-05-06T00:30:00+00:00,43,Estadio Florencio Solá,"Lomas de Zamora, Provincia de Buenos Aires",449,Banfield,0,0,0,2326,Union La Calera,0,1,1
1449,11,CONMEBOL Sudamericana,2022,Group Stage - 4,853909,2022-05-06T00:30:00+00:00,465,Estadio Olímpico Atahualpa,Quito,1157,Universidad Catolica,0,0,0,128,Santos,0,1,1
1450,11,CONMEBOL Sudamericana,2022,Group Stage - 4,853910,2022-05-06T00:30:00+00:00,1233,Estadio Inca Garcilaso de la Vega,Cusco,2542,Ayacucho FC,0,0,0,3705,Jorge Wilstermann,0,0,0
1451,11,CONMEBOL Sudamericana,2022,Group Stage - 5,853911,2022-05-17T22:15:00+00:00,43,Estadio Florencio Solá,"Lomas de Zamora, Provincia de Buenos Aires",449,Banfield,0,1,1,1157,Universidad Catolica,0,1,1
1452,11,CONMEBOL Sudamericana,2022,Group Stage - 5,853912,2022-05-17T22:15:00+00:00,244,Estádio José Pinheiro Borda,"Porto Alegre, Rio Grande do Sul",119,Internacional,1,1,2,1128,Independiente Medellin,0,0,0
1453,11,CONMEBOL Sudamericana,2022,Group Stage - 5,853913,2022-05-17T22:15:00+00:00,225,Estádio Governador Plácido Aderaldo Castelo,"Fortaleza, Ceará",129,Ceara,3,3,6,1181,General Caballero,0,0,0
1454,11,CONMEBOL Sudamericana,2022,Group Stage - 5,853914,2022-05-18T00:30:00+00:00,467,Estadio Jocay,Manta,10111,9 de Octubre,1,1,2,2138,Guairena FC,0,3,3
1455,11,CONMEBOL Sudamericana,2022,Group Stage - 5,853915,2022-05-18T00:30:00+00:00,211,Estádio Antônio Accioly,"Goiânia, Goiás",144,Atletico Goianiense,1,0,1,2327,Antofagasta,0,0,0
1456,11,CONMEBOL Sudamericana,2022,Group Stage - 5,853916,2022-05-18T00:30:00+00:00,366,Estadio Metropolitano Roberto Meléndez,Barranquilla,1135,Junior,2,0,2,3707,Oriente Petrolero,0,0,0
1457,11,CONMEBOL Sudamericana,2022,Group Stage - 5,853917,2022-05-19T00:30:00+00:00,99,Estadio Presidente Juan Domingo Perón,"Avellaneda, Provincia de Buenos Aires",436,Racing Club,1,0,1,2554,FBC Melgar,0,0,0
1458,11,CONMEBOL Sudamericana,2022,Group Stage - 5,853918,2022-05-18T22:15:00+00:00,1624,Estadio Centenario,Montevideo,2351,CA River Plate,0,1,1,1193,Cuiaba,1,1,2
1459,11,CONMEBOL Sudamericana,2022,Group Stage - 5,853919,2022-05-19T00:30:00+00:00,10494,Estádio Urbano Caldeira,"Santos, São Paulo",128,Santos,0,1,1,2326,Union La Calera,0,0,0
1460,11,CONMEBOL Sudamericana,2022,Group Stage - 5,853920,2022-05-18T22:15:00+00:00,1233,Estadio Inca Garcilaso de la Vega,Cusco,2542,Ayacucho FC,0,0,0,2325,Everton de Vina,0,2,2
1461,11,CONMEBOL Sudamericana,2022,Group Stage - 5,853921,2022-05-19T00:30:00+00:00,471,Estadio Rodrigo Paz Delgado,Quito,1158,LDU de Quito,1,1,2,442,Defensa Y Justicia,2,0,2
1462,11,CONMEBOL Sudamericana,2022,Group Stage - 5,853922,2022-05-19T22:15:00+00:00,7131,Estadio Libertadores de América,"Avellaneda, Provincia de Buenos Aires",453,Independiente,1,3,4,2813,Real Esppor Club,0,0,0
1463,11,CONMEBOL Sudamericana,2022,Group Stage - 5,853923,2022-05-19T22:15:00+00:00,1933,Estadio 15 de Abril,"Ciudad de Santa Fe, Provincia de Santa Fe",441,Union Santa Fe,0,0,0,124,Fluminense,0,0,0
1464,11,CONMEBOL Sudamericana,2022,Group Stage - 5,853924,2022-05-20T00:30:00+00:00,88,Estadio Ciudad de Lanús - Néstor Díaz Pérez,"Lanús, Provincia de Buenos Aires",446,Lanus,0,1,1,2360,Wanderers,0,2,2
1465,11,CONMEBOL Sudamericana,2022,Group Stage - 5,853925,2022-05-20T00:30:00+00:00,1653,Estadio Olímpico de la UCV,Caracas,2825,Metropolitanos FC,1,1,2,1152,Barcelona SC,1,1,2
1466,11,CONMEBOL Sudamericana,2022,Group Stage - 5,853926,2022-05-20T00:30:00+00:00,,Estádio Cícero Pompeu de Toledo,"São Paulo, São Paulo",126,Sao Paulo,2,1,3,3705,Jorge Wilstermann,0,0,0
1467,11,CONMEBOL Sudamericana,2022,Group Stage - 6,853927,2022-05-24T22:15:00+00:00,10494,Estádio Urbano Caldeira,"Santos, São Paulo",128,Santos,1,0,1,449,Banfield,1,0,1
1468,11,CONMEBOL Sudamericana,2022,Group Stage - 6,853928,2022-05-24T22:15:00+00:00,334,Estadio Sausalito,Viña del Mar,2326,Union La Calera,2,1,3,1157,Universidad Catolica,1,1,2
1469,11,CONMEBOL Sudamericana,2022,Group Stage - 6,853929,2022-05-25T00:30:00+00:00,244,Estádio José Pinheiro Borda,"Porto Alegre, Rio Grande do Sul",119,Internacional,1,4,5,10111,9 de Octubre,1,0,1
1470,11,CONMEBOL Sudamericana,2022,Group Stage - 6,853930,2022-05-25T00:30:00+00:00,378,Estadio Hernán Ramírez Villegas,Pereira,1128,Independiente Medellin,1,0,1,2138,Guairena FC,0,1,1
1471,11,CONMEBOL Sudamericana,2022,Group Stage - 6,853931,2022-05-25T00:30:00+00:00,471,Estadio Rodrigo Paz Delgado,Quito,1158,LDU de Quito,1,0,1,144,Atletico Goianiense,0,1,1
1472,11,CONMEBOL Sudamericana,2022,Group Stage - 6,853932,2022-05-25T00:30:00+00:00,59,Estadio Norberto Tito Tomaghello,"Florencio Varela, Provincia de Buenos Aires",442,Defensa Y Justicia,0,0,0,2327,Antofagasta,1,1,2
1473,11,CONMEBOL Sudamericana,2022,Group Stage - 6,853933,2022-05-25T22:15:00+00:00,88,Estadio Ciudad de Lanús - Néstor Díaz Pérez,"Lanús, Provincia de Buenos Aires",446,Lanus,0,1,1,2825,Metropolitanos FC,0,0,0
1474,11,CONMEBOL Sudamericana,2022,Group Stage - 6,853934,2022-05-25T22:15:00+00:00,1624,Estadio Centenario,Montevideo,2360,Wanderers,0,0,0,1152,Barcelona SC,0,0,0
1475,11,CONMEBOL Sudamericana,2022,Group Stage - 6,853935,2022-05-25T22:15:00+00:00,,Estádio Cícero Pompeu de Toledo,"São Paulo, São Paulo",126,Sao Paulo,0,1,1,2542,Ayacucho FC,0,0,0
1476,11,CONMEBOL Sudamericana,2022,Group Stage - 6,853936,2022-05-25T22:15:00+00:00,2438,Estadio Félix Capriles,Cochabamba,3705,Jorge Wilstermann,0,0,0,2325,Everton de Vina,0,2,2
1477,11,CONMEBOL Sudamericana,2022,Group Stage - 6,853937,2022-05-26T00:30:00+00:00,7131,Estadio Libertadores de América,"Avellaneda, Provincia de Buenos Aires",453,Independiente,0,0,0,129,Ceara,1,1,2
1478,11,CONMEBOL Sudamericana,2022,Group Stage - 6,853938,2022-05-26T00:30:00+00:00,1653,Estadio Olímpico de la UCV,Caracas,2813,Real Esppor Club,0,0,0,1181,General Caballero,1,0,1
1479,11,CONMEBOL Sudamericana,2022,Group Stage - 6,853939,2022-05-26T22:15:00+00:00,99,Estadio Presidente Juan Domingo Perón,"Avellaneda, Provincia de Buenos Aires",436,Racing Club,0,0,0,2351,CA River Plate,0,1,1
1480,11,CONMEBOL Sudamericana,2022,Group Stage - 6,853940,2022-05-26T22:15:00+00:00,1235,Estadio de la Universidad Nacional San Agustín,Arequipa,2554,FBC Melgar,1,2,3,1193,Cuiaba,0,1,1
1481,11,CONMEBOL Sudamericana,2022,Group Stage - 6,853941,2022-05-27T00:30:00+00:00,366,Estadio Metropolitano Roberto Meléndez,Barranquilla,1135,Junior,0,0,0,441,Union Santa Fe,2,2,4
1482,11,CONMEBOL Sudamericana,2022,Group Stage - 6,853942,2022-05-27T00:30:00+00:00,2488,Estadio Ramón Aguilera Costas,Santa Cruz de la Sierra,3707,Oriente Petrolero,1,0,1,124,Fluminense,6,4,10
1483,11,CONMEBOL Sudamericana,2022,Round of 16,863633,2022-06-30T00:30:00+00:00,1649,Estadio Polideportivo de Pueblo Nuevo,San Cristóbal,2807,Deportivo Tachira FC,1,0,1,128,Santos,0,1,1
1484,11,CONMEBOL Sudamericana,2022,Round of 16,863635,2022-06-28T22:15:00+00:00,1639,Estadio Gran Parque Central,Montevideo,2356,Club Nacional,2,0,2,441,Union Santa Fe,0,0,0
1485,11,CONMEBOL Sudamericana,2022,Round of 16,863636,2022-07-05T22:15:00+00:00,1933,Estadio 15 de Abril,"Ciudad de Santa Fe, Provincia de Santa Fe",441,Union Santa Fe,0,1,1,2356,Club Nacional,0,2,2
1486,11,CONMEBOL Sudamericana,2022,Round of 16,863637,2022-07-01T00:30:00+00:00,345,Estadio San Carlos de Apoquindo,Santiago de Chile,2994,U. Catolica,0,2,2,126,Sao Paulo,3,1,4
1487,11,CONMEBOL Sudamericana,2022,Round of 16,863638,2022-07-08T00:30:00+00:00,,Estádio Cícero Pompeu de Toledo,"São Paulo, São Paulo",126,Sao Paulo,2,2,4,2994,U. Catolica,0,1,1
1488,11,CONMEBOL Sudamericana,2022,Round of 16,863639,2022-06-29T00:30:00+00:00,319,Estadio Monumental David Arellano,Santiago de Chile,2315,Colo Colo,1,1,2,119,Internacional,0,0,0
1489,11,CONMEBOL Sudamericana,2022,Round of 16,863640,2022-07-06T00:30:00+00:00,244,Estádio José Pinheiro Borda,"Porto Alegre, Rio Grande do Sul",119,Internacional,2,2,4,2315,Colo Colo,1,0,1
1490,11,CONMEBOL Sudamericana,2022,Round of 16,863641,2022-06-30T00:30:00+00:00,376,Estadio Deportivo Cali,Palmira,1127,Deportivo Cali,0,0,0,2554,FBC Melgar,0,0,0
1491,11,CONMEBOL Sudamericana,2022,Round of 16,863642,2022-07-07T00:30:00+00:00,1235,Estadio de la Universidad Nacional San Agustín,Arequipa,2554,FBC Melgar,0,2,2,1127,Deportivo Cali,0,1,1
1492,11,CONMEBOL Sudamericana,2022,Round of 16,863643,2022-06-29T22:15:00+00:00,198,Estadio Hernando Siles,La Paz,3711,The Strongest,1,0,1,129,Ceara,0,2,2
1493,11,CONMEBOL Sudamericana,2022,Round of 16,863644,2022-07-06T22:15:00+00:00,225,Estádio Governador Plácido Aderaldo Castelo,"Fortaleza, Ceará",129,Ceara,2,1,3,3711,The Strongest,0,0,0
1494,11,CONMEBOL Sudamericana,2022,Round of 16,863645,2022-07-01T00:30:00+00:00,11622,Estadio Defensores del Chaco,Asunción,1182,Olimpia,1,1,2,144,Atletico Goianiense,0,0,0
1495,11,CONMEBOL Sudamericana,2022,Round of 16,863647,2022-06-30T22:15:00+00:00,465,Estadio Olímpico Atahualpa,Quito,1153,Independiente del Valle,1,1,2,446,Lanus,0,1,1
1496,11,CONMEBOL Sudamericana,2022,Round of 16,863648,2022-07-07T22:15:00+00:00,88,Estadio Ciudad de Lanús - Néstor Díaz Pérez,"Lanús, Provincia de Buenos Aires",446,Lanus,0,0,0,1153,Independiente del Valle,0,0,0
1497,11,CONMEBOL Sudamericana,2022,Quarter-finals,885353,2022-08-02T22:15:00+00:00,1639,Estadio Gran Parque Central,Montevideo,2356,Club Nacional,0,0,0,144,Atletico Goianiense,1,0,1
1498,11,CONMEBOL Sudamericana,2022,Quarter-finals,885354,2022-08-09T22:15:00+00:00,,Estádio do Governo do Estado de Goiás,"Goiânia, Goiás",144,Atletico Goianiense,2,1,3,2356,Club Nacional,0,0,0
1499,11,CONMEBOL Sudamericana,2022,Quarter-finals,885355,2022-08-04T22:15:00+00:00,1235,Estadio de la Universidad Nacional San Agustín,Arequipa,2554,FBC Melgar,0,0,0,119,Internacional,0,0,0
1500,11,CONMEBOL Sudamericana,2022,Quarter-finals,885357,2022-08-03T00:30:00+00:00,1649,Estadio Polideportivo de Pueblo Nuevo,San Cristóbal,2807,Deportivo Tachira FC,0,0,0,1153,Independiente del Valle,1,0,1
1501,11,CONMEBOL Sudamericana,2022,Quarter-finals,885358,2022-08-10T00:30:00+00:00,471,Estadio Rodrigo Paz Delgado,Quito,1153,Independiente del Valle,2,2,4,2807,Deportivo Tachira FC,1,0,1
1502,11,CONMEBOL Sudamericana,2022,Quarter-finals,885359,2022-08-03T22:15:00+00:00,,Estádio Cícero Pompeu de Toledo,"São Paulo, São Paulo",126,Sao Paulo,0,1,1,129,Ceara,0,0,0
1503,11,CONMEBOL Sudamericana,2022,Semi-finals,933926,2022-09-01T00:30:00+00:00,471,Estadio Rodrigo Paz Delgado,Quito,1153,Independiente del Valle,1,2,3,2554,FBC Melgar,0,0,0
1504,11,CONMEBOL Sudamericana,2022,Semi-finals,933927,2022-09-08T00:30:00+00:00,1235,Estadio de la Universidad Nacional San Agustín,Arequipa,2554,FBC Melgar,0,0,0,1153,Independiente del Valle,1,2,3
1505,11,CONMEBOL Sudamericana,2022,Semi-finals,933928,2022-09-02T00:30:00+00:00,,Estádio do Governo do Estado de Goiás,"Goiânia, Goiás",144,Atletico Goianiense,1,2,3,126,Sao Paulo,1,0,1
1506,11,CONMEBOL Sudamericana,2022,Final,959553,2022-10-01T20:00:00+00:00,110,Estadio Mario Alberto Kempes,"Ciudad de Córdoba, Provincia de Córdoba",126,Sao Paulo,0,0,0,1153,Independiente del Valle,1,1,2
1507,11,CONMEBOL Sudamericana,2023,1st Round,981696,2023-03-06T22:00:00+00:00,337,Estadio El Teniente,Rancagua,2329,A. Italiano,1,2,3,2994,U. Catolica,2,0,2
1508,11,CONMEBOL Sudamericana,2023,1st Round,981698,2023-03-08T00:00:00+00:00,1633,Estadio Domingo Burgueño Miguel,Maldonado,2351,CA River Plate,0,0,0,2348,Penarol,3,1,4
1509,11,CONMEBOL Sudamericana,2023,1st Round,981699,2023-03-08T00:00:00+00:00,1653,Estadio Olímpico de la UCV,Caracas,2808,Caracas FC,0,0,0,2827,Puerto Cabello,0,1,1
1510,11,CONMEBOL Sudamericana,2023,1st Round,981700,2023-03-08T02:00:00+00:00,471,Estadio Rodrigo Paz Delgado,Quito,1158,LDU de Quito,2,2,4,1149,Delfin SC,0,0,0
1511,11,CONMEBOL Sudamericana,2023,1st Round,981701,2023-03-07T22:00:00+00:00,2488,Estadio Ramón Aguilera Costas,Santa Cruz de la Sierra,3704,Guabirá,0,0,0,3707,Oriente Petrolero,0,1,1
1512,11,CONMEBOL Sudamericana,2023,1st Round,981702,2023-03-07T22:00:00+00:00,1221,Estadio Manuel Ferreira,Asunción,1174,Club Guarani,1,2,3,10487,Sportivo Ameliano,0,1,1
1513,11,CONMEBOL Sudamericana,2023,1st Round,981704,2023-03-09T00:00:00+00:00,380,Estadio Atanasio Girardot,Medellín,1144,Rionegro Aguilas,0,1,1,1139,Santa Fe,1,1,2
1514,11,CONMEBOL Sudamericana,2023,1st Round,981706,2023-03-09T02:00:00+00:00,1228,Estadio Nacional de Lima,Lima,2541,Cesar Vallejo,1,2,3,2550,Deportivo Binacional,1,0,1
1515,11,CONMEBOL Sudamericana,2023,1st Round,981707,2023-03-08T22:00:00+00:00,2488,Estadio Ramón Aguilera Costas,Santa Cruz de la Sierra,3701,Blooming,3,3,6,10011,Atlético Palmaflor,0,0,0
1516,11,CONMEBOL Sudamericana,2023,1st Round,981708,2023-03-08T22:00:00+00:00,337,Estadio El Teniente,Rancagua,2331,Cobresal,0,0,0,2318,Palestino,1,0,1
1517,11,CONMEBOL Sudamericana,2023,1st Round,981709,2023-03-10T00:00:00+00:00,375,Estadio Manuel Murillo Toro,Ibagué,1142,Deportes Tolima,1,0,1,1135,Junior,0,0,0
1518,11,CONMEBOL Sudamericana,2023,1st Round,981710,2023-03-10T00:00:00+00:00,18579,Estadio George Capwell,Guayaquil,1148,Emelec,1,1,2,1154,Deportivo Cuenca,0,1,1
1519,11,CONMEBOL Sudamericana,2023,1st Round,981711,2023-03-10T02:00:00+00:00,1242,Estadio Monumental,Lima,2540,Universitario,1,1,2,2562,Cienciano,0,0,0
1520,11,CONMEBOL Sudamericana,2023,Group Stage - 1,1019384,2023-04-04T22:00:00+00:00,337,Estadio El Teniente,Rancagua,2329,A. Italiano,0,0,0,457,Newells Old Boys,0,1,1
1521,11,CONMEBOL Sudamericana,2023,Group Stage - 1,1019385,2023-04-04T22:00:00+00:00,240,Estádio de Hailé Pinheiro,"Goiânia, Goiás",151,Goias,0,0,0,1139,Santa Fe,0,0,0
1522,11,CONMEBOL Sudamericana,2023,Group Stage - 1,1019386,2023-04-05T00:00:00+00:00,1657,Estadio Olímpico Metropolitano de Mérida,Mérida,2818,Estudiantes de Merida FC,0,0,0,460,San Lorenzo,1,0,1
1523,11,CONMEBOL Sudamericana,2023,Group Stage - 1,1019387,2023-04-05T00:00:00+00:00,1232,Estadio Mansiche,Trujillo,2541,Cesar Vallejo,0,1,1,1158,LDU de Quito,0,2,2
1524,11,CONMEBOL Sudamericana,2023,Group Stage - 1,1019388,2023-04-05T00:30:00+00:00,2488,Estadio Ramón Aguilera Costas,Santa Cruz de la Sierra,3701,Blooming,0,0,0,128,Santos,0,1,1
1525,11,CONMEBOL Sudamericana,2023,Group Stage - 1,1019389,2023-04-05T02:00:00+00:00,383,Estadio Nemesio Camacho El Campín,"Bogotá, D.C.",1125,Millonarios,0,3,3,442,Defensa Y Justicia,0,0,0
1526,11,CONMEBOL Sudamericana,2023,Group Stage - 1,1019391,2023-04-05T22:00:00+00:00,225,Estádio Governador Plácido Aderaldo Castelo,"Fortaleza, Ceará",154,Fortaleza EC,1,3,4,2318,Palestino,0,0,0
1527,11,CONMEBOL Sudamericana,2023,Group Stage - 1,1019390,2023-04-05T22:00:00+00:00,2488,Estadio Ramón Aguilera Costas,Santa Cruz de la Sierra,3707,Oriente Petrolero,0,0,0,450,Estudiantes L.P.,0,1,1
1528,11,CONMEBOL Sudamericana,2023,Group Stage - 1,1019392,2023-04-05T22:00:00+00:00,1624,Estadio Centenario,Montevideo,2352,Danubio,1,1,2,1148,Emelec,0,0,0
1529,11,CONMEBOL Sudamericana,2023,Group Stage - 1,1019393,2023-04-06T00:00:00+00:00,206,Estádio Raimundo Sampaio,"Belo Horizonte, Minas Gerais",125,America Mineiro,2,2,4,2348,Penarol,0,1,1
1530,11,CONMEBOL Sudamericana,2023,Group Stage - 1,1019394,2023-04-06T00:00:00+00:00,77,Estadio Juan Carmelo Zerillo,"La Plata, Provincia de Buenos Aires",434,Gimnasia L.P.,0,0,0,2540,Universitario,0,1,1
1531,11,CONMEBOL Sudamericana,2023,Group Stage - 1,1019395,2023-04-06T22:00:00+00:00,82,Estadio Tomás Adolfo Ducó,"Capital Federal, Ciudad de Buenos Aires",445,Huracan,2,2,4,1174,Club Guarani,1,0,1
1532,11,CONMEBOL Sudamericana,2023,Group Stage - 1,1019396,2023-04-07T00:00:00+00:00,11622,Estadio Defensores del Chaco,Asunción,10491,Tacuary,1,0,1,794,RB Bragantino,1,3,4
1533,11,CONMEBOL Sudamericana,2023,Group Stage - 1,1019397,2023-04-07T00:00:00+00:00,112,Estadio José Dellagiovanna,"San Fernando, Provincia de Buenos Aires",452,Tigre,0,0,0,126,Sao Paulo,0,2,2
1534,11,CONMEBOL Sudamericana,2023,Group Stage - 1,1019398,2023-04-07T00:00:00+00:00,337,Estadio El Teniente,Rancagua,2336,Magallanes,1,1,2,120,Botafogo,1,1,2
1535,11,CONMEBOL Sudamericana,2023,Group Stage - 1,1019399,2023-04-07T00:00:00+00:00,1654,Estadio Polideportivo Misael Delgado,Valencia,2827,Puerto Cabello,0,0,0,1142,Deportes Tolima,1,1,2
1536,11,CONMEBOL Sudamericana,2023,Group Stage - 2,1019400,2023-04-18T22:00:00+00:00,220,Estádio Nabi Abi Chedid,"Bragança Paulista, São Paulo",794,RB Bragantino,3,2,5,3707,Oriente Petrolero,0,0,0
1537,11,CONMEBOL Sudamericana,2023,Group Stage - 2,1019401,2023-04-18T22:00:00+00:00,93,Estadio Marcelo Alberto Bielsa,"Rosario, Provincia de Santa Fe",457,Newells Old Boys,2,1,3,3701,Blooming,0,0,0
1538,11,CONMEBOL Sudamericana,2023,Group Stage - 2,1019402,2023-04-19T00:00:00+00:00,,Estadio Jorge Luis Hirschi,"La Plata, Provincia de Buenos Aires",450,Estudiantes L.P.,0,4,4,10491,Tacuary,0,0,0
1539,11,CONMEBOL Sudamericana,2023,Group Stage - 2,1019403,2023-04-19T00:00:00+00:00,337,Estadio El Teniente,Rancagua,2318,Palestino,0,1,1,2818,Estudiantes de Merida FC,0,0,0
1540,11,CONMEBOL Sudamericana,2023,Group Stage - 2,1019404,2023-04-19T00:30:00+00:00,,Estádio Cícero Pompeu de Toledo,"São Paulo, São Paulo",126,Sao Paulo,0,2,2,2827,Puerto Cabello,0,0,0
1541,11,CONMEBOL Sudamericana,2023,Group Stage - 2,1019405,2023-04-19T02:00:00+00:00,383,Estadio Nemesio Camacho El Campín,"Bogotá, D.C.",1139,Santa Fe,0,2,2,434,Gimnasia L.P.,1,0,1
1542,11,CONMEBOL Sudamericana,2023,Group Stage - 2,1019406,2023-04-19T22:00:00+00:00,1221,Estadio Manuel Ferreira,Asunción,1174,Club Guarani,0,2,2,2352,Danubio,1,0,1
1543,11,CONMEBOL Sudamericana,2023,Group Stage - 2,1019407,2023-04-20T22:00:00+00:00,103,Estadio Pedro Bidegaín,"Capital Federal, Ciudad de Buenos Aires",460,San Lorenzo,0,0,0,154,Fortaleza EC,0,2,2
1544,11,CONMEBOL Sudamericana,2023,Group Stage - 2,1019408,2023-04-20T00:00:00+00:00,59,Estadio Norberto Tito Tomaghello,"Florencio Varela, Provincia de Buenos Aires",442,Defensa Y Justicia,0,2,2,125,America Mineiro,0,1,1
1545,11,CONMEBOL Sudamericana,2023,Group Stage - 2,1019409,2023-04-20T02:00:00+00:00,471,Estadio Rodrigo Paz Delgado,Quito,1158,LDU de Quito,0,4,4,2336,Magallanes,0,0,0
1546,11,CONMEBOL Sudamericana,2023,Group Stage - 2,1019410,2023-04-20T22:00:00+00:00,10494,Estádio Urbano Caldeira,"Santos, São Paulo",128,Santos,0,0,0,2329,A. Italiano,0,0,0
1547,11,CONMEBOL Sudamericana,2023,Group Stage - 2,1019411,2023-04-20T22:00:00+00:00,1640,Estadio Campeón del Siglo,Montevideo,2348,Penarol,0,0,0,1125,Millonarios,0,2,2
1548,11,CONMEBOL Sudamericana,2023,Group Stage - 2,1019412,2023-04-21T00:00:00+00:00,218,Estádio Nilton Santos,Rio de Janeiro,120,Botafogo,2,2,4,2541,Cesar Vallejo,0,0,0
1549,11,CONMEBOL Sudamericana,2023,Group Stage - 2,1019413,2023-04-21T02:00:00+00:00,1242,Estadio Monumental,Lima,2540,Universitario,0,2,2,151,Goias,0,2,2
1550,11,CONMEBOL Sudamericana,2023,Group Stage - 2,1019414,2023-04-21T02:00:00+00:00,18579,Estadio George Capwell,Guayaquil,1148,Emelec,1,0,1,445,Huracan,0,0,0
1551,11,CONMEBOL Sudamericana,2023,Group Stage - 2,1019415,2023-04-21T02:00:00+00:00,375,Estadio Manuel Murillo Toro,Ibagué,1142,Deportes Tolima,0,1,1,452,Tigre,0,2,2
1552,11,CONMEBOL Sudamericana,2023,Group Stage - 3,1019416,2023-05-02T22:00:00+00:00,375,Estadio Manuel Murillo Toro,Ibagué,1142,Deportes Tolima,0,0,0,126,Sao Paulo,0,0,0
1553,11,CONMEBOL Sudamericana,2023,Group Stage - 3,1019417,2023-05-02T22:00:00+00:00,11622,Estadio Defensores del Chaco,Asunción,10491,Tacuary,1,2,3,3707,Oriente Petrolero,1,0,1
1554,11,CONMEBOL Sudamericana,2023,Group Stage - 3,1019418,2023-05-02T22:00:00+00:00,82,Estadio Tomás Adolfo Ducó,"Capital Federal, Ciudad de Buenos Aires",445,Huracan,0,1,1,2352,Danubio,1,0,1
1555,11,CONMEBOL Sudamericana,2023,Group Stage - 3,1019419,2023-05-03T00:00:00+00:00,337,Estadio El Teniente,Rancagua,2336,Magallanes,2,0,2,2541,Cesar Vallejo,1,1,2
1556,11,CONMEBOL Sudamericana,2023,Group Stage - 3,1019420,2023-05-03T00:00:00+00:00,220,Estádio Nabi Abi Chedid,"Bragança Paulista, São Paulo",794,RB Bragantino,0,0,0,450,Estudiantes L.P.,0,0,0
1557,11,CONMEBOL Sudamericana,2023,Group Stage - 3,1019421,2023-05-03T00:30:00+00:00,93,Estadio Marcelo Alberto Bielsa,"Rosario, Provincia de Santa Fe",457,Newells Old Boys,0,1,1,128,Santos,0,0,0
1558,11,CONMEBOL Sudamericana,2023,Group Stage - 3,1019422,2023-05-03T22:00:00+00:00,337,Estadio El Teniente,Rancagua,2318,Palestino,0,0,0,460,San Lorenzo,0,0,0
1559,11,CONMEBOL Sudamericana,2023,Group Stage - 3,1019423,2023-05-04T00:00:00+00:00,1221,Estadio Manuel Ferreira,Asunción,1174,Club Guarani,0,1,1,1148,Emelec,0,1,1
1560,11,CONMEBOL Sudamericana,2023,Group Stage - 3,1019424,2023-05-04T00:00:00+00:00,1654,Estadio Polideportivo Misael Delgado,Valencia,2827,Puerto Cabello,0,0,0,452,Tigre,1,2,3
1561,11,CONMEBOL Sudamericana,2023,Group Stage - 3,1019425,2023-05-04T00:00:00+00:00,383,Estadio Nemesio Camacho El Campín,"Bogotá, D.C.",1125,Millonarios,1,0,1,125,America Mineiro,1,0,1
1562,11,CONMEBOL Sudamericana,2023,Group Stage - 3,1019426,2023-05-04T22:00:00+00:00,77,Estadio Juan Carmelo Zerillo,"La Plata, Provincia de Buenos Aires",434,Gimnasia L.P.,0,0,0,151,Goias,0,2,2
1563,11,CONMEBOL Sudamericana,2023,Group Stage - 3,1019427,2023-05-05T00:00:00+00:00,225,Estádio Governador Plácido Aderaldo Castelo,"Fortaleza, Ceará",154,Fortaleza EC,2,4,6,2818,Estudiantes de Merida FC,1,0,1
1564,11,CONMEBOL Sudamericana,2023,Group Stage - 3,1019428,2023-05-05T00:00:00+00:00,218,Estádio Nilton Santos,Rio de Janeiro,120,Botafogo,0,0,0,1158,LDU de Quito,0,0,0
1565,11,CONMEBOL Sudamericana,2023,Group Stage - 3,1019429,2023-05-05T00:00:00+00:00,59,Estadio Norberto Tito Tomaghello,"Florencio Varela, Provincia de Buenos Aires",442,Defensa Y Justicia,2,2,4,2348,Penarol,0,1,1
1566,11,CONMEBOL Sudamericana,2023,Group Stage - 3,1019430,2023-05-05T00:00:00+00:00,337,Estadio El Teniente,Rancagua,2329,A. Italiano,1,1,2,3701,Blooming,0,0,0
1567,11,CONMEBOL Sudamericana,2023,Group Stage - 3,1019431,2023-05-05T02:00:00+00:00,1242,Estadio Monumental,Lima,2540,Universitario,1,1,2,1139,Santa Fe,0,0,0
1568,11,CONMEBOL Sudamericana,2023,Group Stage - 4,1019432,2023-05-23T22:00:00+00:00,77,Estadio Juan Carmelo Zerillo,"La Plata, Provincia de Buenos Aires",434,Gimnasia L.P.,0,1,1,1139,Santa Fe,0,0,0
1569,11,CONMEBOL Sudamericana,2023,Group Stage - 4,1019433,2023-05-23T22:00:00+00:00,240,Estádio de Hailé Pinheiro,"Goiânia, Goiás",151,Goias,0,1,1,2540,Universitario,0,0,0
1570,11,CONMEBOL Sudamericana,2023,Group Stage - 4,1019434,2023-05-24T00:00:00+00:00,206,Estádio Raimundo Sampaio,"Belo Horizonte, Minas Gerais",125,America Mineiro,2,0,2,442,Defensa Y Justicia,1,2,3
1571,11,CONMEBOL Sudamericana,2023,Group Stage - 4,1019435,2023-05-24T00:00:00+00:00,337,Estadio El Teniente,Rancagua,2336,Magallanes,1,0,1,1158,LDU de Quito,1,0,1
1572,11,CONMEBOL Sudamericana,2023,Group Stage - 4,1019436,2023-05-24T00:30:00+00:00,1654,Estadio Polideportivo Misael Delgado,Valencia,2827,Puerto Cabello,0,0,0,126,Sao Paulo,1,1,2
1573,11,CONMEBOL Sudamericana,2023,Group Stage - 4,1019437,2023-05-24T02:00:00+00:00,383,Estadio Nemesio Camacho El Campín,"Bogotá, D.C.",1125,Millonarios,3,0,3,2348,Penarol,0,1,1
1574,11,CONMEBOL Sudamericana,2023,Group Stage - 4,1019438,2023-05-24T22:00:00+00:00,225,Estádio Governador Plácido Aderaldo Castelo,"Fortaleza, Ceará",154,Fortaleza EC,2,1,3,460,San Lorenzo,1,1,2
1575,11,CONMEBOL Sudamericana,2023,Group Stage - 4,1019439,2023-05-25T00:00:00+00:00,112,Estadio José Dellagiovanna,"San Fernando, Provincia de Buenos Aires",452,Tigre,0,0,0,1142,Deportes Tolima,0,0,0
1576,11,CONMEBOL Sudamericana,2023,Group Stage - 4,1019440,2023-05-25T00:00:00+00:00,337,Estadio El Teniente,Rancagua,2329,A. Italiano,1,1,2,128,Santos,1,0,1
1577,11,CONMEBOL Sudamericana,2023,Group Stage - 4,1019441,2023-05-25T02:00:00+00:00,2488,Estadio Ramón Aguilera Costas,Santa Cruz de la Sierra,3701,Blooming,1,1,2,457,Newells Old Boys,1,2,3
1578,11,CONMEBOL Sudamericana,2023,Group Stage - 4,1019442,2023-05-25T22:00:00+00:00,1624,Estadio Centenario,Montevideo,2352,Danubio,0,0,0,1174,Club Guarani,0,2,2
1579,11,CONMEBOL Sudamericana,2023,Group Stage - 4,1019443,2023-05-25T22:00:00+00:00,11622,Estadio Defensores del Chaco,Asunción,10491,Tacuary,0,0,0,450,Estudiantes L.P.,0,4,4
1580,11,CONMEBOL Sudamericana,2023,Group Stage - 4,1019444,2023-05-26T00:00:00+00:00,82,Estadio Tomás Adolfo Ducó,"Capital Federal, Ciudad de Buenos Aires",445,Huracan,1,1,2,1148,Emelec,1,1,2
1581,11,CONMEBOL Sudamericana,2023,Group Stage - 4,1019445,2023-05-26T00:00:00+00:00,1657,Estadio Olímpico Metropolitano de Mérida,Mérida,2818,Estudiantes de Merida FC,1,0,1,2318,Palestino,2,3,5
1582,11,CONMEBOL Sudamericana,2023,Group Stage - 4,1019446,2023-05-26T00:00:00+00:00,2488,Estadio Ramón Aguilera Costas,Santa Cruz de la Sierra,3707,Oriente Petrolero,0,0,0,794,RB Bragantino,2,2,4
1583,11,CONMEBOL Sudamericana,2023,Group Stage - 4,1019447,2023-05-26T00:00:00+00:00,1232,Estadio Mansiche,Trujillo,2541,Cesar Vallejo,0,2,2,120,Botafogo,3,0,3
1584,11,CONMEBOL Sudamericana,2023,Group Stage - 5,1019448,2023-06-06T22:00:00+00:00,1657,Estadio Olímpico Metropolitano de Mérida,Mérida,2818,Estudiantes de Merida FC,0,1,1,154,Fortaleza EC,0,0,0
1585,11,CONMEBOL Sudamericana,2023,Group Stage - 5,1019449,2023-06-06T22:00:00+00:00,1640,Estadio Campeón del Siglo,Montevideo,2348,Penarol,0,0,0,442,Defensa Y Justicia,1,2,3
1586,11,CONMEBOL Sudamericana,2023,Group Stage - 5,1019450,2023-06-07T00:00:00+00:00,206,Estádio Raimundo Sampaio,"Belo Horizonte, Minas Gerais",125,America Mineiro,1,1,2,1125,Millonarios,0,0,0
1587,11,CONMEBOL Sudamericana,2023,Group Stage - 5,1019451,2023-06-07T00:00:00+00:00,112,Estadio José Dellagiovanna,"San Fernando, Provincia de Buenos Aires",452,Tigre,1,1,2,2827,Puerto Cabello,0,1,1
1588,11,CONMEBOL Sudamericana,2023,Group Stage - 5,1019452,2023-06-07T00:30:00+00:00,10494,Estádio Urbano Caldeira,"Santos, São Paulo",128,Santos,0,1,1,457,Newells Old Boys,1,1,2
1589,11,CONMEBOL Sudamericana,2023,Group Stage - 5,1019453,2023-06-07T02:00:00+00:00,471,Estadio Rodrigo Paz Delgado,Quito,1158,LDU de Quito,0,0,0,120,Botafogo,0,0,0
1590,11,CONMEBOL Sudamericana,2023,Group Stage - 5,1019454,2023-06-08T00:00:00+00:00,2488,Estadio Ramón Aguilera Costas,Santa Cruz de la Sierra,3701,Blooming,1,0,1,2329,A. Italiano,2,0,2
1591,11,CONMEBOL Sudamericana,2023,Group Stage - 5,1019455,2023-06-08T00:00:00+00:00,,Estadio Jorge Luis Hirschi,"La Plata, Provincia de Buenos Aires",450,Estudiantes L.P.,0,1,1,794,RB Bragantino,1,0,1
1592,11,CONMEBOL Sudamericana,2023,Group Stage - 5,1019456,2023-06-08T02:00:00+00:00,18579,Estadio George Capwell,Guayaquil,1148,Emelec,1,0,1,1174,Club Guarani,1,0,1
1593,11,CONMEBOL Sudamericana,2023,Group Stage - 5,1019457,2023-06-08T22:00:00+00:00,2488,Estadio Ramón Aguilera Costas,Santa Cruz de la Sierra,3707,Oriente Petrolero,0,1,1,10491,Tacuary,2,1,3
1594,11,CONMEBOL Sudamericana,2023,Group Stage - 5,1019458,2023-06-08T22:00:00+00:00,240,Estádio de Hailé Pinheiro,"Goiânia, Goiás",151,Goias,0,0,0,434,Gimnasia L.P.,0,0,0
1595,11,CONMEBOL Sudamericana,2023,Group Stage - 5,1019459,2023-06-08T22:00:00+00:00,1624,Estadio Centenario,Montevideo,2352,Danubio,0,1,1,445,Huracan,0,0,0
1596,11,CONMEBOL Sudamericana,2023,Group Stage - 5,1019460,2023-06-08T22:00:00+00:00,,Estádio Cícero Pompeu de Toledo,"São Paulo, São Paulo",126,Sao Paulo,3,2,5,1142,Deportes Tolima,0,0,0
1597,11,CONMEBOL Sudamericana,2023,Group Stage - 5,1019461,2023-06-09T00:00:00+00:00,103,Estadio Pedro Bidegaín,"Capital Federal, Ciudad de Buenos Aires",460,San Lorenzo,0,0,0,2318,Palestino,0,0,0
1598,11,CONMEBOL Sudamericana,2023,Group Stage - 5,1019462,2023-06-09T02:00:00+00:00,383,Estadio Nemesio Camacho El Campín,"Bogotá, D.C.",1139,Santa Fe,1,1,2,2540,Universitario,0,0,0
1599,11,CONMEBOL Sudamericana,2023,Group Stage - 5,1019463,2023-06-09T02:00:00+00:00,1232,Estadio Mansiche,Trujillo,2541,Cesar Vallejo,2,1,3,2336,Magallanes,1,1,2
1600,11,CONMEBOL Sudamericana,2023,Group Stage - 6,1019464,2023-06-27T22:00:00+00:00,103,Estadio Pedro Bidegaín,"Capital Federal, Ciudad de Buenos Aires",460,San Lorenzo,1,3,4,2818,Estudiantes de Merida FC,1,0,1
1601,11,CONMEBOL Sudamericana,2023,Group Stage - 6,1019465,2023-06-27T22:00:00+00:00,337,Estadio El Teniente,Rancagua,2318,Palestino,0,1,1,154,Fortaleza EC,1,1,2
1602,11,CONMEBOL Sudamericana,2023,Group Stage - 6,1019466,2023-06-28T00:30:00+00:00,,Estádio Cícero Pompeu de Toledo,"São Paulo, São Paulo",126,Sao Paulo,0,2,2,452,Tigre,0,0,0
1603,11,CONMEBOL Sudamericana,2023,Group Stage - 6,1019467,2023-06-28T00:30:00+00:00,375,Estadio Manuel Murillo Toro,Ibagué,1142,Deportes Tolima,3,0,3,2827,Puerto Cabello,1,0,1
1604,11,CONMEBOL Sudamericana,2023,Group Stage - 6,1019468,2023-06-28T22:00:00+00:00,,Estadio Jorge Luis Hirschi,"La Plata, Provincia de Buenos Aires",450,Estudiantes L.P.,2,2,4,3707,Oriente Petrolero,0,0,0
1605,11,CONMEBOL Sudamericana,2023,Group Stage - 6,1019469,2023-06-28T22:00:00+00:00,220,Estádio Nabi Abi Chedid,"Bragança Paulista, São Paulo",794,RB Bragantino,4,3,7,10491,Tacuary,1,0,1
1606,11,CONMEBOL Sudamericana,2023,Group Stage - 6,1019470,2023-06-29T00:00:00+00:00,18579,Estadio George Capwell,Guayaquil,1148,Emelec,1,1,2,2352,Danubio,0,1,1
1607,11,CONMEBOL Sudamericana,2023,Group Stage - 6,1019471,2023-06-29T00:00:00+00:00,1221,Estadio Manuel Ferreira,Asunción,1174,Club Guarani,2,0,2,445,Huracan,0,0,0
1608,11,CONMEBOL Sudamericana,2023,Group Stage - 6,1019472,2023-06-29T02:00:00+00:00,383,Estadio Nemesio Camacho El Campín,"Bogotá, D.C.",1139,Santa Fe,0,1,1,151,Goias,1,1,2
1609,11,CONMEBOL Sudamericana,2023,Group Stage - 6,1019473,2023-06-29T02:00:00+00:00,1242,Estadio Monumental,Lima,2540,Universitario,1,0,1,434,Gimnasia L.P.,0,0,0
1610,11,CONMEBOL Sudamericana,2023,Group Stage - 6,1019474,2023-06-29T22:00:00+00:00,10494,Estádio Urbano Caldeira,"Santos, São Paulo",128,Santos,0,0,0,3701,Blooming,0,0,0
1611,11,CONMEBOL Sudamericana,2023,Group Stage - 6,1019475,2023-06-29T22:00:00+00:00,93,Estadio Marcelo Alberto Bielsa,"Rosario, Provincia de Santa Fe",457,Newells Old Boys,0,1,1,2329,A. Italiano,1,0,1
1612,11,CONMEBOL Sudamericana,2023,Group Stage - 6,1019476,2023-06-30T00:00:00+00:00,1624,Estadio Centenario,Montevideo,2348,Penarol,1,0,1,125,America Mineiro,0,2,2
1613,11,CONMEBOL Sudamericana,2023,Group Stage - 6,1019477,2023-06-30T00:00:00+00:00,59,Estadio Norberto Tito Tomaghello,"Florencio Varela, Provincia de Buenos Aires",442,Defensa Y Justicia,2,1,3,1125,Millonarios,1,0,1
1614,11,CONMEBOL Sudamericana,2023,Group Stage - 6,1019478,2023-06-30T00:00:00+00:00,471,Estadio Rodrigo Paz Delgado,Quito,1158,LDU de Quito,1,2,3,2541,Cesar Vallejo,0,0,0
1615,11,CONMEBOL Sudamericana,2023,Group Stage - 6,1019479,2023-06-30T00:00:00+00:00,218,Estádio Nilton Santos,Rio de Janeiro,120,Botafogo,1,0,1,2336,Magallanes,0,1,1
1616,11,CONMEBOL Sudamericana,2023,Round of 32,1046415,2023-07-11T22:00:00+00:00,319,Estadio Monumental David Arellano,Santiago de Chile,2315,Colo Colo,0,2,2,125,America Mineiro,0,1,1
1617,11,CONMEBOL Sudamericana,2023,Round of 32,1046416,2023-07-18T22:00:00+00:00,206,Estádio Raimundo Sampaio,"Belo Horizonte, Minas Gerais",125,America Mineiro,3,2,5,2315,Colo Colo,0,1,1
1618,11,CONMEBOL Sudamericana,2023,Round of 32,1046417,2023-07-12T00:00:00+00:00,466,Estadio Monumental Banco Pichincha,Guayaquil,1152,Barcelona SC,1,1,2,450,Estudiantes L.P.,1,0,1
1619,11,CONMEBOL Sudamericana,2023,Round of 32,1046418,2023-07-19T00:00:00+00:00,,Estadio Jorge Luis Hirschi,"La Plata, Provincia de Buenos Aires",450,Estudiantes L.P.,3,1,4,1152,Barcelona SC,0,0,0
1620,11,CONMEBOL Sudamericana,2023,Round of 32,1046419,2023-07-12T00:30:00+00:00,11531,Neo Química Arena,"São Paulo, São Paulo",131,Corinthians,0,1,1,2540,Universitario,0,0,0
1621,11,CONMEBOL Sudamericana,2023,Round of 32,1046420,2023-07-19T00:30:00+00:00,1242,Estadio Monumental,Lima,2540,Universitario,0,1,1,131,Corinthians,0,2,2
1622,11,CONMEBOL Sudamericana,2023,Round of 32,1046421,2023-07-12T22:00:00+00:00,96,Estadio Presbítero Bartolomé Grella,"Paraná, Provincia de Entre Ríos",444,Patronato,0,0,0,120,Botafogo,0,2,2
1623,11,CONMEBOL Sudamericana,2023,Round of 32,1046423,2023-07-13T00:00:00+00:00,1228,Estadio Nacional de Lima,Lima,2546,Sporting Cristal,0,0,0,1148,Emelec,0,1,1
1624,11,CONMEBOL Sudamericana,2023,Round of 32,1046425,2023-07-13T00:00:00+00:00,380,Estadio Atanasio Girardot,Medellín,1128,Independiente Medellin,0,0,0,460,San Lorenzo,0,1,1
1625,11,CONMEBOL Sudamericana,2023,Round of 32,1046427,2023-07-13T22:00:00+00:00,346,Estadio Municipal Alcaldesa Ester Roa Rebolledo,Concepción,2337,Nublense,0,0,0,2329,A. Italiano,0,0,0
1626,11,CONMEBOL Sudamericana,2023,Round of 32,1046429,2023-07-14T00:00:00+00:00,11622,Estadio Defensores del Chaco,Asunción,1179,Libertad Asuncion,0,2,2,452,Tigre,1,0,1
1627,11,CONMEBOL Sudamericana,2023,Round of 32,1046422,2023-07-19T22:00:00+00:00,218,Estádio Nilton Santos,Rio de Janeiro,120,Botafogo,1,0,1,444,Patronato,0,1,1
1628,11,CONMEBOL Sudamericana,2023,Round of 32,1046424,2023-07-20T00:00:00+00:00,18579,Estadio George Capwell,Guayaquil,1148,Emelec,0,0,0,2546,Sporting Cristal,0,0,0
1629,11,CONMEBOL Sudamericana,2023,Round of 32,1046426,2023-07-20T00:00:00+00:00,103,Estadio Pedro Bidegaín,"Capital Federal, Ciudad de Buenos Aires",460,San Lorenzo,1,1,2,1128,Independiente Medellin,0,0,0
1630,11,CONMEBOL Sudamericana,2023,Round of 32,1046428,2023-07-21T22:00:00+00:00,337,Estadio El Teniente,Rancagua,2329,A. Italiano,0,0,0,2337,Nublense,0,1,1
1631,11,CONMEBOL Sudamericana,2023,Round of 32,1046430,2023-07-21T00:00:00+00:00,112,Estadio José Dellagiovanna,"San Fernando, Provincia de Buenos Aires",452,Tigre,0,0,0,1179,Libertad Asuncion,1,0,1
1632,11,CONMEBOL Sudamericana,2023,Round of 16,1081838,2023-08-02T00:00:00+00:00,18579,Estadio George Capwell,Guayaquil,1148,Emelec,1,0,1,442,Defensa Y Justicia,0,2,2
1633,11,CONMEBOL Sudamericana,2023,Round of 16,1081839,2023-08-09T00:00:00+00:00,12716,Estadio Único Diego Armando Maradona,"La Plata, Provincia de Buenos Aires",442,Defensa Y Justicia,0,1,1,1148,Emelec,0,0,0
1634,11,CONMEBOL Sudamericana,2023,Round of 16,1081840,2023-08-02T22:00:00+00:00,218,Estádio Nilton Santos,Rio de Janeiro,120,Botafogo,0,2,2,1174,Club Guarani,1,0,1
1635,11,CONMEBOL Sudamericana,2023,Round of 16,1081841,2023-08-09T22:00:00+00:00,11622,Estadio Defensores del Chaco,Asunción,1174,Club Guarani,0,0,0,120,Botafogo,0,0,0
1636,11,CONMEBOL Sudamericana,2023,Round of 16,1081842,2023-08-03T22:00:00+00:00,103,Estadio Pedro Bidegaín,"Capital Federal, Ciudad de Buenos Aires",460,San Lorenzo,0,1,1,126,Sao Paulo,0,0,0
1637,11,CONMEBOL Sudamericana,2023,Round of 16,1081843,2023-08-10T22:00:00+00:00,,Estádio Cícero Pompeu de Toledo,"São Paulo, São Paulo",126,Sao Paulo,1,1,2,460,San Lorenzo,0,0,0
1638,11,CONMEBOL Sudamericana,2023,Round of 16,1081844,2023-08-02T22:00:00+00:00,,Estadio Jorge Luis Hirschi,"La Plata, Provincia de Buenos Aires",450,Estudiantes L.P.,0,3,3,151,Goias,0,0,0
1639,11,CONMEBOL Sudamericana,2023,Round of 16,1081845,2023-08-09T22:00:00+00:00,,Estádio do Governo do Estado de Goiás,"Goiânia, Goiás",151,Goias,0,0,0,450,Estudiantes L.P.,1,1,2
1640,11,CONMEBOL Sudamericana,2023,Round of 16,1081846,2023-08-02T00:30:00+00:00,11531,Neo Química Arena,"São Paulo, São Paulo",131,Corinthians,0,2,2,457,Newells Old Boys,1,0,1
1641,11,CONMEBOL Sudamericana,2023,Round of 16,1081847,2023-08-09T00:30:00+00:00,93,Estadio Marcelo Alberto Bielsa,"Rosario, Provincia de Santa Fe",457,Newells Old Boys,0,0,0,131,Corinthians,0,0,0
1642,11,CONMEBOL Sudamericana,2023,Round of 16,1081848,2023-08-04T00:00:00+00:00,206,Estádio Raimundo Sampaio,"Belo Horizonte, Minas Gerais",125,America Mineiro,0,1,1,794,RB Bragantino,1,0,1
1643,11,CONMEBOL Sudamericana,2023,Round of 16,1092492,2023-08-01T22:00:00+00:00,11622,Estadio Defensores del Chaco,Asunción,1179,Libertad Asuncion,0,0,0,154,Fortaleza EC,1,0,1
1644,11,CONMEBOL Sudamericana,2023,Round of 16,1092493,2023-08-08T22:00:00+00:00,225,Estádio Governador Plácido Aderaldo Castelo,"Fortaleza, Ceará",154,Fortaleza EC,0,1,1,1179,Libertad Asuncion,1,0,1
1645,11,CONMEBOL Sudamericana,2023,Round of 16,1092494,2023-08-04T00:00:00+00:00,346,Estadio Municipal Alcaldesa Ester Roa Rebolledo,Concepción,2337,Nublense,0,0,0,1158,LDU de Quito,0,1,1
1646,11,CONMEBOL Sudamericana,2023,Quarter-finals,1115594,2023-08-23T00:30:00+00:00,11531,Neo Química Arena,"São Paulo, São Paulo",131,Corinthians,1,0,1,450,Estudiantes L.P.,0,0,0
1647,11,CONMEBOL Sudamericana,2023,Quarter-finals,1115596,2023-08-23T22:00:00+00:00,218,Estádio Nilton Santos,Rio de Janeiro,120,Botafogo,0,1,1,442,Defensa Y Justicia,0,1,1
1648,11,CONMEBOL Sudamericana,2023,Quarter-finals,1115597,2023-08-30T22:00:00+00:00,43,Estadio Florencio Solá,"Lomas de Zamora, Provincia de Buenos Aires",442,Defensa Y Justicia,1,1,2,120,Botafogo,1,0,1
1649,11,CONMEBOL Sudamericana,2023,Quarter-finals,1115598,2023-08-24T22:00:00+00:00,206,Estádio Raimundo Sampaio,"Belo Horizonte, Minas Gerais",125,America Mineiro,0,1,1,154,Fortaleza EC,3,0,3
1650,11,CONMEBOL Sudamericana,2023,Quarter-finals,1115599,2023-08-31T22:00:00+00:00,225,Estádio Governador Plácido Aderaldo Castelo,"Fortaleza, Ceará",154,Fortaleza EC,1,1,2,125,America Mineiro,0,1,1
1651,11,CONMEBOL Sudamericana,2023,Quarter-finals,1115600,2023-08-24T22:00:00+00:00,471,Estadio Rodrigo Paz Delgado,Quito,1158,LDU de Quito,2,0,2,126,Sao Paulo,0,1,1
1652,11,CONMEBOL Sudamericana,2023,Semi-finals,1125833,2023-09-27T00:30:00+00:00,11531,Neo Química Arena,"São Paulo, São Paulo",131,Corinthians,1,0,1,154,Fortaleza EC,1,0,1
1653,11,CONMEBOL Sudamericana,2023,Semi-finals,1125834,2023-10-04T00:30:00+00:00,225,Estádio Governador Plácido Aderaldo Castelo,"Fortaleza, Ceará",154,Fortaleza EC,0,2,2,131,Corinthians,0,0,0
1654,11,CONMEBOL Sudamericana,2023,Semi-finals,1125835,2023-09-27T22:00:00+00:00,471,Estadio Rodrigo Paz Delgado,Quito,1158,LDU de Quito,2,1,3,442,Defensa Y Justicia,0,0,0
1655,11,CONMEBOL Sudamericana,2023,Semi-finals,1125836,2023-10-04T22:00:00+00:00,88,Estadio Ciudad de Lanús - Néstor Díaz Pérez,"Lanús, Provincia de Buenos Aires",442,Defensa Y Justicia,0,0,0,1158,LDU de Quito,0,0,0
1656,11,CONMEBOL Sudamericana,2024,1st Round,1150509,2024-03-06T22:00:00+00:00,2438,Estadio Félix Capriles,Cochabamba,17762,Universitario de Vinto,0,0,0,3706,Nacional Potosí,1,1,2
1657,11,CONMEBOL Sudamericana,2024,1st Round,1150510,2024-03-06T22:00:00+00:00,337,Estadio El Teniente,Rancagua,2325,Everton de Vina,0,0,0,2326,Union La Calera,0,1,1
1658,11,CONMEBOL Sudamericana,2024,1st Round,1150512,2024-03-05T22:00:00+00:00,346,Estadio Municipal Alcaldesa Ester Roa Rebolledo,Concepción,2994,U. Catolica,0,0,0,2330,Coquimbo Unido,0,2,2
1659,11,CONMEBOL Sudamericana,2024,1st Round,1150513,2024-03-07T02:00:00+00:00,366,Estadio Metropolitano Roberto Meléndez,Barranquilla,1141,Alianza Petrolera,1,1,2,1138,America de Cali,0,1,1
1660,11,CONMEBOL Sudamericana,2024,1st Round,1150514,2024-03-07T00:30:00+00:00,18580,Estadio Banco Guayaquil,Sangolquí,1154,Deportivo Cuenca,0,2,2,1149,Delfin SC,3,2,5
1661,11,CONMEBOL Sudamericana,2024,1st Round,1150515,2024-03-08T02:00:00+00:00,474,Estadio Bellavista de Ambato,Ambato,1151,Tecnico Universitario,0,0,0,1157,Universidad Catolica,2,1,3
1662,11,CONMEBOL Sudamericana,2024,1st Round,1150516,2024-03-07T00:30:00+00:00,11622,Estadio Defensores del Chaco,Asunción,1174,Club Guarani,0,0,0,1183,Sportivo Luqueno,0,1,1
1663,11,CONMEBOL Sudamericana,2024,1st Round,1150517,2024-03-08T00:30:00+00:00,11622,Estadio Defensores del Chaco,Asunción,10487,Sportivo Ameliano,2,0,2,1182,Olimpia,0,0,0
1664,11,CONMEBOL Sudamericana,2024,1st Round,1150519,2024-03-08T00:30:00+00:00,1232,Estadio Mansiche,Trujillo,2541,Cesar Vallejo,0,2,2,2555,Sport Huancayo,0,0,0
1665,11,CONMEBOL Sudamericana,2024,1st Round,1150520,2024-03-07T00:30:00+00:00,1638,Parque Alfredo Víctor Viera,Montevideo,2360,Wanderers,0,0,0,2352,Danubio,0,1,1
1666,11,CONMEBOL Sudamericana,2024,1st Round,1150521,2024-03-07T22:00:00+00:00,1624,Estadio Centenario,Montevideo,2359,Racing Montevideo,1,1,2,2369,Cerro Largo,0,0,0
1667,11,CONMEBOL Sudamericana,2024,Group Stage - 1,1187089,2024-04-03T00:30:00+00:00,,Estadio ueno La Nueva Olla,Asunción,10487,Sportivo Ameliano,1,0,1,134,Atletico Paranaense,3,1,4
1668,11,CONMEBOL Sudamericana,2024,Group Stage - 1,1187090,2024-04-02T22:00:00+00:00,20705,Estadio ueno Defensores del Chaco,Asunción,1175,Nacional Asuncion,0,2,2,458,Argentinos JRS,3,0,3
1669,11,CONMEBOL Sudamericana,2024,Group Stage - 1,1187091,2024-04-02T22:00:00+00:00,110,Estadio Mario Alberto Kempes,"Ciudad de Córdoba, Provincia de Córdoba",440,Belgrano Cordoba,0,0,0,119,Internacional,0,0,0
1670,11,CONMEBOL Sudamericana,2024,Group Stage - 1,1187092,2024-04-03T00:30:00+00:00,1624,Estadio Centenario,Montevideo,2359,Racing Montevideo,0,1,1,131,Corinthians,0,1,1
1671,11,CONMEBOL Sudamericana,2024,Group Stage - 1,1187093,2024-04-03T02:00:00+00:00,1232,Estadio Mansiche,Trujillo,2541,Cesar Vallejo,0,0,0,442,Defensa Y Justicia,0,1,1
1672,11,CONMEBOL Sudamericana,2024,Group Stage - 1,1187094,2024-04-03T22:00:00+00:00,2851,Estadio Nacional Brígido Iriarte,Caracas,16847,Rayo Zuliano,0,0,0,2352,Danubio,0,2,2
1673,11,CONMEBOL Sudamericana,2024,Group Stage - 1,1187095,2024-04-03T22:00:00+00:00,235,Arena Pantanal,"Cuiabá, Mato Grosso",1193,Cuiaba,0,1,1,446,Lanus,0,1,1
1674,11,CONMEBOL Sudamericana,2024,Group Stage - 1,1187097,2024-04-04T00:00:00+00:00,20705,Estadio ueno Defensores del Chaco,Asunción,1187,Sportivo Trinidense,0,0,0,154,Fortaleza EC,1,1,2
1675,11,CONMEBOL Sudamericana,2024,Group Stage - 1,1187098,2024-04-04T00:00:00+00:00,220,Estádio Nabi Abi Chedid,"Bragança Paulista, São Paulo",794,RB Bragantino,1,0,1,2330,Coquimbo Unido,0,0,0
1676,11,CONMEBOL Sudamericana,2024,Group Stage - 1,1187096,2024-04-04T00:00:00+00:00,2490,Estadio Víctor Agustín Ugarte,Potosí,3706,Nacional Potosí,0,0,0,451,Boca Juniors,0,0,0
1677,11,CONMEBOL Sudamericana,2024,Group Stage - 1,1187099,2024-04-04T02:00:00+00:00,388,Estadio Armando Maestre Pavajeau,Valledupar,1141,Alianza Petrolera,0,0,0,2326,Union La Calera,1,0,1
1678,11,CONMEBOL Sudamericana,2024,Group Stage - 1,1187100,2024-04-04T22:00:00+00:00,1233,Estadio Inca Garcilaso de la Vega,Cusco,20960,Deportivo Garcilaso,1,2,3,2825,Metropolitanos FC,2,0,2
1679,11,CONMEBOL Sudamericana,2024,Group Stage - 1,1187101,2024-04-05T00:00:00+00:00,20705,Estadio ueno Defensores del Chaco,Asunción,1183,Sportivo Luqueno,0,0,0,436,Racing Club,2,0,2
1680,11,CONMEBOL Sudamericana,2024,Group Stage - 1,1187102,2024-04-05T00:00:00+00:00,465,Estadio Olímpico Atahualpa,Quito,1157,Universidad Catolica,0,0,0,135,Cruzeiro,0,0,0
1681,11,CONMEBOL Sudamericana,2024,Group Stage - 1,1187103,2024-04-05T02:00:00+00:00,2487,Estadio Municipal El Alto,El Alto,3700,Always Ready,1,1,2,1128,Independiente Medellin,0,0,0
1682,11,CONMEBOL Sudamericana,2024,Group Stage - 1,1187104,2024-04-05T02:00:00+00:00,11130,Estadio IV Centenario,Tarija,15708,Real Tomayapo,0,0,0,1149,Delfin SC,0,2,2
1683,11,CONMEBOL Sudamericana,2024,Group Stage - 2,1187105,2024-04-09T22:00:00+00:00,37,Estadio Diego Armando Maradona,"Capital Federal, Ciudad de Buenos Aires",458,Argentinos JRS,0,0,0,2359,Racing Montevideo,1,2,3
1684,11,CONMEBOL Sudamericana,2024,Group Stage - 2,1187106,2024-04-09T22:00:00+00:00,11531,Neo Química Arena,"São Paulo, São Paulo",131,Corinthians,1,3,4,1175,Nacional Asuncion,0,0,0
1685,11,CONMEBOL Sudamericana,2024,Group Stage - 2,1187107,2024-04-10T00:30:00+00:00,1624,Estadio Centenario,Montevideo,2352,Danubio,0,0,0,10487,Sportivo Ameliano,0,0,0
1686,11,CONMEBOL Sudamericana,2024,Group Stage - 2,1187108,2024-04-10T00:00:00+00:00,46,Estadio Alberto José Armando,Ciudad de Buenos Aires,451,Boca Juniors,0,1,1,1187,Sportivo Trinidense,0,0,0
1687,11,CONMEBOL Sudamericana,2024,Group Stage - 2,1187109,2024-04-10T00:30:00+00:00,,Ligga Arena,"Curitiba, Paraná",134,Atletico Paranaense,4,2,6,16847,Rayo Zuliano,0,0,0
1688,11,CONMEBOL Sudamericana,2024,Group Stage - 2,1187110,2024-04-10T22:00:00+00:00,59,Estadio Norberto Tito Tomaghello,"Florencio Varela, Provincia de Buenos Aires",442,Defensa Y Justicia,1,0,1,3700,Always Ready,0,1,1
1689,11,CONMEBOL Sudamericana,2024,Group Stage - 2,1187111,2024-04-10T22:00:00+00:00,225,Estádio Governador Plácido Aderaldo Castelo,"Fortaleza, Ceará",154,Fortaleza EC,3,2,5,3706,Nacional Potosí,0,0,0
1690,11,CONMEBOL Sudamericana,2024,Group Stage - 2,1187112,2024-04-11T00:00:00+00:00,341,Estadio Elías Figueroa Brander,Valparaíso,2326,Union La Calera,0,0,0,1157,Universidad Catolica,0,1,1
1691,11,CONMEBOL Sudamericana,2024,Group Stage - 2,1187113,2024-04-11T00:00:00+00:00,244,Estádio José Pinheiro Borda,"Porto Alegre, Rio Grande do Sul",119,Internacional,0,0,0,15708,Real Tomayapo,0,0,0
1692,11,CONMEBOL Sudamericana,2024,Group Stage - 2,1187114,2024-04-11T00:30:00+00:00,99,Estadio Presidente Juan Domingo Perón,"Avellaneda, Provincia de Buenos Aires",436,Racing Club,2,1,3,794,RB Bragantino,0,0,0
1693,11,CONMEBOL Sudamericana,2024,Group Stage - 2,1187115,2024-04-11T02:00:00+00:00,380,Estadio Atanasio Girardot,Medellín,1128,Independiente Medellin,2,2,4,2541,Cesar Vallejo,0,2,2
1694,11,CONMEBOL Sudamericana,2024,Group Stage - 2,1187116,2024-04-11T22:00:00+00:00,88,Estadio Ciudad de Lanús - Néstor Díaz Pérez,"Lanús, Provincia de Buenos Aires",446,Lanus,1,1,2,20960,Deportivo Garcilaso,1,0,1
1695,11,CONMEBOL Sudamericana,2024,Group Stage - 2,1187117,2024-04-11T22:00:00+00:00,1653,Estadio Olímpico de la UCV,Caracas,2825,Metropolitanos FC,0,0,0,1193,Cuiaba,2,0,2
1696,11,CONMEBOL Sudamericana,2024,Group Stage - 2,1187118,2024-04-12T00:00:00+00:00,234,Estádio Governador Magalhães Pinto,"Belo Horizonte, Minas Gerais",135,Cruzeiro,3,0,3,1141,Alianza Petrolera,0,3,3
1697,11,CONMEBOL Sudamericana,2024,Group Stage - 2,1187119,2024-04-12T00:00:00+00:00,324,Estadio Bicentenario Francisco Sánchez Rumoroso,Coquimbo,2330,Coquimbo Unido,1,0,1,1183,Sportivo Luqueno,0,0,0
1698,11,CONMEBOL Sudamericana,2024,Group Stage - 2,1187120,2024-04-12T02:00:00+00:00,467,Estadio Jocay,Manta,1149,Delfin SC,0,1,1,440,Belgrano Cordoba,1,0,1
1699,11,CONMEBOL Sudamericana,2024,Group Stage - 3,1187121,2024-04-23T22:00:00+00:00,346,Estadio Municipal Alcaldesa Ester Roa Rebolledo,Concepción,2326,Union La Calera,0,0,0,135,Cruzeiro,0,0,0
1700,11,CONMEBOL Sudamericana,2024,Group Stage - 3,1187122,2024-04-24T00:00:00+00:00,1233,Estadio Inca Garcilaso de la Vega,Cusco,20960,Deportivo Garcilaso,0,1,1,1193,Cuiaba,0,1,1
1701,11,CONMEBOL Sudamericana,2024,Group Stage - 3,1187123,2024-04-24T00:00:00+00:00,20705,Estadio ueno Defensores del Chaco,Asunción,1187,Sportivo Trinidense,1,1,2,3706,Nacional Potosí,0,0,0
1702,11,CONMEBOL Sudamericana,2024,Group Stage - 3,1187124,2024-04-24T00:30:00+00:00,37,Estadio Diego Armando Maradona,"Capital Federal, Ciudad de Buenos Aires",458,Argentinos JRS,1,0,1,131,Corinthians,0,0,0
1703,11,CONMEBOL Sudamericana,2024,Group Stage - 3,1187125,2024-04-24T02:00:00+00:00,388,Estadio Armando Maestre Pavajeau,Valledupar,1141,Alianza Petrolera,1,0,1,1157,Universidad Catolica,0,3,3
1704,11,CONMEBOL Sudamericana,2024,Group Stage - 3,1187126,2024-04-24T22:00:00+00:00,1624,Estadio Centenario,Montevideo,2352,Danubio,0,0,0,134,Atletico Paranaense,1,0,1
1705,11,CONMEBOL Sudamericana,2024,Group Stage - 3,1187127,2024-04-24T22:00:00+00:00,324,Estadio Bicentenario Francisco Sánchez Rumoroso,Coquimbo,2330,Coquimbo Unido,1,0,1,436,Racing Club,2,0,2
1706,11,CONMEBOL Sudamericana,2024,Group Stage - 3,1187128,2024-04-25T00:00:00+00:00,220,Estádio Nabi Abi Chedid,"Bragança Paulista, São Paulo",794,RB Bragantino,1,1,2,1183,Sportivo Luqueno,0,1,1
1707,11,CONMEBOL Sudamericana,2024,Group Stage - 3,1187129,2024-04-25T00:30:00+00:00,2488,Estadio Ramón Aguilera Costas,Santa Cruz de la Sierra,15708,Real Tomayapo,0,0,0,440,Belgrano Cordoba,1,1,2
1708,11,CONMEBOL Sudamericana,2024,Group Stage - 3,1187130,2024-04-25T02:00:00+00:00,2851,Estadio Nacional Brígido Iriarte,Caracas,16847,Rayo Zuliano,0,0,0,10487,Sportivo Ameliano,2,2,4
1709,11,CONMEBOL Sudamericana,2024,Group Stage - 3,1187131,2024-04-25T22:00:00+00:00,20705,Estadio ueno Defensores del Chaco,Asunción,1175,Nacional Asuncion,1,1,2,2359,Racing Montevideo,1,1,2
1710,11,CONMEBOL Sudamericana,2024,Group Stage - 3,1187132,2024-04-25T22:00:00+00:00,1653,Estadio Olímpico de la UCV,Caracas,2825,Metropolitanos FC,0,0,0,446,Lanus,2,0,2
1711,11,CONMEBOL Sudamericana,2024,Group Stage - 3,1187133,2024-04-26T00:00:00+00:00,225,Estádio Governador Plácido Aderaldo Castelo,"Fortaleza, Ceará",154,Fortaleza EC,1,3,4,451,Boca Juniors,1,1,2
1712,11,CONMEBOL Sudamericana,2024,Group Stage - 3,1187134,2024-04-26T00:00:00+00:00,2487,Estadio Municipal El Alto,El Alto,3700,Always Ready,1,1,2,2541,Cesar Vallejo,0,0,0
1713,11,CONMEBOL Sudamericana,2024,Group Stage - 3,1187135,2024-04-26T02:00:00+00:00,380,Estadio Atanasio Girardot,Medellín,1128,Independiente Medellin,2,0,2,442,Defensa Y Justicia,0,1,1
1714,11,CONMEBOL Sudamericana,2024,Group Stage - 3,1187136,2024-04-26T02:00:00+00:00,467,Estadio Jocay,Manta,1149,Delfin SC,0,1,1,119,Internacional,1,1,2
1715,11,CONMEBOL Sudamericana,2024,Group Stage - 4,1187138,2024-05-07T22:00:00+00:00,20705,Estadio ueno Defensores del Chaco,Asunción,1175,Nacional Asuncion,0,0,0,131,Corinthians,0,2,2
1716,11,CONMEBOL Sudamericana,2024,Group Stage - 4,1187137,2024-05-07T22:00:00+00:00,1624,Estadio Centenario,Montevideo,2359,Racing Montevideo,2,0,2,458,Argentinos JRS,1,0,1
1717,11,CONMEBOL Sudamericana,2024,Group Stage - 4,1187139,2024-05-08T00:00:00+00:00,1232,Estadio Mansiche,Trujillo,2541,Cesar Vallejo,1,0,1,1128,Independiente Medellin,2,3,5
1718,11,CONMEBOL Sudamericana,2024,Group Stage - 4,1187141,2024-05-08T00:30:00+00:00,388,Estadio Armando Maestre Pavajeau,Valledupar,1141,Alianza Petrolera,0,0,0,135,Cruzeiro,1,2,3
1719,11,CONMEBOL Sudamericana,2024,Group Stage - 4,1187142,2024-05-08T00:30:00+00:00,19515,Estadio Tigo La Huerta,Asunción,10487,Sportivo Ameliano,2,0,2,2352,Danubio,1,0,1
1720,11,CONMEBOL Sudamericana,2024,Group Stage - 4,1187143,2024-05-08T02:00:00+00:00,2487,Estadio Municipal El Alto,El Alto,3700,Always Ready,1,2,3,442,Defensa Y Justicia,0,0,0
1721,11,CONMEBOL Sudamericana,2024,Group Stage - 4,1187144,2024-05-08T22:00:00+00:00,2851,Estadio Nacional Brígido Iriarte,Caracas,16847,Rayo Zuliano,0,1,1,134,Atletico Paranaense,3,2,5
1722,11,CONMEBOL Sudamericana,2024,Group Stage - 4,1187145,2024-05-08T22:00:00+00:00,20705,Estadio ueno Defensores del Chaco,Asunción,1183,Sportivo Luqueno,0,0,0,2330,Coquimbo Unido,0,0,0
1723,11,CONMEBOL Sudamericana,2024,Group Stage - 4,1187146,2024-05-09T00:00:00+00:00,2490,Estadio Víctor Agustín Ugarte,Potosí,3706,Nacional Potosí,2,2,4,154,Fortaleza EC,1,0,1
1724,11,CONMEBOL Sudamericana,2024,Group Stage - 4,1187147,2024-05-09T00:00:00+00:00,235,Arena Pantanal,"Cuiabá, Mato Grosso",1193,Cuiaba,1,2,3,2825,Metropolitanos FC,0,0,0
1725,11,CONMEBOL Sudamericana,2024,Group Stage - 4,1187148,2024-05-09T00:30:00+00:00,,Estadio ueno La Nueva Olla,Asunción,1187,Sportivo Trinidense,1,0,1,451,Boca Juniors,0,2,2
1726,11,CONMEBOL Sudamericana,2024,Group Stage - 4,1187149,2024-05-09T22:00:00+00:00,110,Estadio Mario Alberto Kempes,"Ciudad de Córdoba, Provincia de Córdoba",440,Belgrano Cordoba,0,1,1,1149,Delfin SC,0,1,1
1727,11,CONMEBOL Sudamericana,2024,Group Stage - 4,1187150,2024-05-10T00:00:00+00:00,220,Estádio Nabi Abi Chedid,"Bragança Paulista, São Paulo",794,RB Bragantino,2,0,2,436,Racing Club,1,0,1
1728,11,CONMEBOL Sudamericana,2024,Group Stage - 4,1187151,2024-05-10T02:00:00+00:00,1233,Estadio Inca Garcilaso de la Vega,Cusco,20960,Deportivo Garcilaso,0,0,0,446,Lanus,1,1,2
1729,11,CONMEBOL Sudamericana,2024,Group Stage - 4,1187152,2024-05-10T02:00:00+00:00,465,Estadio Olímpico Atahualpa,Quito,1157,Universidad Catolica,2,2,4,2326,Union La Calera,0,0,0
1730,11,CONMEBOL Sudamericana,2024,Group Stage - 5,1187153,2024-05-14T22:00:00+00:00,1624,Estadio Centenario,Montevideo,2359,Racing Montevideo,0,2,2,1175,Nacional Asuncion,0,1,1
1731,11,CONMEBOL Sudamericana,2024,Group Stage - 5,1187154,2024-05-15T00:00:00+00:00,59,Estadio Norberto Tito Tomaghello,"Florencio Varela, Provincia de Buenos Aires",442,Defensa Y Justicia,0,1,1,1128,Independiente Medellin,1,0,1
1732,11,CONMEBOL Sudamericana,2024,Group Stage - 5,1187155,2024-05-15T00:00:00+00:00,20705,Estadio ueno Defensores del Chaco,Asunción,10487,Sportivo Ameliano,1,0,1,16847,Rayo Zuliano,0,0,0
1733,11,CONMEBOL Sudamericana,2024,Group Stage - 5,1187156,2024-05-15T00:30:00+00:00,11531,Neo Química Arena,"São Paulo, São Paulo",131,Corinthians,3,1,4,458,Argentinos JRS,0,0,0
1734,11,CONMEBOL Sudamericana,2024,Group Stage - 5,1187157,2024-05-15T02:00:00+00:00,2490,Estadio Víctor Agustín Ugarte,Potosí,3706,Nacional Potosí,0,2,2,1187,Sportivo Trinidense,1,0,1
1735,11,CONMEBOL Sudamericana,2024,Group Stage - 5,1187160,2024-05-15T22:00:00+00:00,,Ligga Arena,"Curitiba, Paraná",134,Atletico Paranaense,0,1,1,2352,Danubio,2,0,2
1736,11,CONMEBOL Sudamericana,2024,Group Stage - 5,1187158,2024-05-15T22:00:00+00:00,88,Estadio Ciudad de Lanús - Néstor Díaz Pérez,"Lanús, Provincia de Buenos Aires",446,Lanus,2,3,5,2825,Metropolitanos FC,0,0,0
1737,11,CONMEBOL Sudamericana,2024,Group Stage - 5,1187159,2024-05-15T22:00:00+00:00,110,Estadio Mario Alberto Kempes,"Ciudad de Córdoba, Provincia de Córdoba",440,Belgrano Cordoba,1,0,1,15708,Real Tomayapo,0,0,0
1738,11,CONMEBOL Sudamericana,2024,Group Stage - 5,1187161,2024-05-16T00:00:00+00:00,235,Arena Pantanal,"Cuiabá, Mato Grosso",1193,Cuiaba,0,1,1,20960,Deportivo Garcilaso,1,0,1
1739,11,CONMEBOL Sudamericana,2024,Group Stage - 5,1187162,2024-05-16T00:00:00+00:00,46,Estadio Alberto José Armando,Ciudad de Buenos Aires,451,Boca Juniors,0,1,1,154,Fortaleza EC,0,1,1
1740,11,CONMEBOL Sudamericana,2024,Group Stage - 5,1187163,2024-05-16T02:00:00+00:00,1232,Estadio Mansiche,Trujillo,2541,Cesar Vallejo,1,1,2,3700,Always Ready,1,1,2
1741,11,CONMEBOL Sudamericana,2024,Group Stage - 5,1187165,2024-05-16T22:00:00+00:00,99,Estadio Presidente Juan Domingo Perón,"Avellaneda, Provincia de Buenos Aires",436,Racing Club,0,3,3,2330,Coquimbo Unido,0,0,0
1742,11,CONMEBOL Sudamericana,2024,Group Stage - 5,1187166,2024-05-17T00:00:00+00:00,20705,Estadio ueno Defensores del Chaco,Asunción,1183,Sportivo Luqueno,2,0,2,794,RB Bragantino,1,2,3
1743,11,CONMEBOL Sudamericana,2024,Group Stage - 5,1187167,2024-05-17T00:00:00+00:00,234,Estádio Governador Magalhães Pinto,"Belo Horizonte, Minas Gerais",135,Cruzeiro,1,0,1,2326,Union La Calera,0,0,0
1744,11,CONMEBOL Sudamericana,2024,Group Stage - 5,1187168,2024-05-17T02:00:00+00:00,465,Estadio Olímpico Atahualpa,Quito,1157,Universidad Catolica,0,0,0,1141,Alianza Petrolera,0,0,0
1745,11,CONMEBOL Sudamericana,2024,Group Stage - 6,1187169,2024-05-28T22:00:00+00:00,37,Estadio Diego Armando Maradona,"Capital Federal, Ciudad de Buenos Aires",458,Argentinos JRS,2,0,2,1175,Nacional Asuncion,1,0,1
1746,11,CONMEBOL Sudamericana,2024,Group Stage - 6,1187170,2024-05-28T22:00:00+00:00,11531,Neo Química Arena,"São Paulo, São Paulo",131,Corinthians,2,1,3,2359,Racing Montevideo,0,0,0
1747,11,CONMEBOL Sudamericana,2024,Group Stage - 6,1187171,2024-05-29T00:30:00+00:00,324,Estadio Bicentenario Francisco Sánchez Rumoroso,Coquimbo,2330,Coquimbo Unido,1,0,1,794,RB Bragantino,0,1,1
1748,11,CONMEBOL Sudamericana,2024,Group Stage - 6,1187172,2024-05-29T00:30:00+00:00,88,Estadio Ciudad de Lanús - Néstor Díaz Pérez,"Lanús, Provincia de Buenos Aires",436,Racing Club,2,1,3,1183,Sportivo Luqueno,0,0,0
1749,11,CONMEBOL Sudamericana,2024,Group Stage - 6,1187173,2024-05-29T00:30:00+00:00,255,Arena Barueri,"Barueri, São Paulo",119,Internacional,1,0,1,440,Belgrano Cordoba,2,0,2
1750,11,CONMEBOL Sudamericana,2024,Group Stage - 6,1187174,2024-05-29T00:30:00+00:00,467,Estadio Jocay,Manta,1149,Delfin SC,2,2,4,15708,Real Tomayapo,3,0,3
1751,11,CONMEBOL Sudamericana,2024,Group Stage - 6,1187175,2024-05-29T22:00:00+00:00,88,Estadio Ciudad de Lanús - Néstor Díaz Pérez,"Lanús, Provincia de Buenos Aires",446,Lanus,0,0,0,1193,Cuiaba,0,1,1
1752,11,CONMEBOL Sudamericana,2024,Group Stage - 6,1187176,2024-05-29T22:00:00+00:00,1653,Estadio Olímpico de la UCV,Caracas,2825,Metropolitanos FC,1,0,1,20960,Deportivo Garcilaso,1,0,1
1753,11,CONMEBOL Sudamericana,2024,Group Stage - 6,1187177,2024-05-30T00:00:00+00:00,59,Estadio Norberto Tito Tomaghello,"Florencio Varela, Provincia de Buenos Aires",442,Defensa Y Justicia,0,0,0,2541,Cesar Vallejo,0,1,1
1754,11,CONMEBOL Sudamericana,2024,Group Stage - 6,1187179,2024-05-30T00:00:00+00:00,46,Estadio Alberto José Armando,Ciudad de Buenos Aires,451,Boca Juniors,3,1,4,3706,Nacional Potosí,0,0,0
1755,11,CONMEBOL Sudamericana,2024,Group Stage - 6,1187180,2024-05-30T00:00:00+00:00,225,Estádio Governador Plácido Aderaldo Castelo,"Fortaleza, Ceará",154,Fortaleza EC,2,0,2,1187,Sportivo Trinidense,0,1,1
1756,11,CONMEBOL Sudamericana,2024,Group Stage - 4,1187140,2024-06-05T00:30:00+00:00,11130,Estadio IV Centenario,Tarija,15708,Real Tomayapo,0,0,0,119,Internacional,1,1,2
1757,11,CONMEBOL Sudamericana,2024,Group Stage - 5,1187164,2024-06-09T00:30:00+00:00,248,Estádio Alfredo Jaconi,"Caxias do Sul, Rio Grande do Sul",119,Internacional,0,1,1,1149,Delfin SC,0,0,0
1758,11,CONMEBOL Sudamericana,2024,Group Stage - 6,1187178,2024-05-30T00:00:00+00:00,380,Estadio Atanasio Girardot,Medellín,1128,Independiente Medellin,0,4,4,3700,Always Ready,0,0,0
1759,11,CONMEBOL Sudamericana,2024,Group Stage - 6,1187181,2024-05-30T22:00:00+00:00,,Ligga Arena,"Curitiba, Paraná",134,Atletico Paranaense,0,0,0,10487,Sportivo Ameliano,0,1,1
1760,11,CONMEBOL Sudamericana,2024,Group Stage - 6,1187182,2024-05-30T22:00:00+00:00,1624,Estadio Centenario,Montevideo,2352,Danubio,0,0,0,16847,Rayo Zuliano,0,0,0
1761,11,CONMEBOL Sudamericana,2024,Group Stage - 6,1187183,2024-05-31T00:00:00+00:00,234,Estádio Governador Magalhães Pinto,"Belo Horizonte, Minas Gerais",135,Cruzeiro,0,1,1,1157,Universidad Catolica,0,0,0
1762,11,CONMEBOL Sudamericana,2024,Group Stage - 6,1187184,2024-05-31T00:00:00+00:00,346,Estadio Municipal Alcaldesa Ester Roa Rebolledo,Concepción,2326,Union La Calera,0,0,0,1141,Alianza Petrolera,0,1,1
1763,11,CONMEBOL Sudamericana,2024,Round of 32,1202641,2024-07-18T00:30:00+00:00,466,Estadio Monumental Banco Pichincha,Guayaquil,1152,Barcelona SC,1,0,1,794,RB Bragantino,1,0,1
1764,11,CONMEBOL Sudamericana,2024,Round of 32,1202642,2024-07-25T00:30:00+00:00,220,Estádio Nabi Abi Chedid,"Bragança Paulista, São Paulo",794,RB Bragantino,1,2,3,1152,Barcelona SC,2,0,2
1765,11,CONMEBOL Sudamericana,2024,Round of 32,1202643,2024-07-19T00:30:00+00:00,,Estadio ueno La Nueva Olla,Asunción,1176,Cerro Porteno,1,0,1,134,Atletico Paranaense,0,1,1
1766,11,CONMEBOL Sudamericana,2024,Round of 32,1202645,2024-07-18T22:00:00+00:00,346,Estadio Municipal Alcaldesa Ester Roa Rebolledo,Concepción,2318,Palestino,1,0,1,1193,Cuiaba,0,1,1
1767,11,CONMEBOL Sudamericana,2024,Round of 32,1202646,2024-07-25T22:00:00+00:00,235,Arena Pantanal,"Cuiabá, Mato Grosso",1193,Cuiaba,0,1,1,2318,Palestino,1,1,2
1768,11,CONMEBOL Sudamericana,2024,Round of 32,1205344,2024-07-17T00:30:00+00:00,19391,Estadio Gigante de Arroyito,"Rosario, Provincia de Santa Fe",437,Rosario Central,0,1,1,119,Internacional,0,0,0
1769,11,CONMEBOL Sudamericana,2024,Round of 32,1205345,2024-07-24T00:30:00+00:00,244,Estádio José Pinheiro Borda,"Porto Alegre, Rio Grande do Sul",119,Internacional,0,1,1,437,Rosario Central,1,0,1
1770,11,CONMEBOL Sudamericana,2024,Round of 32,1205346,2024-07-16T22:00:00+00:00,346,Estadio Municipal Alcaldesa Ester Roa Rebolledo,Concepción,2328,Huachipato,1,1,2,2359,Racing Montevideo,2,1,3
1771,11,CONMEBOL Sudamericana,2024,Round of 32,1205348,2024-07-17T22:00:00+00:00,20705,Estadio ueno Defensores del Chaco,Asunción,1179,Libertad Asuncion,0,2,2,1157,Universidad Catolica,0,0,0
1772,11,CONMEBOL Sudamericana,2024,Round of 32,1205349,2024-07-24T22:00:00+00:00,465,Estadio Olímpico Atahualpa,Quito,1157,Universidad Catolica,1,0,1,1179,Libertad Asuncion,0,1,1
1773,11,CONMEBOL Sudamericana,2024,Round of 32,1205350,2024-07-18T00:30:00+00:00,,Estadio Banco Guayaquil,Quito,1153,Independiente del Valle,0,0,0,451,Boca Juniors,0,0,0
1774,11,CONMEBOL Sudamericana,2024,Round of 32,1205351,2024-07-25T00:30:00+00:00,46,Estadio Alberto José Armando,Ciudad de Buenos Aires,451,Boca Juniors,1,0,1,1153,Independiente del Valle,0,0,0
1775,11,CONMEBOL Sudamericana,2024,Round of 32,1205352,2024-07-19T00:30:00+00:00,471,Estadio Rodrigo Paz Delgado,Quito,1158,LDU de Quito,2,1,3,3700,Always Ready,0,0,0
1776,11,CONMEBOL Sudamericana,2024,Round of 32,1202644,2024-07-26T00:30:00+00:00,,Ligga Arena,"Curitiba, Paraná",134,Atletico Paranaense,1,1,2,1176,Cerro Porteno,0,1,1
1777,11,CONMEBOL Sudamericana,2024,Round of 32,1205353,2024-07-26T00:30:00+00:00,2487,Estadio Municipal El Alto,El Alto,3700,Always Ready,1,2,3,1158,LDU de Quito,0,1,1
1778,11,CONMEBOL Sudamericana,2024,Round of 16,1261152,2024-08-14T00:30:00+00:00,219,Estádio Santa Cruz,"Ribeirão Preto, São Paulo",794,RB Bragantino,0,1,1,131,Corinthians,2,0,2
1779,11,CONMEBOL Sudamericana,2024,Round of 16,1261154,2024-08-16T00:30:00+00:00,46,Estadio Alberto José Armando,Ciudad de Buenos Aires,451,Boca Juniors,0,1,1,135,Cruzeiro,0,0,0
1780,11,CONMEBOL Sudamericana,2024,Round of 16,1261156,2024-08-14T22:00:00+00:00,19391,Estadio Gigante de Arroyito,"Rosario, Provincia de Santa Fe",437,Rosario Central,1,0,1,154,Fortaleza EC,1,0,1
1781,11,CONMEBOL Sudamericana,2024,Round of 16,1261157,2024-08-21T22:00:00+00:00,225,Estádio Governador Plácido Aderaldo Castelo,"Fortaleza, Ceará",154,Fortaleza EC,0,3,3,437,Rosario Central,0,1,1
1782,11,CONMEBOL Sudamericana,2024,Round of 16,1261158,2024-08-13T22:00:00+00:00,334,Estadio Sausalito,Viña del Mar,2328,Huachipato,0,0,0,436,Racing Club,1,1,2
1783,11,CONMEBOL Sudamericana,2024,Round of 16,1261159,2024-08-20T22:00:00+00:00,99,Estadio Presidente Juan Domingo Perón,"Avellaneda, Provincia de Buenos Aires",436,Racing Club,4,2,6,2328,Huachipato,0,1,1
1784,11,CONMEBOL Sudamericana,2024,Round of 16,1261160,2024-08-15T22:00:00+00:00,20705,Estadio ueno Defensores del Chaco,Asunción,1179,Libertad Asuncion,0,1,1,10487,Sportivo Ameliano,1,0,1
1785,11,CONMEBOL Sudamericana,2024,Round of 16,1265728,2024-08-15T22:00:00+00:00,,Ligga Arena,"Curitiba, Paraná",134,Atletico Paranaense,1,1,2,440,Belgrano Cordoba,1,0,1
1786,11,CONMEBOL Sudamericana,2024,Round of 16,1265729,2024-08-22T22:00:00+00:00,110,Estadio Mario Alberto Kempes,"Ciudad de Córdoba, Provincia de Córdoba",440,Belgrano Cordoba,0,0,0,134,Atletico Paranaense,0,2,2
1787,11,CONMEBOL Sudamericana,2024,Round of 16,1265730,2024-08-15T00:30:00+00:00,316,Estadio Nacional Julio Martínez Prádanos,Santiago de Chile,2318,Palestino,0,2,2,1128,Independiente Medellin,1,1,2
1788,11,CONMEBOL Sudamericana,2024,Round of 16,1265731,2024-08-22T00:30:00+00:00,378,Estadio Hernán Ramírez Villegas,Pereira,1128,Independiente Medellin,2,2,4,2318,Palestino,0,0,0
1789,11,CONMEBOL Sudamericana,2024,Round of 16,1265732,2024-08-15T00:30:00+00:00,471,Estadio Rodrigo Paz Delgado,Quito,1158,LDU de Quito,1,0,1,446,Lanus,2,0,2
1790,11,CONMEBOL Sudamericana,2024,Round of 16,1265733,2024-08-22T00:30:00+00:00,88,Estadio Ciudad de Lanús - Néstor Díaz Pérez,"Lanús, Provincia de Buenos Aires",446,Lanus,1,2,3,1158,LDU de Quito,1,0,1
1791,11,CONMEBOL Sudamericana,2024,Quarter-finals,1294586,2024-09-18T00:30:00+00:00,225,Estádio Governador Plácido Aderaldo Castelo,"Fortaleza, Ceará",154,Fortaleza EC,0,0,0,131,Corinthians,1,1,2
1792,11,CONMEBOL Sudamericana,2024,Quarter-finals,1294587,2024-09-25T00:30:00+00:00,11531,Neo Química Arena,"São Paulo, São Paulo",131,Corinthians,0,3,3,154,Fortaleza EC,0,0,0
1793,11,CONMEBOL Sudamericana,2024,Quarter-finals,1294588,2024-09-19T00:30:00+00:00,88,Estadio Ciudad de Lanús - Néstor Díaz Pérez,"Lanús, Provincia de Buenos Aires",446,Lanus,0,0,0,1128,Independiente Medellin,0,0,0
1794,11,CONMEBOL Sudamericana,2024,Quarter-finals,1295060,2024-09-20T00:30:00+00:00,,Ligga Arena,"Curitiba, Paraná",134,Atletico Paranaense,1,0,1,436,Racing Club,0,0,0
1795,11,CONMEBOL Sudamericana,2024,Quarter-finals,1295062,2024-09-20T00:30:00+00:00,20705,Estadio ueno Defensores del Chaco,Asunción,1179,Libertad Asuncion,0,0,0,135,Cruzeiro,2,0,2
1796,11,CONMEBOL Sudamericana,2024,Quarter-finals,1295061,2024-09-27T00:30:00+00:00,99,Estadio Presidente Juan Domingo Perón,"Avellaneda, Provincia de Buenos Aires",436,Racing Club,3,1,4,134,Atletico Paranaense,0,1,1
1797,11,CONMEBOL Sudamericana,2024,Quarter-finals,1295063,2024-09-27T00:30:00+00:00,234,Estádio Governador Magalhães Pinto,"Belo Horizonte, Minas Gerais",135,Cruzeiro,1,0,1,1179,Libertad Asuncion,0,1,1
1798,11,CONMEBOL Sudamericana,2024,Semi-finals,1309265,2024-10-24T22:00:00+00:00,234,Estádio Governador Magalhães Pinto,"Belo Horizonte, Minas Gerais",135,Cruzeiro,0,1,1,446,Lanus,0,1,1
1799,11,CONMEBOL Sudamericana,2024,Semi-finals,1309266,2024-10-25T00:30:00+00:00,11531,Neo Química Arena,"São Paulo, São Paulo",131,Corinthians,2,0,2,436,Racing Club,1,1,2
1800,11,CONMEBOL Sudamericana,2024,Semi-finals,1309267,2024-10-30T22:00:00+00:00,88,Estadio Ciudad de Lanús - Néstor Díaz Pérez,"Lanús, Provincia de Buenos Aires",446,Lanus,0,0,0,135,Cruzeiro,1,0,1
1801,11,CONMEBOL Sudamericana,2024,Semi-finals,1309268,2024-11-01T00:30:00+00:00,99,Estadio Presidente Juan Domingo Perón,"Avellaneda, Provincia de Buenos Aires",436,Racing Club,2,0,2,131,Corinthians,1,0,1
1802,11,CONMEBOL Sudamericana,2024,Final,1314355,2024-11-23T20:00:00+00:00,,Estadio ueno La Nueva Olla,Asunción,436,Racing Club,2,1,3,135,Cruzeiro,0,1,1
1803,11,CONMEBOL Sudamericana,2025,1st Round,1326746,2025-03-06T02:00:00+00:00,475,Estadio Olímpico de Riobamba,Riobamba,1162,Mushuc Runa SC,1,1,2,1992,Orense SC,1,0,1
1804,11,CONMEBOL Sudamericana,2025,1st Round,1326748,2025-03-05T00:30:00+00:00,1220,Estadio Arsenio Erico,Asunción,1183,Sportivo Luqueno,0,2,2,10487,Sportivo Ameliano,0,0,0
1805,11,CONMEBOL Sudamericana,2025,1st Round,1326749,2025-03-06T22:00:00+00:00,1220,Estadio Arsenio Erico,Asunción,1174,Club Guarani,1,1,2,2140,2 de Mayo,0,0,0
1806,11,CONMEBOL Sudamericana,2025,1st Round,1326754,2025-03-05T22:00:00+00:00,1654,Estadio Polideportivo Misael Delgado,Valencia,2827,Puerto Cabello,0,3,3,2825,Metropolitanos FC,0,0,0
1807,11,CONMEBOL Sudamericana,2025,1st Round,1326755,2025-03-07T00:30:00+00:00,1653,Estadio Olímpico de la UCV,Caracas,2813,Real Esppor Club,0,0,0,2808,Caracas FC,1,1,2
1808,11,CONMEBOL Sudamericana,2025,1st Round,1327870,2025-03-05T00:30:00+00:00,2438,Estadio Félix Capriles,Cochabamba,17762,Universitario de Vinto,0,0,0,3706,Nacional Potosí,1,0,1
1809,11,CONMEBOL Sudamericana,2025,1st Round,1327872,2025-03-06T00:30:00+00:00,384,Estadio Palogrande,Manizales,1136,Once Caldas,0,1,1,1125,Millonarios,0,0,0
1810,11,CONMEBOL Sudamericana,2025,1st Round,1333254,2025-03-05T22:00:00+00:00,2438,Estadio Félix Capriles,Cochabamba,3637,Aurora,0,0,0,22266,Gualberto Villarroel SJ,0,1,1
1811,11,CONMEBOL Sudamericana,2025,Group Stage - 1,1362092,2025-04-01T22:00:00+00:00,1624,Estadio Centenario,Montevideo,2361,Boston River,1,2,3,1174,Club Guarani,0,3,3
1812,11,CONMEBOL Sudamericana,2025,Group Stage - 1,1362093,2025-04-01T22:00:00+00:00,,Estadio Víctor Agustín Ugarte de Potosí,Potosí,3706,Nacional Potosí,0,2,2,453,Independiente,0,0,0
1813,11,CONMEBOL Sudamericana,2025,Group Stage - 1,1362094,2025-04-03T00:30:00+00:00,281,Estádio Manoel Barradas,"Salvador, Bahia",136,Vitoria,0,1,1,1157,Universidad Catolica,0,1,1
1814,11,CONMEBOL Sudamericana,2025,Group Stage - 1,1362096,2025-04-02T22:00:00+00:00,11531,Neo Química Arena,"São Paulo, São Paulo",131,Corinthians,1,0,1,445,Huracan,2,0,2
1815,11,CONMEBOL Sudamericana,2025,Group Stage - 1,1362097,2025-04-03T00:30:00+00:00,1624,Estadio Centenario,Montevideo,2359,Racing Montevideo,0,1,1,1138,America de Cali,2,1,3
1816,11,CONMEBOL Sudamericana,2025,Group Stage - 1,1362098,2025-04-03T02:00:00+00:00,1230,Estadio Alejandro Villanueva,Lima,2564,Atletico Grau,0,0,0,439,Godoy Cruz,1,1,2
1817,11,CONMEBOL Sudamericana,2025,Group Stage - 1,1362099,2025-04-03T00:30:00+00:00,20705,Estadio ueno Defensores del Chaco,Asunción,1183,Sportivo Luqueno,1,0,1,130,Gremio,1,1,2
1818,11,CONMEBOL Sudamericana,2025,Group Stage - 1,1362101,2025-04-01T22:00:00+00:00,1933,Estadio 15 de Abril,"Ciudad de Santa Fe, Provincia de Santa Fe",441,Union Santa Fe,0,1,1,135,Cruzeiro,0,0,0
1819,11,CONMEBOL Sudamericana,2025,Group Stage - 1,1362103,2025-04-02T00:30:00+00:00,384,Estadio Palogrande,Manizales,1136,Once Caldas,0,0,0,124,Fluminense,1,0,1
1820,11,CONMEBOL Sudamericana,2025,Group Stage - 1,1362104,2025-04-02T22:00:00+00:00,1235,Estadio de la Universidad Nacional San Agustín,Arequipa,2554,FBC Melgar,1,2,3,133,Vasco DA Gama,2,1,3
1821,11,CONMEBOL Sudamericana,2025,Group Stage - 1,1362106,2025-04-01T22:00:00+00:00,336,Estadio Tierra de Campeones,Iquique,2319,Deportes Iquique,1,0,1,2808,Caracas FC,2,0,2
1822,11,CONMEBOL Sudamericana,2025,Group Stage - 1,1362107,2025-04-02T00:30:00+00:00,1233,Estadio Inca Garcilaso de la Vega,Cusco,2562,Cienciano,0,0,0,1062,Atletico-MG,0,0,0
1823,11,CONMEBOL Sudamericana,2025,Group Stage - 1,1362095,2025-04-04T00:30:00+00:00,1624,Estadio Centenario,Montevideo,2369,Cerro Largo,0,0,0,442,Defensa Y Justicia,0,0,0
1824,11,CONMEBOL Sudamericana,2025,Group Stage - 1,1362100,2025-04-04T02:00:00+00:00,475,Estadio Olímpico de Riobamba,Riobamba,1162,Mushuc Runa SC,1,2,3,2318,Palestino,0,2,2
1825,11,CONMEBOL Sudamericana,2025,Group Stage - 1,1362102,2025-04-03T22:00:00+00:00,198,Estadio Hernando Siles,La Paz,22266,Gualberto Villarroel SJ,0,1,1,2321,Union Espanola,0,1,1
1826,11,CONMEBOL Sudamericana,2025,Group Stage - 1,1362105,2025-04-03T22:00:00+00:00,1654,Estadio Polideportivo Misael Delgado,Valencia,2827,Puerto Cabello,1,1,2,446,Lanus,0,2,2
1827,11,CONMEBOL Sudamericana,2025,Group Stage - 2,1362108,2025-04-11T00:30:00+00:00,20705,Estadio ueno Defensores del Chaco,Asunción,1174,Club Guarani,2,0,2,3706,Nacional Potosí,0,0,0
1828,11,CONMEBOL Sudamericana,2025,Group Stage - 2,1362109,2025-04-08T22:00:00+00:00,7131,Estadio Libertadores de América,"Avellaneda, Provincia de Buenos Aires",453,Independiente,0,2,2,2361,Boston River,0,1,1
1829,11,CONMEBOL Sudamericana,2025,Group Stage - 2,1362110,2025-04-11T02:00:00+00:00,465,Estadio Olímpico Atahualpa,Quito,1157,Universidad Catolica,2,1,3,2369,Cerro Largo,0,1,1
1830,11,CONMEBOL Sudamericana,2025,Group Stage - 2,1362111,2025-04-10T22:00:00+00:00,59,Estadio Norberto Tito Tomaghello,"Florencio Varela, Provincia de Buenos Aires",442,Defensa Y Justicia,0,0,0,136,Vitoria,0,0,0
1831,11,CONMEBOL Sudamericana,2025,Group Stage - 2,1362112,2025-04-09T22:00:00+00:00,82,Estadio Tomás Adolfo Ducó,"Capital Federal, Ciudad de Buenos Aires",445,Huracan,4,1,5,2359,Racing Montevideo,0,0,0
1832,11,CONMEBOL Sudamericana,2025,Group Stage - 2,1362113,2025-04-09T00:30:00+00:00,368,Estadio Olímpico Pascual Guerrero,Santiago de Cali,1138,America de Cali,1,0,1,131,Corinthians,0,1,1
1833,11,CONMEBOL Sudamericana,2025,Group Stage - 2,1362114,2025-04-09T00:30:00+00:00,80,Estadio Malvinas Argentinas,"Mendoza, Provincia de Mendoza",439,Godoy Cruz,1,1,2,1183,Sportivo Luqueno,0,0,0
1834,11,CONMEBOL Sudamericana,2025,Group Stage - 2,1362115,2025-04-08T22:00:00+00:00,241,Arena do Grêmio,"Porto Alegre, Rio Grande do Sul",130,Gremio,1,1,2,2564,Atletico Grau,0,0,0
1835,11,CONMEBOL Sudamericana,2025,Group Stage - 2,1362116,2025-04-09T22:00:00+00:00,316,Estadio Nacional Julio Martínez Prádanos,Santiago de Chile,2318,Palestino,1,1,2,441,Union Santa Fe,0,0,0
1836,11,CONMEBOL Sudamericana,2025,Group Stage - 2,1362117,2025-04-10T00:30:00+00:00,234,Estádio Governador Magalhães Pinto,"Belo Horizonte, Minas Gerais",135,Cruzeiro,0,1,1,1162,Mushuc Runa SC,1,1,2
1837,11,CONMEBOL Sudamericana,2025,Group Stage - 2,1362118,2025-04-10T00:30:00+00:00,334,Estadio Sausalito,Viña del Mar,2321,Union Espanola,0,0,0,1136,Once Caldas,0,2,2
1838,11,CONMEBOL Sudamericana,2025,Group Stage - 2,1362119,2025-04-11T00:30:00+00:00,,Estadio Jornalista Mário Filho,"Rio de Janeiro, Rio de Janeiro",124,Fluminense,2,3,5,22266,Gualberto Villarroel SJ,0,0,0
1839,11,CONMEBOL Sudamericana,2025,Group Stage - 2,1362120,2025-04-09T00:30:00+00:00,19377,Estádio São Januário,"Rio de Janeiro, Rio de Janeiro",133,Vasco DA Gama,1,0,1,2827,Puerto Cabello,0,0,0
1840,11,CONMEBOL Sudamericana,2025,Group Stage - 2,1362121,2025-04-10T00:30:00+00:00,88,Estadio Ciudad de Lanús - Néstor Díaz Pérez,"Lanús, Provincia de Buenos Aires",446,Lanus,1,2,3,2554,FBC Melgar,0,0,0
1841,11,CONMEBOL Sudamericana,2025,Group Stage - 2,1362122,2025-04-08T22:00:00+00:00,1653,Estadio Olímpico de la UCV,Caracas,2808,Caracas FC,1,1,2,2562,Cienciano,1,1,2
1842,11,CONMEBOL Sudamericana,2025,Group Stage - 2,1362123,2025-04-11T00:30:00+00:00,234,Estádio Governador Magalhães Pinto,"Belo Horizonte, Minas Gerais",1062,Atletico-MG,3,1,4,2319,Deportes Iquique,0,0,0
1843,11,CONMEBOL Sudamericana,2025,Group Stage - 3,1362124,2025-04-22T22:00:00+00:00,20705,Estadio ueno Defensores del Chaco,Asunción,1174,Club Guarani,1,1,2,453,Independiente,0,1,1
1844,11,CONMEBOL Sudamericana,2025,Group Stage - 3,1362125,2025-04-22T22:00:00+00:00,1624,Estadio Centenario,Montevideo,2361,Boston River,0,2,2,3706,Nacional Potosí,1,0,1
1845,11,CONMEBOL Sudamericana,2025,Group Stage - 3,1362126,2025-04-25T02:00:00+00:00,465,Estadio Olímpico Atahualpa,Quito,1157,Universidad Catolica,1,2,3,442,Defensa Y Justicia,1,0,1
1846,11,CONMEBOL Sudamericana,2025,Group Stage - 3,1362127,2025-04-24T00:30:00+00:00,281,Estádio Manoel Barradas,"Salvador, Bahia",136,Vitoria,0,0,0,2369,Cerro Largo,0,1,1
1847,11,CONMEBOL Sudamericana,2025,Group Stage - 3,1362128,2025-04-23T22:00:00+00:00,82,Estadio Tomás Adolfo Ducó,"Capital Federal, Ciudad de Buenos Aires",445,Huracan,0,0,0,1138,America de Cali,0,0,0
1848,11,CONMEBOL Sudamericana,2025,Group Stage - 3,1362129,2025-04-24T22:00:00+00:00,11531,Neo Química Arena,"São Paulo, São Paulo",131,Corinthians,0,1,1,2359,Racing Montevideo,0,0,0
1849,11,CONMEBOL Sudamericana,2025,Group Stage - 3,1362130,2025-04-24T22:00:00+00:00,80,Estadio Malvinas Argentinas,"Mendoza, Provincia de Mendoza",439,Godoy Cruz,0,2,2,130,Gremio,1,1,2
1850,11,CONMEBOL Sudamericana,2025,Group Stage - 3,1362131,2025-04-24T02:00:00+00:00,1242,Estadio Monumental,Lima,2564,Atletico Grau,1,1,2,1183,Sportivo Luqueno,2,0,2
1851,11,CONMEBOL Sudamericana,2025,Group Stage - 3,1362132,2025-04-25T00:30:00+00:00,324,Estadio Bicentenario Francisco Sánchez Rumoroso,Coquimbo,2318,Palestino,1,1,2,135,Cruzeiro,0,1,1
1852,11,CONMEBOL Sudamericana,2025,Group Stage - 3,1362133,2025-04-24T02:00:00+00:00,,Estadio Banco Guayaquil,Quito,1162,Mushuc Runa SC,1,2,3,441,Union Santa Fe,0,0,0
1853,11,CONMEBOL Sudamericana,2025,Group Stage - 3,1362134,2025-04-23T22:00:00+00:00,317,Estadio Bicentenario Municipal de La Florida,Santiago de Chile,2321,Union Espanola,0,1,1,124,Fluminense,0,1,1
1854,11,CONMEBOL Sudamericana,2025,Group Stage - 3,1362135,2025-04-23T00:30:00+00:00,198,Estadio Hernando Siles,La Paz,22266,Gualberto Villarroel SJ,0,2,2,1136,Once Caldas,1,2,3
1855,11,CONMEBOL Sudamericana,2025,Group Stage - 3,1362136,2025-04-23T00:30:00+00:00,19377,Estádio São Januário,"Rio de Janeiro, Rio de Janeiro",133,Vasco DA Gama,0,0,0,446,Lanus,0,0,0
1856,11,CONMEBOL Sudamericana,2025,Group Stage - 3,1362137,2025-04-23T02:00:00+00:00,1235,Estadio de la Universidad Nacional San Agustín,Arequipa,2554,FBC Melgar,1,0,1,2827,Puerto Cabello,0,0,0
1857,11,CONMEBOL Sudamericana,2025,Group Stage - 3,1362138,2025-04-24T00:30:00+00:00,1653,Estadio Olímpico de la UCV,Caracas,2808,Caracas FC,0,1,1,1062,Atletico-MG,1,0,1
1858,11,CONMEBOL Sudamericana,2025,Group Stage - 3,1362139,2025-04-25T00:30:00+00:00,336,Estadio Tierra de Campeones,Iquique,2319,Deportes Iquique,1,1,2,2562,Cienciano,1,1,2
1859,11,CONMEBOL Sudamericana,2025,Group Stage - 4,1362140,2025-05-06T22:00:00+00:00,,Estadio Víctor Agustín Ugarte de Potosí,Potosí,3706,Nacional Potosí,1,1,2,1174,Club Guarani,0,2,2
1860,11,CONMEBOL Sudamericana,2025,Group Stage - 4,1362143,2025-05-06T22:00:00+00:00,281,Estádio Manoel Barradas,"Salvador, Bahia",136,Vitoria,1,0,1,442,Defensa Y Justicia,0,1,1
1861,11,CONMEBOL Sudamericana,2025,Group Stage - 4,1362145,2025-05-07T00:30:00+00:00,11531,Neo Química Arena,"São Paulo, São Paulo",131,Corinthians,1,0,1,1138,America de Cali,0,1,1
1862,11,CONMEBOL Sudamericana,2025,Group Stage - 4,1362146,2025-05-06T22:00:00+00:00,19515,Estadio Tigo La Huerta,Asunción,1183,Sportivo Luqueno,0,0,0,439,Godoy Cruz,0,1,1
1863,11,CONMEBOL Sudamericana,2025,Group Stage - 4,1362141,2025-05-07T00:30:00+00:00,1624,Estadio Centenario,Montevideo,2361,Boston River,1,0,1,453,Independiente,2,3,5
1864,11,CONMEBOL Sudamericana,2025,Group Stage - 4,1362142,2025-05-07T22:00:00+00:00,1624,Estadio Centenario,Montevideo,2369,Cerro Largo,0,1,1,1157,Universidad Catolica,2,1,3
1865,11,CONMEBOL Sudamericana,2025,Group Stage - 4,1362144,2025-05-08T22:00:00+00:00,1624,Estadio Centenario,Montevideo,2359,Racing Montevideo,1,0,1,445,Huracan,1,2,3
1866,11,CONMEBOL Sudamericana,2025,Group Stage - 4,1362147,2025-05-08T00:30:00+00:00,1230,Estadio Alejandro Villanueva,Lima,2564,Atletico Grau,0,0,0,130,Gremio,0,0,0
1867,11,CONMEBOL Sudamericana,2025,Group Stage - 4,1362148,2025-05-07T22:00:00+00:00,1933,Estadio 15 de Abril,"Ciudad de Santa Fe, Provincia de Santa Fe",441,Union Santa Fe,0,1,1,2318,Palestino,0,2,2
1868,11,CONMEBOL Sudamericana,2025,Group Stage - 4,1362149,2025-05-08T00:30:00+00:00,475,Estadio Olímpico de Riobamba,Riobamba,1162,Mushuc Runa SC,0,1,1,135,Cruzeiro,0,1,1
1869,11,CONMEBOL Sudamericana,2025,Group Stage - 4,1362150,2025-05-08T02:00:00+00:00,384,Estadio Palogrande,Manizales,1136,Once Caldas,1,0,1,2321,Union Espanola,0,0,0
1870,11,CONMEBOL Sudamericana,2025,Group Stage - 4,1362151,2025-05-09T00:30:00+00:00,198,Estadio Hernando Siles,La Paz,22266,Gualberto Villarroel SJ,0,1,1,124,Fluminense,0,0,0
1871,11,CONMEBOL Sudamericana,2025,Group Stage - 4,1362152,2025-05-07T22:00:00+00:00,1654,Estadio Polideportivo Misael Delgado,Valencia,2827,Puerto Cabello,1,3,4,133,Vasco DA Gama,1,0,1
1872,11,CONMEBOL Sudamericana,2025,Group Stage - 4,1362153,2025-05-07T02:00:00+00:00,1235,Estadio de la Universidad Nacional San Agustín,Arequipa,2554,FBC Melgar,0,0,0,446,Lanus,0,1,1
1873,11,CONMEBOL Sudamericana,2025,Group Stage - 4,1362154,2025-05-09T02:00:00+00:00,1233,Estadio Inca Garcilaso de la Vega,Cusco,2562,Cienciano,1,2,3,2808,Caracas FC,1,0,1
1874,11,CONMEBOL Sudamericana,2025,Group Stage - 4,1362155,2025-05-08T22:00:00+00:00,336,Estadio Tierra de Campeones,Iquique,2319,Deportes Iquique,1,2,3,1062,Atletico-MG,1,1,2
1875,11,CONMEBOL Sudamericana,2025,Group Stage - 5,1362157,2025-05-13T22:00:00+00:00,,Estadio Víctor Agustín Ugarte de Potosí,Potosí,3706,Nacional Potosí,0,3,3,2361,Boston River,0,0,0
1876,11,CONMEBOL Sudamericana,2025,Group Stage - 5,1362158,2025-05-14T22:00:00+00:00,59,Estadio Norberto Tito Tomaghello,"Florencio Varela, Provincia de Buenos Aires",442,Defensa Y Justicia,1,0,1,1157,Universidad Catolica,0,1,1
1877,11,CONMEBOL Sudamericana,2025,Group Stage - 5,1362162,2025-05-13T22:00:00+00:00,241,Arena do Grêmio,"Porto Alegre, Rio Grande do Sul",130,Gremio,1,0,1,439,Godoy Cruz,1,0,1
1878,11,CONMEBOL Sudamericana,2025,Group Stage - 5,1362163,2025-05-14T22:00:00+00:00,20705,Estadio ueno Defensores del Chaco,Asunción,1183,Sportivo Luqueno,1,0,1,2564,Atletico Grau,1,0,1
1879,11,CONMEBOL Sudamericana,2025,Group Stage - 5,1362165,2025-05-14T00:30:00+00:00,1933,Estadio 15 de Abril,"Ciudad de Santa Fe, Provincia de Santa Fe",441,Union Santa Fe,0,0,0,1162,Mushuc Runa SC,1,0,1
1880,11,CONMEBOL Sudamericana,2025,Group Stage - 5,1362166,2025-05-14T22:00:00+00:00,,Estadio Jornalista Mário Filho,"Rio de Janeiro, Rio de Janeiro",124,Fluminense,0,2,2,2321,Union Espanola,0,0,0
1881,11,CONMEBOL Sudamericana,2025,Group Stage - 5,1362168,2025-05-14T00:30:00+00:00,88,Estadio Ciudad de Lanús - Néstor Díaz Pérez,"Lanús, Provincia de Buenos Aires",446,Lanus,0,1,1,133,Vasco DA Gama,0,0,0
1882,11,CONMEBOL Sudamericana,2025,Group Stage - 5,1362169,2025-05-14T00:30:00+00:00,1654,Estadio Polideportivo Misael Delgado,Valencia,2827,Puerto Cabello,0,0,0,2554,FBC Melgar,0,1,1
1883,11,CONMEBOL Sudamericana,2025,Group Stage - 5,1362156,2025-05-15T22:00:00+00:00,7131,Estadio Libertadores de América,"Avellaneda, Provincia de Buenos Aires",453,Independiente,1,0,1,1174,Club Guarani,0,0,0
1884,11,CONMEBOL Sudamericana,2025,Group Stage - 5,1362159,2025-05-15T00:30:00+00:00,1624,Estadio Centenario,Montevideo,2369,Cerro Largo,0,0,0,136,Vitoria,0,1,1
1885,11,CONMEBOL Sudamericana,2025,Group Stage - 5,1362160,2025-05-15T02:00:00+00:00,368,Estadio Olímpico Pascual Guerrero,Santiago de Cali,1138,America de Cali,0,0,0,445,Huracan,0,0,0
1886,11,CONMEBOL Sudamericana,2025,Group Stage - 5,1362161,2025-05-15T22:00:00+00:00,1624,Estadio Centenario,Montevideo,2359,Racing Montevideo,0,0,0,131,Corinthians,0,1,1
1887,11,CONMEBOL Sudamericana,2025,Group Stage - 5,1362164,2025-05-15T00:30:00+00:00,234,Estádio Governador Magalhães Pinto,"Belo Horizonte, Minas Gerais",135,Cruzeiro,0,2,2,2318,Palestino,1,0,1
1888,11,CONMEBOL Sudamericana,2025,Group Stage - 5,1362167,2025-05-16T02:00:00+00:00,384,Estadio Palogrande,Manizales,1136,Once Caldas,1,1,2,22266,Gualberto Villarroel SJ,0,1,1
1889,11,CONMEBOL Sudamericana,2025,Group Stage - 5,1362170,2025-05-16T00:30:00+00:00,21427,Arena MRV,"Belo Horizonte, Minas Gerais",1062,Atletico-MG,1,2,3,2808,Caracas FC,0,1,1
1890,11,CONMEBOL Sudamericana,2025,Group Stage - 5,1362171,2025-05-16T02:00:00+00:00,1233,Estadio Inca Garcilaso de la Vega,Cusco,2562,Cienciano,3,1,4,2319,Deportes Iquique,0,0,0